handle,field,default content (en),translated content (ar)
motarro-cheque-file,title,Motarro Cheque File — Style 1,ملف تصميم ١ من Motarro — Cheque File
motarro-cheque-file,body_html,"<p>Motarro Cheque File to keep papers flat, sorted and safe.</p><p>Brings quick order to school hand-outs, bills and office documents. From Motarro.</p>",<p>ملف تصميم ١ من Motarro لحفظ الأوراق مرتبة وآمنة.</p><p>نظام سريع لأوراق المدرسة والفواتير ومستندات المكتب.</p>
motarro-elastic-rubber-band,title,Motarro Elastic Rubber Band,أداة مكتبية من Motarro — Elastic Rubber Band
motarro-elastic-rubber-band,body_html,<p>Motarro Elastic Rubber Band — a practical helper for the desk.</p><p>One of those tools you reach for more often than you expect. From Motarro.</p>,<p>أداة مكتبية من Motarro — أداة عملية للمكتب.</p><p>من الأدوات التي ستستخدمها أكثر مما تتوقع.</p>
smart-gel-crayon-6pc-set,title,Y.Plus Smart Gel Crayons — 6 Piece Set,ألوان شمعية من Y.Plus — Smart Gel Crayons — 6 Piece Set
smart-gel-crayon-6pc-set,body_html,"<p>Y.Plus Smart Gel Crayons — 6 Piece Set — bold, easy-grip colour for little hands.</p><p>Ideal for toddlers and young artists at home or nursery. From Y.Plus.</p>",<p>ألوان شمعية من Y.Plus — ألوان جريئة بقبضة سهلة للأيدي الصغيرة.</p><p>مثالية للصغار في البيت أو الحضانة.</p>
elephant-18-col-pen,title,Y.Plus Elephant Colour Pens — 18 Colours,أقلام تلوين خشبية ١٨ لونًا من Y.Plus
elephant-18-col-pen,body_html,"<p>Y.Plus Elephant Colour Pens — 18 Colours for smooth, vivid colouring.</p><p>A solid choice for school bags and home art corners — easy to sharpen and comfortable to hold. From Y.Plus.</p>",<p>أقلام تلوين خشبية ١٨ لونًا من Y.Plus لتلوين ناعم بألوان زاهية.</p><p>خيار ممتاز لحقيبة المدرسة وركن الرسم في البيت.</p>
smart-normal-color-color-pencil-24pcs-set,title,Y.Plus Smart Colour Pencils — 24 Pieces,أقلام تلوين خشبية ٢٤ قطعة من Y.Plus
smart-normal-color-color-pencil-24pcs-set,body_html,"<p>Y.Plus Smart Colour Pencils — 24 Pieces for smooth, vivid colouring.</p><p>A solid choice for school bags and home art corners — easy to sharpen and comfortable to hold. From Y.Plus.</p>",<p>أقلام تلوين خشبية ٢٤ قطعة من Y.Plus لتلوين ناعم بألوان زاهية.</p><p>خيار ممتاز لحقيبة المدرسة وركن الرسم في البيت.</p>
eraser-pen,title,Y.Plus Eraser Pen — Classic,ممحاة من Y.Plus — Eraser Pen — Classic
eraser-pen,body_html,<p>Y.Plus Eraser Pen — Classic that rubs out cleanly without tearing the page.</p><p>One of those small things every pencil case needs. From Y.Plus.</p>,<p>ممحاة من Y.Plus يمسح بنظافة دون إتلاف الورقة.</p><p>من الأشياء الصغيرة التي تحتاجها كل مقلمة.</p>
smart-hb-pencil-12pc-triangular,title,Y.Plus Smart HB Pencils — 12 Triangular,قلم رصاص من Y.Plus — Smart HB Pencils — 12 Triangular
smart-hb-pencil-12pc-triangular,body_html,<p>Y.Plus Smart HB Pencils — 12 Triangular for writing and sketching.</p><p>A classroom essential that sharpens cleanly and writes smoothly. From Y.Plus.</p>,<p>قلم رصاص من Y.Plus للكتابة والرسم.</p><p>أساسي في كل مقلمة — يُبرى بسهولة ويكتب بسلاسة.</p>
croc-pencil-sharpner,title,Y.Plus Croc Pencil Sharpener,براية من Y.Plus
croc-pencil-sharpner,body_html,"<p>Y.Plus Croc Pencil Sharpener for a clean, even point every time.</p><p>Compact enough for any pencil case. From Y.Plus.</p>",<p>براية من Y.Plus لسنّ نظيف ومتساوٍ في كل مرة.</p><p>حجم صغير يناسب أي مقلمة.</p>
croc-eraser,title,Y.Plus Croc Eraser,ممحاة من Y.Plus — Croc Eraser
croc-eraser,body_html,<p>Y.Plus Croc Eraser that rubs out cleanly without tearing the page.</p><p>One of those small things every pencil case needs. From Y.Plus.</p>,<p>ممحاة من Y.Plus يمسح بنظافة دون إتلاف الورقة.</p><p>من الأشياء الصغيرة التي تحتاجها كل مقلمة.</p>
small-eraser-line-jar,title,Y.Plus Small Erasers — Line Jar,ممحاة من Y.Plus — Small Erasers — Line Jar
small-eraser-line-jar,body_html,<p>Y.Plus Small Erasers — Line Jar that rubs out cleanly without tearing the page.</p><p>One of those small things every pencil case needs. From Y.Plus.</p>,<p>ممحاة من Y.Plus يمسح بنظافة دون إتلاف الورقة.</p><p>من الأشياء الصغيرة التي تحتاجها كل مقلمة.</p>
star-col-pencil-12pc,title,Y.Plus Star Colour Pencils — 12 Pieces,أقلام تلوين خشبية ١٢ قطعة من Y.Plus — Star Colour Pencils — 12 Pieces
star-col-pencil-12pc,body_html,"<p>Y.Plus Star Colour Pencils — 12 Pieces for smooth, vivid colouring.</p><p>A solid choice for school bags and home art corners — easy to sharpen and comfortable to hold. From Y.Plus.</p>",<p>أقلام تلوين خشبية ١٢ قطعة من Y.Plus لتلوين ناعم بألوان زاهية.</p><p>خيار ممتاز لحقيبة المدرسة وركن الرسم في البيت.</p>
smart-hb-pencil,title,Y.Plus Smart HB Pencil,قلم رصاص من Y.Plus — Smart HB Pencil
smart-hb-pencil,body_html,<p>Y.Plus Smart HB Pencil for writing and sketching.</p><p>A classroom essential that sharpens cleanly and writes smoothly. From Y.Plus.</p>,<p>قلم رصاص من Y.Plus للكتابة والرسم.</p><p>أساسي في كل مقلمة — يُبرى بسهولة ويكتب بسلاسة.</p>
monster-family-sticky-note,title,Monster Family Sticky Note,ملاحظات لاصقة من Y.Plus
monster-family-sticky-note,body_html,"<p>Monster Family Sticky Note for quick reminders, page markers and desk notes that peel off cleanly.</p><p>Handy for students and office desks alike — stick them on books, screens and planners. From Y.Plus.</p>",<p>ملاحظات لاصقة من Y.Plus للملاحظات السريعة وتعليم الصفحات، تُنزع بسهولة دون أثر.</p><p>عملية للطلاب وعلى مكاتب العمل — على الكتب والشاشات والمخططات.</p>
elephant-6-col-pen,title,Y.Plus Elephant Colour Pens — 6 Colours,أقلام تلوين خشبية ٦ لونًا من Y.Plus
elephant-6-col-pen,body_html,"<p>Y.Plus Elephant Colour Pens — 6 Colours for smooth, vivid colouring.</p><p>A solid choice for school bags and home art corners — easy to sharpen and comfortable to hold. From Y.Plus.</p>",<p>أقلام تلوين خشبية ٦ لونًا من Y.Plus لتلوين ناعم بألوان زاهية.</p><p>خيار ممتاز لحقيبة المدرسة وركن الرسم في البيت.</p>
easycut-scissors-130mm,title,Y.Plus EasyCut Scissors — 130 mm,مقص ١٣٠ مم من Y.Plus
easycut-scissors-130mm,body_html,"<p>Y.Plus EasyCut Scissors — 130 mm that cut cleanly and feel comfortable in hand.</p><p>Suits paper craft, school projects and everyday desk jobs. From Y.Plus.</p>",<p>مقص ١٣٠ مم من Y.Plus يقص بدقة وبقبضة مريحة.</p><p>يناسب أعمال الورق والمشاريع المدرسية ومهام المكتب اليومية.</p>
smart-color-pencil-12pcs,title,Y.Plus Smart Colour Pencils — 12 Pieces,أقلام تلوين خشبية ١٢ قطعة من Y.Plus — Smart Colour Pencils — 12 Pieces
smart-color-pencil-12pcs,body_html,"<p>Y.Plus Smart Colour Pencils — 12 Pieces for smooth, vivid colouring.</p><p>A solid choice for school bags and home art corners — easy to sharpen and comfortable to hold. From Y.Plus.</p>",<p>أقلام تلوين خشبية ١٢ قطعة من Y.Plus لتلوين ناعم بألوان زاهية.</p><p>خيار ممتاز لحقيبة المدرسة وركن الرسم في البيت.</p>
white-board-doodle,title,Whiteboard Doodle Set,سبورة بيضاء من Y.Plus
white-board-doodle,body_html,"<p>Whiteboard Doodle Set for writing, wiping and starting again.</p><p>Great for practice, planning and play. From Y.Plus.</p>",<p>سبورة بيضاء من Y.Plus للكتابة والمسح والبدء من جديد.</p><p>رائع للتدريب والتخطيط واللعب.</p>
a4-40-notebook-contact,title,Contact A4 Notebook — 40 Sheets,دفتر مقاس A4 ٤٠ ورقة من Contact
a4-40-notebook-contact,body_html,"<p>Contact A4 Notebook — 40 Sheets for notes, lists and ideas.</p><p>Good paper in a practical format — for school, work or the bedside table. From Contact.</p>",<p>دفتر مقاس A4 ٤٠ ورقة من Contact للملاحظات والقوائم والأفكار.</p><p>ورق جيد بحجم عملي — للمدرسة أو العمل أو بجانب السرير.</p>
a4-clear-folder-14mic,title,Flamingo A4 Clear Folder — 14 Micron,ملف مقاس A4 من Flamingo
a4-clear-folder-14mic,body_html,"<p>Flamingo A4 Clear Folder — 14 Micron to keep papers flat, sorted and safe.</p><p>Brings quick order to school hand-outs, bills and office documents. From Flamingo.</p>",<p>ملف مقاس A4 من Flamingo لحفظ الأوراق مرتبة وآمنة.</p><p>نظام سريع لأوراق المدرسة والفواتير ومستندات المكتب.</p>
peanut-crayons-24-colour,title,Y.Plus Peanut Crayons — 24 Colours,ألوان شمعية ٢٤ لونًا من Y.Plus
peanut-crayons-24-colour,body_html,"<p>Y.Plus Peanut Crayons — 24 Colours — bold, easy-grip colour for little hands.</p><p>Ideal for toddlers and young artists at home or nursery. From Y.Plus.</p>",<p>ألوان شمعية ٢٤ لونًا من Y.Plus — ألوان جريئة بقبضة سهلة للأيدي الصغيرة.</p><p>مثالية للصغار في البيت أو الحضانة.</p>
glue-stick-15gm,title,Flamingo Glue Stick — 15 g,صمغ ١٥ غم من Flamingo
glue-stick-15gm,body_html,"<p>Flamingo Glue Stick — 15 g that sticks paper and card cleanly.</p><p>A school-bag staple for projects, collages and quick fixes. From Flamingo.</p>",<p>صمغ ١٥ غم من Flamingo يلصق الورق والكرتون بنظافة.</p><p>أساسي في حقيبة المدرسة للمشاريع والأشغال اليدوية.</p>
marine-animal-solid-watercolor-paint-set,title,Y.Plus Marine Animal Solid Watercolor Paint Set,ألوان مائية من Y.Plus — Marine Animal Solid Watercolor Paint Set
marine-animal-solid-watercolor-paint-set,body_html,"<p>Y.Plus Marine Animal Solid Watercolor Paint Set for bright, easy painting sessions.</p><p>Suits school projects and weekend art at home — just add water and paper. From Y.Plus.</p>",<p>ألوان مائية من Y.Plus لجلسات رسم مشرقة وسهلة.</p><p>يناسب مشاريع المدرسة وهوايات نهاية الأسبوع — فقط أضف الماء والورق.</p>
eva-zipper-bag,title,Flamingo EVA Zipper Bag,ملف من Flamingo — EVA Zipper Bag
eva-zipper-bag,body_html,"<p>Flamingo EVA Zipper Bag to keep papers flat, sorted and safe.</p><p>Brings quick order to school hand-outs, bills and office documents. From Flamingo.</p>",<p>ملف من Flamingo لحفظ الأوراق مرتبة وآمنة.</p><p>نظام سريع لأوراق المدرسة والفواتير ومستندات المكتب.</p>
spinner-eraser-12pc-box,title,Y.Plus Spinner Erasers — Box of 12,ممحاة من Y.Plus — Spinner Erasers — Box of 12
spinner-eraser-12pc-box,body_html,<p>Y.Plus Spinner Erasers — Box of 12 that rubs out cleanly without tearing the page.</p><p>One of those small things every pencil case needs. From Y.Plus.</p>,<p>ممحاة من Y.Plus يمسح بنظافة دون إتلاف الورقة.</p><p>من الأشياء الصغيرة التي تحتاجها كل مقلمة.</p>
squeaky-clean-wall-coloring-stickers,title,Squeaky Clean Wall Colouring Stickers,ملصقات من Y.Plus
squeaky-clean-wall-coloring-stickers,body_html,"<p>Squeaky Clean Wall Colouring Stickers — a fun sheet of peel-and-stick designs.</p><p>Great for decorating journals, laptops, school books and reward charts. An easy little gift for kids. From Y.Plus.</p>",<p>ملصقات من Y.Plus — ورقة ملصقات ممتعة تُقشر وتُلصق بسهولة.</p><p>لتزيين الدفاتر والأجهزة وكتب المدرسة ولوحات التحفيز. هدية صغيرة تُفرح الأطفال.</p>
button-envelop-2-pocket,title,Flamingo Button Envelope 2 Pocket,ملف من Flamingo — Button Envelope 2 Pocket
button-envelop-2-pocket,body_html,"<p>Flamingo Button Envelope 2 Pocket to keep papers flat, sorted and safe.</p><p>Brings quick order to school hand-outs, bills and office documents. From Flamingo.</p>",<p>ملف من Flamingo لحفظ الأوراق مرتبة وآمنة.</p><p>نظام سريع لأوراق المدرسة والفواتير ومستندات المكتب.</p>
button-envelop,title,Flamingo Button Envelope,ملف من Flamingo — Button Envelope
button-envelop,body_html,"<p>Flamingo Button Envelope to keep papers flat, sorted and safe.</p><p>Brings quick order to school hand-outs, bills and office documents. From Flamingo.</p>",<p>ملف من Flamingo لحفظ الأوراق مرتبة وآمنة.</p><p>نظام سريع لأوراق المدرسة والفواتير ومستندات المكتب.</p>
star-24col-set-w-shr,title,Y.Plus Star Colour Pencils — 24 Colours with Sharpener,براية ٢٤ لونًا من Y.Plus
star-24col-set-w-shr,body_html,"<p>Y.Plus Star Colour Pencils — 24 Colours with Sharpener for a clean, even point every time.</p><p>Compact enough for any pencil case. From Y.Plus.</p>",<p>براية ٢٤ لونًا من Y.Plus لسنّ نظيف ومتساوٍ في كل مرة.</p><p>حجم صغير يناسب أي مقلمة.</p>
elephant-12-super-washable,title,Y.Plus Elephant Super Washable Colour Pens — 12 Colours,أقلام تلوين خشبية ١٢ لونًا من Y.Plus
elephant-12-super-washable,body_html,"<p>Y.Plus Elephant Super Washable Colour Pens — 12 Colours for smooth, vivid colouring.</p><p>A solid choice for school bags and home art corners — easy to sharpen and comfortable to hold. From Y.Plus.</p>",<p>أقلام تلوين خشبية ١٢ لونًا من Y.Plus لتلوين ناعم بألوان زاهية.</p><p>خيار ممتاز لحقيبة المدرسة وركن الرسم في البيت.</p>
peanut-crayons-fine-motor-box,title,Y.Plus Peanut Crayons — Fine Motor Box,ألوان شمعية من Y.Plus — Peanut Crayons — Fine Motor Box
peanut-crayons-fine-motor-box,body_html,"<p>Y.Plus Peanut Crayons — Fine Motor Box — bold, easy-grip colour for little hands.</p><p>Ideal for toddlers and young artists at home or nursery. From Y.Plus.</p>",<p>ألوان شمعية من Y.Plus — ألوان جريئة بقبضة سهلة للأيدي الصغيرة.</p><p>مثالية للصغار في البيت أو الحضانة.</p>
kw-cutting-knife-large,title,KW-triO Cutting Knife — Large,سكين قص من KW-triO
kw-cutting-knife-large,body_html,"<p>KW-triO Cutting Knife — Large for clean, precise cutting.</p><p>Keep one in the drawer for parcels, paper and craft board. Handle with care around children. From KW-triO.</p>",<p>سكين قص من KW-triO لقص دقيق ونظيف.</p><p>أداة عملية للطرود والورق وألواح الكرافت — يُستخدم بحذر بعيدًا عن الأطفال.</p>
display-file-18-pocket,title,Flamingo Display File 18 Pocket,ملف من Flamingo — Display File 18 Pocket
display-file-18-pocket,body_html,"<p>Flamingo Display File 18 Pocket to keep papers flat, sorted and safe.</p><p>Brings quick order to school hand-outs, bills and office documents. From Flamingo.</p>",<p>ملف من Flamingo لحفظ الأوراق مرتبة وآمنة.</p><p>نظام سريع لأوراق المدرسة والفواتير ومستندات المكتب.</p>
zoo-ereaser,title,Y.Plus Zoo Eraser,ممحاة من Y.Plus — Zoo Eraser
zoo-ereaser,body_html,<p>Y.Plus Zoo Eraser that rubs out cleanly without tearing the page.</p><p>One of those small things every pencil case needs. From Y.Plus.</p>,<p>ممحاة من Y.Plus يمسح بنظافة دون إتلاف الورقة.</p><p>من الأشياء الصغيرة التي تحتاجها كل مقلمة.</p>
career-eraser,title,Y.Plus Career Eraser,ممحاة من Y.Plus — Career Eraser
career-eraser,body_html,<p>Y.Plus Career Eraser that rubs out cleanly without tearing the page.</p><p>One of those small things every pencil case needs. From Y.Plus.</p>,<p>ممحاة من Y.Plus يمسح بنظافة دون إتلاف الورقة.</p><p>من الأشياء الصغيرة التي تحتاجها كل مقلمة.</p>
pocket-water-color,title,Y.Plus Pocket Watercolour Set,ألوان مائية من Y.Plus — Pocket Watercolour Set
pocket-water-color,body_html,"<p>Y.Plus Pocket Watercolour Set for bright, easy painting sessions.</p><p>Suits school projects and weekend art at home — just add water and paper. From Y.Plus.</p>",<p>ألوان مائية من Y.Plus لجلسات رسم مشرقة وسهلة.</p><p>يناسب مشاريع المدرسة وهوايات نهاية الأسبوع — فقط أضف الماء والورق.</p>
princess-solid-watercolor-paint-set,title,Y.Plus Princess Solid Watercolor Paint Set,ألوان مائية من Y.Plus — Princess Solid Watercolor Paint Set
princess-solid-watercolor-paint-set,body_html,"<p>Y.Plus Princess Solid Watercolor Paint Set for bright, easy painting sessions.</p><p>Suits school projects and weekend art at home — just add water and paper. From Y.Plus.</p>",<p>ألوان مائية من Y.Plus لجلسات رسم مشرقة وسهلة.</p><p>يناسب مشاريع المدرسة وهوايات نهاية الأسبوع — فقط أضف الماء والورق.</p>
color-pencil-12in-metal-tube,title,Y.Plus Colour Pencils — 12 in a Metal Tube,أقلام تلوين خشبية من Y.Plus
color-pencil-12in-metal-tube,body_html,"<p>Y.Plus Colour Pencils — 12 in a Metal Tube for smooth, vivid colouring.</p><p>A solid choice for school bags and home art corners — easy to sharpen and comfortable to hold. From Y.Plus.</p>",<p>أقلام تلوين خشبية من Y.Plus لتلوين ناعم بألوان زاهية.</p><p>خيار ممتاز لحقيبة المدرسة وركن الرسم في البيت.</p>
60ml-whiteboard-cleaner,title,Whiteboard Cleaner — 60 ml,سبورة بيضاء ٦٠ مل من Flamingo
60ml-whiteboard-cleaner,body_html,"<p>Whiteboard Cleaner — 60 ml for writing, wiping and starting again.</p><p>Great for practice, planning and play. From Flamingo.</p>",<p>سبورة بيضاء ٦٠ مل من Flamingo للكتابة والمسح والبدء من جديد.</p><p>رائع للتدريب والتخطيط واللعب.</p>
scissors-8-5,title,Flamingo Scissors — 8.5 inch,مقص من Flamingo
scissors-8-5,body_html,"<p>Flamingo Scissors — 8.5 inch that cut cleanly and feel comfortable in hand.</p><p>Suits paper craft, school projects and everyday desk jobs. From Flamingo.</p>",<p>مقص من Flamingo يقص بدقة وبقبضة مريحة.</p><p>يناسب أعمال الورق والمشاريع المدرسية ومهام المكتب اليومية.</p>
eyes-tube,title,Googly Eyes Tube,مستلزمات كرافت من Flamingo
eyes-tube,body_html,"<p>Googly Eyes Tube for craft boxes and school art projects.</p><p>Mix them into collages, models and DIY decorations. From Flamingo.</p>",<p>مستلزمات كرافت من Flamingo لصناديق الكرافت والمشاريع الفنية المدرسية.</p><p>تدخل في الكولاج والمجسمات وأعمال التزيين اليدوية.</p>
kokuyo-a6-80sheets,title,Kokuyo A6 Notebook — 80 Sheets,دفتر مقاس A6 ٨٠ ورقة من Kokuyo
kokuyo-a6-80sheets,body_html,"<p>Kokuyo A6 Notebook — 80 Sheets for notes, lists and ideas.</p><p>Good paper in a practical format — for school, work or the bedside table. From Kokuyo.</p>",<p>دفتر مقاس A6 ٨٠ ورقة من Kokuyo للملاحظات والقوائم والأفكار.</p><p>ورق جيد بحجم عملي — للمدرسة أو العمل أو بجانب السرير.</p>
kokuyo-4mm-grid,title,Kokuyo Notebook — 4 mm Grid,دفتر ٤ مم من Kokuyo
kokuyo-4mm-grid,body_html,"<p>Kokuyo Notebook — 4 mm Grid for notes, lists and ideas.</p><p>Good paper in a practical format — for school, work or the bedside table. From Kokuyo.</p>",<p>دفتر ٤ مم من Kokuyo للملاحظات والقوائم والأفكار.</p><p>ورق جيد بحجم عملي — للمدرسة أو العمل أو بجانب السرير.</p>
campus-notebook,title,Kokuyo Campus Notebook — Style 1,دفتر Campus تصميم ١ من Kokuyo
campus-notebook,body_html,"<p>Kokuyo Campus Notebook for notes, lists and ideas.</p><p>Good paper in a practical format — for school, work or the bedside table. From Kokuyo.</p>",<p>دفتر Campus تصميم ١ من Kokuyo للملاحظات والقوائم والأفكار.</p><p>ورق جيد بحجم عملي — للمدرسة أو العمل أو بجانب السرير.</p>
nekoni-hamster,title,Nekoni Hamster,ملصقات Nekoni — Hamster
nekoni-hamster,body_html,"<p>Nekoni Hamster — a fun sheet of peel-and-stick designs.</p><p>Great for decorating journals, laptops, school books and reward charts. An easy little gift for kids.</p>",<p>ملصقات Nekoni — ورقة ملصقات ممتعة تُقشر وتُلصق بسهولة.</p><p>لتزيين الدفاتر والأجهزة وكتب المدرسة ولوحات التحفيز. هدية صغيرة تُفرح الأطفال.</p>
nekoni-wildlife,title,Nekoni Wildlife,ملصقات Nekoni — Wildlife
nekoni-wildlife,body_html,"<p>Nekoni Wildlife — a fun sheet of peel-and-stick designs.</p><p>Great for decorating journals, laptops, school books and reward charts. An easy little gift for kids.</p>",<p>ملصقات Nekoni — ورقة ملصقات ممتعة تُقشر وتُلصق بسهولة.</p><p>لتزيين الدفاتر والأجهزة وكتب المدرسة ولوحات التحفيز. هدية صغيرة تُفرح الأطفال.</p>
nekoni-sealife,title,Nekoni Sealife,ملصقات Nekoni — Sealife
nekoni-sealife,body_html,"<p>Nekoni Sealife — a fun sheet of peel-and-stick designs.</p><p>Great for decorating journals, laptops, school books and reward charts. An easy little gift for kids.</p>",<p>ملصقات Nekoni — ورقة ملصقات ممتعة تُقشر وتُلصق بسهولة.</p><p>لتزيين الدفاتر والأجهزة وكتب المدرسة ولوحات التحفيز. هدية صغيرة تُفرح الأطفال.</p>
nekoni-cat,title,Nekoni Cat — Style 1,ملصقات Nekoni تصميم ١
nekoni-cat,body_html,"<p>Nekoni Cat — a fun sheet of peel-and-stick designs.</p><p>Great for decorating journals, laptops, school books and reward charts. An easy little gift for kids.</p>",<p>ملصقات Nekoni تصميم ١ — ورقة ملصقات ممتعة تُقشر وتُلصق بسهولة.</p><p>لتزيين الدفاتر والأجهزة وكتب المدرسة ولوحات التحفيز. هدية صغيرة تُفرح الأطفال.</p>
black-cat,title,Black Cat,ملصقات أسود — Cat
black-cat,body_html,"<p>Black Cat — a fun sheet of peel-and-stick designs.</p><p>Great for decorating journals, laptops, school books and reward charts. An easy little gift for kids.</p>",<p>ملصقات أسود — ورقة ملصقات ممتعة تُقشر وتُلصق بسهولة.</p><p>لتزيين الدفاتر والأجهزة وكتب المدرسة ولوحات التحفيز. هدية صغيرة تُفرح الأطفال.</p>
nekoni-black-cat,title,Nekoni Black Cat,ملصقات Nekoni أسود
nekoni-black-cat,body_html,"<p>Nekoni Black Cat — a fun sheet of peel-and-stick designs.</p><p>Great for decorating journals, laptops, school books and reward charts. An easy little gift for kids.</p>",<p>ملصقات Nekoni أسود — ورقة ملصقات ممتعة تُقشر وتُلصق بسهولة.</p><p>لتزيين الدفاتر والأجهزة وكتب المدرسة ولوحات التحفيز. هدية صغيرة تُفرح الأطفال.</p>
nekoni-cat-dog,title,Nekoni Cat & Dog,ملصقات Nekoni — Cat & Dog
nekoni-cat-dog,body_html,"<p>Nekoni Cat & Dog — a fun sheet of peel-and-stick designs.</p><p>Great for decorating journals, laptops, school books and reward charts. An easy little gift for kids.</p>",<p>ملصقات Nekoni — ورقة ملصقات ممتعة تُقشر وتُلصق بسهولة.</p><p>لتزيين الدفاتر والأجهزة وكتب المدرسة ولوحات التحفيز. هدية صغيرة تُفرح الأطفال.</p>
mickey-mouse,title,Mickey Mouse,ملصقات Mickey Mouse
mickey-mouse,body_html,"<p>Mickey Mouse — a fun sheet of peel-and-stick designs.</p><p>Great for decorating journals, laptops, school books and reward charts. An easy little gift for kids.</p>",<p>ملصقات Mickey Mouse — ورقة ملصقات ممتعة تُقشر وتُلصق بسهولة.</p><p>لتزيين الدفاتر والأجهزة وكتب المدرسة ولوحات التحفيز. هدية صغيرة تُفرح الأطفال.</p>
nekoni-lovley-kitty,title,Nekoni Lovely Kitty,ملصقات Nekoni — Lovely Kitty
nekoni-lovley-kitty,body_html,"<p>Nekoni Lovely Kitty — a fun sheet of peel-and-stick designs.</p><p>Great for decorating journals, laptops, school books and reward charts. An easy little gift for kids.</p>",<p>ملصقات Nekoni — ورقة ملصقات ممتعة تُقشر وتُلصق بسهولة.</p><p>لتزيين الدفاتر والأجهزة وكتب المدرسة ولوحات التحفيز. هدية صغيرة تُفرح الأطفال.</p>
moshi-moshi,title,Moshi Moshi Sticker Sheet — Style 1,ملصقات Moshi Moshi تصميم ١
moshi-moshi,body_html,"<p>Moshi Moshi Sticker Sheet — a fun sheet of peel-and-stick designs.</p><p>Great for decorating journals, laptops, school books and reward charts. An easy little gift for kids.</p>",<p>ملصقات Moshi Moshi تصميم ١ — ورقة ملصقات ممتعة تُقشر وتُلصق بسهولة.</p><p>لتزيين الدفاتر والأجهزة وكتب المدرسة ولوحات التحفيز. هدية صغيرة تُفرح الأطفال.</p>
winnie-the-pooh,title,Winnie the Pooh,ملصقات Winnie the Pooh
winnie-the-pooh,body_html,"<p>Winnie the Pooh — a fun sheet of peel-and-stick designs.</p><p>Great for decorating journals, laptops, school books and reward charts. An easy little gift for kids.</p>",<p>ملصقات Winnie the Pooh — ورقة ملصقات ممتعة تُقشر وتُلصق بسهولة.</p><p>لتزيين الدفاتر والأجهزة وكتب المدرسة ولوحات التحفيز. هدية صغيرة تُفرح الأطفال.</p>
winnie-the-pooh-36pcs,title,Winnie the Pooh — 36 Pieces,ملصقات Winnie the Pooh ٣٦ قطعة
winnie-the-pooh-36pcs,body_html,"<p>Winnie the Pooh — 36 Pieces — a fun sheet of peel-and-stick designs.</p><p>Great for decorating journals, laptops, school books and reward charts. An easy little gift for kids.</p>",<p>ملصقات Winnie the Pooh ٣٦ قطعة — ورقة ملصقات ممتعة تُقشر وتُلصق بسهولة.</p><p>لتزيين الدفاتر والأجهزة وكتب المدرسة ولوحات التحفيز. هدية صغيرة تُفرح الأطفال.</p>
mickey-mouse-36pcs,title,Mickey Mouse — 36 Pieces,ملصقات Mickey Mouse ٣٦ قطعة
mickey-mouse-36pcs,body_html,"<p>Mickey Mouse — 36 Pieces — a fun sheet of peel-and-stick designs.</p><p>Great for decorating journals, laptops, school books and reward charts. An easy little gift for kids.</p>",<p>ملصقات Mickey Mouse ٣٦ قطعة — ورقة ملصقات ممتعة تُقشر وتُلصق بسهولة.</p><p>لتزيين الدفاتر والأجهزة وكتب المدرسة ولوحات التحفيز. هدية صغيرة تُفرح الأطفال.</p>
beautiful-life,title,“Beautiful Life” Sticker Sheet,ملصقات — “Beautiful Life” Sticker Sheet
beautiful-life,body_html,"<p>“Beautiful Life” Sticker Sheet — a fun sheet of peel-and-stick designs.</p><p>Great for decorating journals, laptops, school books and reward charts. An easy little gift for kids.</p>",<p>ملصقات — ورقة ملصقات ممتعة تُقشر وتُلصق بسهولة.</p><p>لتزيين الدفاتر والأجهزة وكتب المدرسة ولوحات التحفيز. هدية صغيرة تُفرح الأطفال.</p>
moshi-moshi-2,title,Moshi Moshi Sticker Sheet — Style 2,ملصقات Moshi Moshi تصميم ٢
moshi-moshi-2,body_html,"<p>Moshi Moshi Sticker Sheet — a fun sheet of peel-and-stick designs.</p><p>Great for decorating journals, laptops, school books and reward charts. An easy little gift for kids.</p>",<p>ملصقات Moshi Moshi تصميم ٢ — ورقة ملصقات ممتعة تُقشر وتُلصق بسهولة.</p><p>لتزيين الدفاتر والأجهزة وكتب المدرسة ولوحات التحفيز. هدية صغيرة تُفرح الأطفال.</p>
daily-life-of-cats,title,Daily Life of Cats,ملصقات — Life of Cats
daily-life-of-cats,body_html,"<p>Daily Life of Cats — a fun sheet of peel-and-stick designs.</p><p>Great for decorating journals, laptops, school books and reward charts. An easy little gift for kids.</p>",<p>ملصقات — ورقة ملصقات ممتعة تُقشر وتُلصق بسهولة.</p><p>لتزيين الدفاتر والأجهزة وكتب المدرسة ولوحات التحفيز. هدية صغيرة تُفرح الأطفال.</p>
nekoni-mini,title,Nekoni Mini,ملصقات Nekoni — Mini
nekoni-mini,body_html,"<p>Nekoni Mini — a fun sheet of peel-and-stick designs.</p><p>Great for decorating journals, laptops, school books and reward charts. An easy little gift for kids.</p>",<p>ملصقات Nekoni — ورقة ملصقات ممتعة تُقشر وتُلصق بسهولة.</p><p>لتزيين الدفاتر والأجهزة وكتب المدرسة ولوحات التحفيز. هدية صغيرة تُفرح الأطفال.</p>
the-animal-family,title,The Animal Family,ملصقات — Animal Family
the-animal-family,body_html,"<p>The Animal Family — a fun sheet of peel-and-stick designs.</p><p>Great for decorating journals, laptops, school books and reward charts. An easy little gift for kids.</p>",<p>ملصقات — ورقة ملصقات ممتعة تُقشر وتُلصق بسهولة.</p><p>لتزيين الدفاتر والأجهزة وكتب المدرسة ولوحات التحفيز. هدية صغيرة تُفرح الأطفال.</p>
nekoni-lovley-bunny,title,Nekoni Lovely Bunny,ملصقات Nekoni — Lovely Bunny
nekoni-lovley-bunny,body_html,"<p>Nekoni Lovely Bunny — a fun sheet of peel-and-stick designs.</p><p>Great for decorating journals, laptops, school books and reward charts. An easy little gift for kids.</p>",<p>ملصقات Nekoni — ورقة ملصقات ممتعة تُقشر وتُلصق بسهولة.</p><p>لتزيين الدفاتر والأجهزة وكتب المدرسة ولوحات التحفيز. هدية صغيرة تُفرح الأطفال.</p>
nekoni-lovely-puppy,title,Nekoni Lovely Puppy,ملصقات Nekoni — Lovely Puppy
nekoni-lovely-puppy,body_html,"<p>Nekoni Lovely Puppy — a fun sheet of peel-and-stick designs.</p><p>Great for decorating journals, laptops, school books and reward charts. An easy little gift for kids.</p>",<p>ملصقات Nekoni — ورقة ملصقات ممتعة تُقشر وتُلصق بسهولة.</p><p>لتزيين الدفاتر والأجهزة وكتب المدرسة ولوحات التحفيز. هدية صغيرة تُفرح الأطفال.</p>
gift-scratch-card,title,Gift Scratch Art Card Set,طقم كرافت
gift-scratch-card,body_html,"<p>Gift Scratch Art Card Set — a make-it-yourself craft project.</p><p>Follow along, make something real, and keep it (or gift it).</p>",<p>طقم كرافت — مشروع كرافت تصنعه بنفسك.</p><p>اتبع الخطوات واصنع شيئًا حقيقيًا تحتفظ به أو تهديه.</p>
to-make-each-day-count,title,To Make Each Day Count — Style 1,ملصقات تصميم ١
to-make-each-day-count,body_html,"<p>To Make Each Day Count — a fun sheet of peel-and-stick designs.</p><p>Great for decorating journals, laptops, school books and reward charts. An easy little gift for kids.</p>",<p>ملصقات تصميم ١ — ورقة ملصقات ممتعة تُقشر وتُلصق بسهولة.</p><p>لتزيين الدفاتر والأجهزة وكتب المدرسة ولوحات التحفيز. هدية صغيرة تُفرح الأطفال.</p>
to-make-each-day-count-2,title,To Make Each Day Count — Style 2,ملصقات تصميم ٢
to-make-each-day-count-2,body_html,"<p>To Make Each Day Count — a fun sheet of peel-and-stick designs.</p><p>Great for decorating journals, laptops, school books and reward charts. An easy little gift for kids.</p>",<p>ملصقات تصميم ٢ — ورقة ملصقات ممتعة تُقشر وتُلصق بسهولة.</p><p>لتزيين الدفاتر والأجهزة وكتب المدرسة ولوحات التحفيز. هدية صغيرة تُفرح الأطفال.</p>
to-make-each-day-count-3,title,To Make Each Day Count — Style 3,ملصقات تصميم ٣
to-make-each-day-count-3,body_html,"<p>To Make Each Day Count — a fun sheet of peel-and-stick designs.</p><p>Great for decorating journals, laptops, school books and reward charts. An easy little gift for kids.</p>",<p>ملصقات تصميم ٣ — ورقة ملصقات ممتعة تُقشر وتُلصق بسهولة.</p><p>لتزيين الدفاتر والأجهزة وكتب المدرسة ولوحات التحفيز. هدية صغيرة تُفرح الأطفال.</p>
to-make-each-day-count-4,title,To Make Each Day Count — Style 4,ملصقات تصميم ٤
to-make-each-day-count-4,body_html,"<p>To Make Each Day Count — a fun sheet of peel-and-stick designs.</p><p>Great for decorating journals, laptops, school books and reward charts. An easy little gift for kids.</p>",<p>ملصقات تصميم ٤ — ورقة ملصقات ممتعة تُقشر وتُلصق بسهولة.</p><p>لتزيين الدفاتر والأجهزة وكتب المدرسة ولوحات التحفيز. هدية صغيرة تُفرح الأطفال.</p>
to-make-each-day-count-5,title,To Make Each Day Count — Style 5,ملصقات تصميم ٥
to-make-each-day-count-5,body_html,"<p>To Make Each Day Count — a fun sheet of peel-and-stick designs.</p><p>Great for decorating journals, laptops, school books and reward charts. An easy little gift for kids.</p>",<p>ملصقات تصميم ٥ — ورقة ملصقات ممتعة تُقشر وتُلصق بسهولة.</p><p>لتزيين الدفاتر والأجهزة وكتب المدرسة ولوحات التحفيز. هدية صغيرة تُفرح الأطفال.</p>
to-make-each-day-count-6,title,To Make Each Day Count — Style 6,ملصقات تصميم ٦
to-make-each-day-count-6,body_html,"<p>To Make Each Day Count — a fun sheet of peel-and-stick designs.</p><p>Great for decorating journals, laptops, school books and reward charts. An easy little gift for kids.</p>",<p>ملصقات تصميم ٦ — ورقة ملصقات ممتعة تُقشر وتُلصق بسهولة.</p><p>لتزيين الدفاتر والأجهزة وكتب المدرسة ولوحات التحفيز. هدية صغيرة تُفرح الأطفال.</p>
art-smock-green,title,Mideer Art Smock — Green,مريلة رسم أخضر من Mideer
art-smock-green,body_html,<p>Mideer Art Smock — Green to keep clothes clean during painting.</p><p>Lets young artists get properly messy without the laundry drama. From Mideer.</p>,<p>مريلة رسم أخضر من Mideer يحمي الملابس أثناء الرسم.</p><p>دع الصغار يبدعون بحرية دون قلق الغسيل.</p>
finger-painting-tool-set,title,Mideer Finger Painting Tool Set,طقم من Mideer
finger-painting-tool-set,body_html,<p>Mideer Finger Painting Tool Set — a matched set that works together.</p><p>More useful (and better value) than buying the pieces separately. From Mideer.</p>,<p>طقم من Mideer — طقم متكامل تعمل قطعه معًا.</p><p>أكثر فائدة وأفضل قيمة من شراء القطع متفرقة.</p>
finger-paint-6-colors,title,Mideer Finger Paint — 6 Colours,ألوان مائية ٦ لونًا من Mideer
finger-paint-6-colors,body_html,"<p>Mideer Finger Paint — 6 Colours for bright, easy painting sessions.</p><p>Suits school projects and weekend art at home — just add water and paper. From Mideer.</p>",<p>ألوان مائية ٦ لونًا من Mideer لجلسات رسم مشرقة وسهلة.</p><p>يناسب مشاريع المدرسة وهوايات نهاية الأسبوع — فقط أضف الماء والورق.</p>
finger-paint-12-colors,title,Mideer Finger Paint — 12 Colours,ألوان مائية ١٢ لونًا من Mideer
finger-paint-12-colors,body_html,"<p>Mideer Finger Paint — 12 Colours for bright, easy painting sessions.</p><p>Suits school projects and weekend art at home — just add water and paper. From Mideer.</p>",<p>ألوان مائية ١٢ لونًا من Mideer لجلسات رسم مشرقة وسهلة.</p><p>يناسب مشاريع المدرسة وهوايات نهاية الأسبوع — فقط أضف الماء والورق.</p>
finger-paint-8-colors,title,Mideer Finger Paint — 8 Colours,ألوان مائية ٨ لونًا من Mideer
finger-paint-8-colors,body_html,"<p>Mideer Finger Paint — 8 Colours for bright, easy painting sessions.</p><p>Suits school projects and weekend art at home — just add water and paper. From Mideer.</p>",<p>ألوان مائية ٨ لونًا من Mideer لجلسات رسم مشرقة وسهلة.</p><p>يناسب مشاريع المدرسة وهوايات نهاية الأسبوع — فقط أضف الماء والورق.</p>
esy-pencil-grip-6pcs,title,Easy Pencil Grips — 6 Pieces,مساكات أقلام ٦ قطعة
esy-pencil-grip-6pcs,body_html,<p>Easy Pencil Grips — 6 Pieces that slide onto a pencil to guide little fingers.</p><p>A gentle helper for children learning to write comfortably.</p>,<p>مساكات أقلام ٦ قطعة تُركب على القلم لتوجيه الأصابع الصغيرة.</p><p>مساعد لطيف للأطفال في مرحلة تعلم الكتابة.</p>
one-piece-water-color-pen,title,One Piece Watercolour Pen Set,ألوان مائية One Piece
one-piece-water-color-pen,body_html,"<p>One Piece Watercolour Pen Set for bright, easy painting sessions.</p><p>Suits school projects and weekend art at home — just add water and paper.</p>",<p>ألوان مائية One Piece لجلسات رسم مشرقة وسهلة.</p><p>يناسب مشاريع المدرسة وهوايات نهاية الأسبوع — فقط أضف الماء والورق.</p>
lancer-clic,title,Lancer Clic Retractable Ballpoint Pen,قلم
lancer-clic,body_html,"<p>Lancer Clic Retractable Ballpoint Pen for smooth, reliable everyday writing.</p><p>A dependable pick for school, office and signatures alike.</p>",<p>قلم لكتابة يومية سلسة وموثوقة.</p><p>خيار يعتمد عليه في المدرسة والمكتب والتوقيعات.</p>
pure-spirit-pencil-case-set,title,Pure Spirit Pencil Case Set,مقلمة
pure-spirit-pencil-case-set,body_html,"<p>Pure Spirit Pencil Case Set to keep pens, pencils and small tools together.</p><p>Fits neatly in a school bag or on a desk — no more hunting for the sharpener.</p>",<p>مقلمة لتجميع الأقلام والأدوات الصغيرة في مكان واحد.</p><p>يدخل حقيبة المدرسة بسهولة — ولا مزيد من البحث عن البراية.</p>
one-piece-sticky-note,title,One Piece Sticky Notes,ملاحظات لاصقة One Piece
one-piece-sticky-note,body_html,"<p>One Piece Sticky Notes for quick reminders, page markers and desk notes that peel off cleanly.</p><p>Handy for students and office desks alike — stick them on books, screens and planners.</p>",<p>ملاحظات لاصقة One Piece للملاحظات السريعة وتعليم الصفحات، تُنزع بسهولة دون أثر.</p><p>عملية للطلاب وعلى مكاتب العمل — على الكتب والشاشات والمخططات.</p>
pen-thai,title,Character Ballpoint Pen — Style 1,قلم تصميم ١
pen-thai,body_html,"<p>Character Ballpoint Pen for smooth, reliable everyday writing.</p><p>A dependable pick for school, office and signatures alike.</p>",<p>قلم تصميم ١ لكتابة يومية سلسة وموثوقة.</p><p>خيار يعتمد عليه في المدرسة والمكتب والتوقيعات.</p>
erasable-highliter,title,Erasable Highlighter,قلم تمييز
erasable-highliter,body_html,"<p>Erasable Highlighter for marking what matters.</p><p>Bright, quick-drying colour for revision notes, documents and planners.</p>",<p>قلم تمييز لتمييز المهم في ثوانٍ.</p><p>ألوان مشرقة سريعة الجفاف للمراجعة والمستندات.</p>
quantum-writing-with-technology,title,Quantum Ballpoint Pen,قلم من Dha Siamwalla Ltd
quantum-writing-with-technology,body_html,"<p>Quantum Ballpoint Pen for smooth, reliable everyday writing.</p><p>A dependable pick for school, office and signatures alike. From Dha Siamwalla Ltd.</p>",<p>قلم من Dha Siamwalla Ltd لكتابة يومية سلسة وموثوقة.</p><p>خيار يعتمد عليه في المدرسة والمكتب والتوقيعات.</p>
compass-set,title,Geometry Compass Set,فرجار
compass-set,body_html,<p>Geometry Compass Set for geometry class and technical drawing.</p><p>Draws clean circles and arcs — a maths-set must-have.</p>,<p>فرجار لحصص الهندسة والرسم الفني.</p><p>يرسم دوائر وأقواسًا نظيفة — لا غنى عنه في علبة الأدوات.</p>
kirakoko-stickers-pink,title,Kirakoko Stickers Pink,ملصقات وردي
kirakoko-stickers-pink,body_html,"<p>Kirakoko Stickers Pink — a fun sheet of peel-and-stick designs.</p><p>Great for decorating journals, laptops, school books and reward charts. An easy little gift for kids.</p>",<p>ملصقات وردي — ورقة ملصقات ممتعة تُقشر وتُلصق بسهولة.</p><p>لتزيين الدفاتر والأجهزة وكتب المدرسة ولوحات التحفيز. هدية صغيرة تُفرح الأطفال.</p>
kirakoko-stickers-blue,title,Kirakoko Stickers Blue,ملصقات أزرق
kirakoko-stickers-blue,body_html,"<p>Kirakoko Stickers Blue — a fun sheet of peel-and-stick designs.</p><p>Great for decorating journals, laptops, school books and reward charts. An easy little gift for kids.</p>",<p>ملصقات أزرق — ورقة ملصقات ممتعة تُقشر وتُلصق بسهولة.</p><p>لتزيين الدفاتر والأجهزة وكتب المدرسة ولوحات التحفيز. هدية صغيرة تُفرح الأطفال.</p>
nekoni-36pcs,title,Nekoni — 36 Pieces,ملصقات Nekoni ٣٦ قطعة
nekoni-36pcs,body_html,"<p>Nekoni — 36 Pieces — a fun sheet of peel-and-stick designs.</p><p>Great for decorating journals, laptops, school books and reward charts. An easy little gift for kids.</p>",<p>ملصقات Nekoni ٣٦ قطعة — ورقة ملصقات ممتعة تُقشر وتُلصق بسهولة.</p><p>لتزيين الدفاتر والأجهزة وكتب المدرسة ولوحات التحفيز. هدية صغيرة تُفرح الأطفال.</p>
nekoni-cat-2,title,Nekoni Cat — Style 2,ملصقات Nekoni تصميم ٢
nekoni-cat-2,body_html,"<p>Nekoni Cat — a fun sheet of peel-and-stick designs.</p><p>Great for decorating journals, laptops, school books and reward charts. An easy little gift for kids.</p>",<p>ملصقات Nekoni تصميم ٢ — ورقة ملصقات ممتعة تُقشر وتُلصق بسهولة.</p><p>لتزيين الدفاتر والأجهزة وكتب المدرسة ولوحات التحفيز. هدية صغيرة تُفرح الأطفال.</p>
nekoni-penguine,title,Nekoni Penguin,ملصقات Nekoni — Penguin
nekoni-penguine,body_html,"<p>Nekoni Penguin — a fun sheet of peel-and-stick designs.</p><p>Great for decorating journals, laptops, school books and reward charts. An easy little gift for kids.</p>",<p>ملصقات Nekoni — ورقة ملصقات ممتعة تُقشر وتُلصق بسهولة.</p><p>لتزيين الدفاتر والأجهزة وكتب المدرسة ولوحات التحفيز. هدية صغيرة تُفرح الأطفال.</p>
abc-cat-company,title,ABC Cat Company,ملصقات — Cat Company
abc-cat-company,body_html,"<p>ABC Cat Company — a fun sheet of peel-and-stick designs.</p><p>Great for decorating journals, laptops, school books and reward charts. An easy little gift for kids.</p>",<p>ملصقات — ورقة ملصقات ممتعة تُقشر وتُلصق بسهولة.</p><p>لتزيين الدفاتر والأجهزة وكتب المدرسة ولوحات التحفيز. هدية صغيرة تُفرح الأطفال.</p>
abc-autumn-letters,title,ABC Autumn Letters,ملصقات — Autumn Letters
abc-autumn-letters,body_html,"<p>ABC Autumn Letters — a fun sheet of peel-and-stick designs.</p><p>Great for decorating journals, laptops, school books and reward charts. An easy little gift for kids.</p>",<p>ملصقات — ورقة ملصقات ممتعة تُقشر وتُلصق بسهولة.</p><p>لتزيين الدفاتر والأجهزة وكتب المدرسة ولوحات التحفيز. هدية صغيرة تُفرح الأطفال.</p>
abc-letters-on-black,title,ABC Letters on Black,ملصقات أسود — Letters on Black
abc-letters-on-black,body_html,"<p>ABC Letters on Black — a fun sheet of peel-and-stick designs.</p><p>Great for decorating journals, laptops, school books and reward charts. An easy little gift for kids.</p>",<p>ملصقات أسود — ورقة ملصقات ممتعة تُقشر وتُلصق بسهولة.</p><p>لتزيين الدفاتر والأجهزة وكتب المدرسة ولوحات التحفيز. هدية صغيرة تُفرح الأطفال.</p>
abc-sketchy-letters,title,ABC Sketchy Letters,ملصقات — Sketchy Letters
abc-sketchy-letters,body_html,"<p>ABC Sketchy Letters — a fun sheet of peel-and-stick designs.</p><p>Great for decorating journals, laptops, school books and reward charts. An easy little gift for kids.</p>",<p>ملصقات — ورقة ملصقات ممتعة تُقشر وتُلصق بسهولة.</p><p>لتزيين الدفاتر والأجهزة وكتب المدرسة ولوحات التحفيز. هدية صغيرة تُفرح الأطفال.</p>
abc-vivid,title,ABC Vivid,ملصقات — Vivid
abc-vivid,body_html,"<p>ABC Vivid — a fun sheet of peel-and-stick designs.</p><p>Great for decorating journals, laptops, school books and reward charts. An easy little gift for kids.</p>",<p>ملصقات — ورقة ملصقات ممتعة تُقشر وتُلصق بسهولة.</p><p>لتزيين الدفاتر والأجهزة وكتب المدرسة ولوحات التحفيز. هدية صغيرة تُفرح الأطفال.</p>
all-write,title,“All Write” Sticker Sheet,ملصقات — “All Write” Sticker Sheet
all-write,body_html,"<p>“All Write” Sticker Sheet — a fun sheet of peel-and-stick designs.</p><p>Great for decorating journals, laptops, school books and reward charts. An easy little gift for kids.</p>",<p>ملصقات — ورقة ملصقات ممتعة تُقشر وتُلصق بسهولة.</p><p>لتزيين الدفاتر والأجهزة وكتب المدرسة ولوحات التحفيز. هدية صغيرة تُفرح الأطفال.</p>
outer-space,title,Outer Space,ملصقات — Space
outer-space,body_html,"<p>Outer Space — a fun sheet of peel-and-stick designs.</p><p>Great for decorating journals, laptops, school books and reward charts. An easy little gift for kids.</p>",<p>ملصقات — ورقة ملصقات ممتعة تُقشر وتُلصق بسهولة.</p><p>لتزيين الدفاتر والأجهزة وكتب المدرسة ولوحات التحفيز. هدية صغيرة تُفرح الأطفال.</p>
bakery,title,Bakery,ملصقات — Bakery
bakery,body_html,"<p>Bakery — a fun sheet of peel-and-stick designs.</p><p>Great for decorating journals, laptops, school books and reward charts. An easy little gift for kids.</p>",<p>ملصقات — ورقة ملصقات ممتعة تُقشر وتُلصق بسهولة.</p><p>لتزيين الدفاتر والأجهزة وكتب المدرسة ولوحات التحفيز. هدية صغيرة تُفرح الأطفال.</p>
panda,title,Panda,ملصقات — Panda
panda,body_html,"<p>Panda — a fun sheet of peel-and-stick designs.</p><p>Great for decorating journals, laptops, school books and reward charts. An easy little gift for kids.</p>",<p>ملصقات — ورقة ملصقات ممتعة تُقشر وتُلصق بسهولة.</p><p>لتزيين الدفاتر والأجهزة وكتب المدرسة ولوحات التحفيز. هدية صغيرة تُفرح الأطفال.</p>
nekoni-pole,title,Nekoni Pole,ملصقات Nekoni — Pole
nekoni-pole,body_html,"<p>Nekoni Pole — a fun sheet of peel-and-stick designs.</p><p>Great for decorating journals, laptops, school books and reward charts. An easy little gift for kids.</p>",<p>ملصقات Nekoni — ورقة ملصقات ممتعة تُقشر وتُلصق بسهولة.</p><p>لتزيين الدفاتر والأجهزة وكتب المدرسة ولوحات التحفيز. هدية صغيرة تُفرح الأطفال.</p>
nekoni-cute,title,Nekoni Cute,ملصقات Nekoni — Cute
nekoni-cute,body_html,"<p>Nekoni Cute — a fun sheet of peel-and-stick designs.</p><p>Great for decorating journals, laptops, school books and reward charts. An easy little gift for kids.</p>",<p>ملصقات Nekoni — ورقة ملصقات ممتعة تُقشر وتُلصق بسهولة.</p><p>لتزيين الدفاتر والأجهزة وكتب المدرسة ولوحات التحفيز. هدية صغيرة تُفرح الأطفال.</p>
ghost-pop-out,title,Ghost Pop Out,ملصقات — Pop Out
ghost-pop-out,body_html,"<p>Ghost Pop Out — a fun sheet of peel-and-stick designs.</p><p>Great for decorating journals, laptops, school books and reward charts. An easy little gift for kids.</p>",<p>ملصقات — ورقة ملصقات ممتعة تُقشر وتُلصق بسهولة.</p><p>لتزيين الدفاتر والأجهزة وكتب المدرسة ولوحات التحفيز. هدية صغيرة تُفرح الأطفال.</p>
neon-stickers,title,Neon Stickers,ملصقات نيون
neon-stickers,body_html,"<p>Neon Stickers — a fun sheet of peel-and-stick designs.</p><p>Great for decorating journals, laptops, school books and reward charts. An easy little gift for kids.</p>",<p>ملصقات نيون — ورقة ملصقات ممتعة تُقشر وتُلصق بسهولة.</p><p>لتزيين الدفاتر والأجهزة وكتب المدرسة ولوحات التحفيز. هدية صغيرة تُفرح الأطفال.</p>
abc-funny-day,title,ABC Funny Day,ملصقات — Funny Day
abc-funny-day,body_html,"<p>ABC Funny Day — a fun sheet of peel-and-stick designs.</p><p>Great for decorating journals, laptops, school books and reward charts. An easy little gift for kids.</p>",<p>ملصقات — ورقة ملصقات ممتعة تُقشر وتُلصق بسهولة.</p><p>لتزيين الدفاتر والأجهزة وكتب المدرسة ولوحات التحفيز. هدية صغيرة تُفرح الأطفال.</p>
abc-ready-go,title,ABC Ready Go,ملصقات — Ready Go
abc-ready-go,body_html,"<p>ABC Ready Go — a fun sheet of peel-and-stick designs.</p><p>Great for decorating journals, laptops, school books and reward charts. An easy little gift for kids.</p>",<p>ملصقات — ورقة ملصقات ممتعة تُقشر وتُلصق بسهولة.</p><p>لتزيين الدفاتر والأجهزة وكتب المدرسة ولوحات التحفيز. هدية صغيرة تُفرح الأطفال.</p>
abc-have-a-nice-day,title,ABC Have a Nice Day,ملصقات — Have a Nice Day
abc-have-a-nice-day,body_html,"<p>ABC Have a Nice Day — a fun sheet of peel-and-stick designs.</p><p>Great for decorating journals, laptops, school books and reward charts. An easy little gift for kids.</p>",<p>ملصقات — ورقة ملصقات ممتعة تُقشر وتُلصق بسهولة.</p><p>لتزيين الدفاتر والأجهزة وكتب المدرسة ولوحات التحفيز. هدية صغيرة تُفرح الأطفال.</p>
abc-like-balloon,title,ABC Like Balloon,ملصقات — Like Balloon
abc-like-balloon,body_html,"<p>ABC Like Balloon — a fun sheet of peel-and-stick designs.</p><p>Great for decorating journals, laptops, school books and reward charts. An easy little gift for kids.</p>",<p>ملصقات — ورقة ملصقات ممتعة تُقشر وتُلصق بسهولة.</p><p>لتزيين الدفاتر والأجهزة وكتب المدرسة ولوحات التحفيز. هدية صغيرة تُفرح الأطفال.</p>
one-piece,title,One Piece Character Pen,قلم One Piece
one-piece,body_html,"<p>One Piece Character Pen for smooth, reliable everyday writing.</p><p>A dependable pick for school, office and signatures alike.</p>",<p>قلم One Piece لكتابة يومية سلسة وموثوقة.</p><p>خيار يعتمد عليه في المدرسة والمكتب والتوقيعات.</p>
pen-thai-2,title,Character Ballpoint Pen — Style 2,قلم تصميم ٢
pen-thai-2,body_html,"<p>Character Ballpoint Pen for smooth, reliable everyday writing.</p><p>A dependable pick for school, office and signatures alike.</p>",<p>قلم تصميم ٢ لكتابة يومية سلسة وموثوقة.</p><p>خيار يعتمد عليه في المدرسة والمكتب والتوقيعات.</p>
mini-mon,title,Mini Monster Sticker Sheet,ملصقات — Monster Sticker Sheet
mini-mon,body_html,"<p>Mini Monster Sticker Sheet — a fun sheet of peel-and-stick designs.</p><p>Great for decorating journals, laptops, school books and reward charts. An easy little gift for kids.</p>",<p>ملصقات — ورقة ملصقات ممتعة تُقشر وتُلصق بسهولة.</p><p>لتزيين الدفاتر والأجهزة وكتب المدرسة ولوحات التحفيز. هدية صغيرة تُفرح الأطفال.</p>
pocket-planner,title,Pocket Planner,مخطط
pocket-planner,body_html,"<p>Pocket Planner to plan the day, week or month at a glance.</p><p>Helps students and busy people keep tasks visible and satisfying to tick off.</p>",<p>مخطط لتنظيم اليوم والأسبوع والشهر بنظرة واحدة.</p><p>يساعد الطلاب والمشغولين على إبقاء المهام مرئية — وشطبها ممتع.</p>
sticky-note-a555-02,title,Sticky Notes — Pastel Set,ملاحظات لاصقة — Notes — Pastel Set
sticky-note-a555-02,body_html,"<p>Sticky Notes — Pastel Set for quick reminders, page markers and desk notes that peel off cleanly.</p><p>Handy for students and office desks alike — stick them on books, screens and planners.</p>",<p>ملاحظات لاصقة للملاحظات السريعة وتعليم الصفحات، تُنزع بسهولة دون أثر.</p><p>عملية للطلاب وعلى مكاتب العمل — على الكتب والشاشات والمخططات.</p>
moshi-moshi-gel-pen,title,Moshi Moshi Gel Pen — Style 1,قلم جل Moshi Moshi تصميم ١
moshi-moshi-gel-pen,body_html,"<p>Moshi Moshi Gel Pen — smooth-flowing ink in a comfortable grip.</p><p>A favourite for note-taking, journaling and adding colour to study notes.</p>",<p>قلم جل Moshi Moshi تصميم ١ — حبر انسيابي وقبضة مريحة.</p><p>مفضل لتدوين الملاحظات وتلوين الملخصات الدراسية.</p>
moshi-moshi-gel-pen-2,title,Moshi Moshi Gel Pen — Style 2,قلم جل Moshi Moshi تصميم ٢
moshi-moshi-gel-pen-2,body_html,"<p>Moshi Moshi Gel Pen — smooth-flowing ink in a comfortable grip.</p><p>A favourite for note-taking, journaling and adding colour to study notes.</p>",<p>قلم جل Moshi Moshi تصميم ٢ — حبر انسيابي وقبضة مريحة.</p><p>مفضل لتدوين الملاحظات وتلوين الملخصات الدراسية.</p>
moshi-moshi-gel-pen-3,title,Moshi Moshi Gel Pen — Style 3,قلم جل Moshi Moshi تصميم ٣
moshi-moshi-gel-pen-3,body_html,"<p>Moshi Moshi Gel Pen — smooth-flowing ink in a comfortable grip.</p><p>A favourite for note-taking, journaling and adding colour to study notes.</p>",<p>قلم جل Moshi Moshi تصميم ٣ — حبر انسيابي وقبضة مريحة.</p><p>مفضل لتدوين الملاحظات وتلوين الملخصات الدراسية.</p>
moshi-moshi-gel-pen-4,title,Moshi Moshi Gel Pen — Style 4,قلم جل Moshi Moshi تصميم ٤
moshi-moshi-gel-pen-4,body_html,"<p>Moshi Moshi Gel Pen — smooth-flowing ink in a comfortable grip.</p><p>A favourite for note-taking, journaling and adding colour to study notes.</p>",<p>قلم جل Moshi Moshi تصميم ٤ — حبر انسيابي وقبضة مريحة.</p><p>مفضل لتدوين الملاحظات وتلوين الملخصات الدراسية.</p>
moshi-moshi-gel-pen-5,title,Moshi Moshi Gel Pen — Style 5,قلم جل Moshi Moshi تصميم ٥
moshi-moshi-gel-pen-5,body_html,"<p>Moshi Moshi Gel Pen — smooth-flowing ink in a comfortable grip.</p><p>A favourite for note-taking, journaling and adding colour to study notes.</p>",<p>قلم جل Moshi Moshi تصميم ٥ — حبر انسيابي وقبضة مريحة.</p><p>مفضل لتدوين الملاحظات وتلوين الملخصات الدراسية.</p>
moshi-moshi-gel-pen-6,title,Moshi Moshi Gel Pen — Style 6,قلم جل Moshi Moshi تصميم ٦
moshi-moshi-gel-pen-6,body_html,"<p>Moshi Moshi Gel Pen — smooth-flowing ink in a comfortable grip.</p><p>A favourite for note-taking, journaling and adding colour to study notes.</p>",<p>قلم جل Moshi Moshi تصميم ٦ — حبر انسيابي وقبضة مريحة.</p><p>مفضل لتدوين الملاحظات وتلوين الملخصات الدراسية.</p>
moshi-moshi-gel-pen-7,title,Moshi Moshi Gel Pen — Style 7,قلم جل Moshi Moshi تصميم ٧
moshi-moshi-gel-pen-7,body_html,"<p>Moshi Moshi Gel Pen — smooth-flowing ink in a comfortable grip.</p><p>A favourite for note-taking, journaling and adding colour to study notes.</p>",<p>قلم جل Moshi Moshi تصميم ٧ — حبر انسيابي وقبضة مريحة.</p><p>مفضل لتدوين الملاحظات وتلوين الملخصات الدراسية.</p>
moshi-moshi-gel-pen-8,title,Moshi Moshi Gel Pen — Style 8,قلم جل Moshi Moshi تصميم ٨
moshi-moshi-gel-pen-8,body_html,"<p>Moshi Moshi Gel Pen — smooth-flowing ink in a comfortable grip.</p><p>A favourite for note-taking, journaling and adding colour to study notes.</p>",<p>قلم جل Moshi Moshi تصميم ٨ — حبر انسيابي وقبضة مريحة.</p><p>مفضل لتدوين الملاحظات وتلوين الملخصات الدراسية.</p>
moshi-moshi-gel-pen-9,title,Moshi Moshi Gel Pen — Style 9,قلم جل Moshi Moshi تصميم ٩
moshi-moshi-gel-pen-9,body_html,"<p>Moshi Moshi Gel Pen — smooth-flowing ink in a comfortable grip.</p><p>A favourite for note-taking, journaling and adding colour to study notes.</p>",<p>قلم جل Moshi Moshi تصميم ٩ — حبر انسيابي وقبضة مريحة.</p><p>مفضل لتدوين الملاحظات وتلوين الملخصات الدراسية.</p>
moshi-moshi-gel-pen-10,title,Moshi Moshi Gel Pen — Style 10,قلم جل Moshi Moshi تصميم ١٠
moshi-moshi-gel-pen-10,body_html,"<p>Moshi Moshi Gel Pen — smooth-flowing ink in a comfortable grip.</p><p>A favourite for note-taking, journaling and adding colour to study notes.</p>",<p>قلم جل Moshi Moshi تصميم ١٠ — حبر انسيابي وقبضة مريحة.</p><p>مفضل لتدوين الملاحظات وتلوين الملخصات الدراسية.</p>
moshi-moshi-gel-pen-11,title,Moshi Moshi Gel Pen — Style 11,قلم جل Moshi Moshi تصميم ١١
moshi-moshi-gel-pen-11,body_html,"<p>Moshi Moshi Gel Pen — smooth-flowing ink in a comfortable grip.</p><p>A favourite for note-taking, journaling and adding colour to study notes.</p>",<p>قلم جل Moshi Moshi تصميم ١١ — حبر انسيابي وقبضة مريحة.</p><p>مفضل لتدوين الملاحظات وتلوين الملخصات الدراسية.</p>
motarro-cheque-file-myd075,title,Motarro Cheque File — Style 2,ملف تصميم ٢ من Motarro — Cheque File
motarro-cheque-file-myd075,body_html,"<p>Motarro Cheque File to keep papers flat, sorted and safe.</p><p>Brings quick order to school hand-outs, bills and office documents. From Motarro.</p>",<p>ملف تصميم ٢ من Motarro لحفظ الأوراق مرتبة وآمنة.</p><p>نظام سريع لأوراق المدرسة والفواتير ومستندات المكتب.</p>
motarro-paint-brush-mp154-3,title,Motarro Paint Brush — Style 3,فرشاة رسم تصميم ٣ من Motarro
motarro-paint-brush-mp154-3,body_html,<p>Motarro Paint Brush for painting at school or home.</p><p>Holds colour well and cleans up easily. From Motarro.</p>,<p>فرشاة رسم تصميم ٣ من Motarro للرسم في المدرسة أو البيت.</p><p>تحمل اللون جيدًا وتُنظف بسهولة.</p>
motarro-paint-brush-mp154-5,title,Motarro Paint Brush — Style 5,فرشاة رسم تصميم ٥ من Motarro
motarro-paint-brush-mp154-5,body_html,<p>Motarro Paint Brush for painting at school or home.</p><p>Holds colour well and cleans up easily. From Motarro.</p>,<p>فرشاة رسم تصميم ٥ من Motarro للرسم في المدرسة أو البيت.</p><p>تحمل اللون جيدًا وتُنظف بسهولة.</p>
motarro-craft-beads-me128-8,title,Motarro Craft Beads — Style 8,مستلزمات كرافت تصميم ٨ من Motarro — Craft Beads
motarro-craft-beads-me128-8,body_html,"<p>Motarro Craft Beads for craft boxes and school art projects.</p><p>Mix them into collages, models and DIY decorations. From Motarro.</p>",<p>مستلزمات كرافت تصميم ٨ من Motarro لصناديق الكرافت والمشاريع الفنية المدرسية.</p><p>تدخل في الكولاج والمجسمات وأعمال التزيين اليدوية.</p>
motarro-craft-beads-me128-4,title,Motarro Craft Beads — Style 4,مستلزمات كرافت تصميم ٤ من Motarro — Craft Beads
motarro-craft-beads-me128-4,body_html,"<p>Motarro Craft Beads for craft boxes and school art projects.</p><p>Mix them into collages, models and DIY decorations. From Motarro.</p>",<p>مستلزمات كرافت تصميم ٤ من Motarro لصناديق الكرافت والمشاريع الفنية المدرسية.</p><p>تدخل في الكولاج والمجسمات وأعمال التزيين اليدوية.</p>
motarro-craft-beads-me128-6,title,Motarro Craft Beads — Style 6,مستلزمات كرافت تصميم ٦ من Motarro — Craft Beads
motarro-craft-beads-me128-6,body_html,"<p>Motarro Craft Beads for craft boxes and school art projects.</p><p>Mix them into collages, models and DIY decorations. From Motarro.</p>",<p>مستلزمات كرافت تصميم ٦ من Motarro لصناديق الكرافت والمشاريع الفنية المدرسية.</p><p>تدخل في الكولاج والمجسمات وأعمال التزيين اليدوية.</p>
motarro-steel-ruler-15cm-myd067-15,title,Motarro Steel Ruler — 15 cm,مسطرة ١٥ سم من Motarro
motarro-steel-ruler-15cm-myd067-15,body_html,"<p>Motarro Steel Ruler — 15 cm for accurate measuring and clean lines.</p><p>Made for pencil cases, drawing boards and toolboxes. From Motarro.</p>",<p>مسطرة ١٥ سم من Motarro لقياس دقيق وخطوط نظيفة.</p><p>لأدوات الهندسة والمقلمة وصندوق العدة.</p>
motarro-steel-ruler-30cm-myd067-30,title,Motarro Steel Ruler — 30 cm,مسطرة ٣٠ سم من Motarro
motarro-steel-ruler-30cm-myd067-30,body_html,"<p>Motarro Steel Ruler — 30 cm for accurate measuring and clean lines.</p><p>Made for pencil cases, drawing boards and toolboxes. From Motarro.</p>",<p>مسطرة ٣٠ سم من Motarro لقياس دقيق وخطوط نظيفة.</p><p>لأدوات الهندسة والمقلمة وصندوق العدة.</p>
motarro-pegs-ma001-10,title,Motarro Pegs — Style 10,مستلزمات كرافت تصميم ١٠ من Motarro
motarro-pegs-ma001-10,body_html,"<p>Motarro Pegs for craft boxes and school art projects.</p><p>Mix them into collages, models and DIY decorations. From Motarro.</p>",<p>مستلزمات كرافت تصميم ١٠ من Motarro لصناديق الكرافت والمشاريع الفنية المدرسية.</p><p>تدخل في الكولاج والمجسمات وأعمال التزيين اليدوية.</p>
motarro-pegs-ma001-4,title,Motarro Pegs — Style 4,مستلزمات كرافت تصميم ٤ من Motarro — Pegs
motarro-pegs-ma001-4,body_html,"<p>Motarro Pegs for craft boxes and school art projects.</p><p>Mix them into collages, models and DIY decorations. From Motarro.</p>",<p>مستلزمات كرافت تصميم ٤ من Motarro لصناديق الكرافت والمشاريع الفنية المدرسية.</p><p>تدخل في الكولاج والمجسمات وأعمال التزيين اليدوية.</p>
motarro-pegs-ma001-1,title,Motarro Pegs — Style 1,مستلزمات كرافت تصميم ١ من Motarro — Pegs
motarro-pegs-ma001-1,body_html,"<p>Motarro Pegs for craft boxes and school art projects.</p><p>Mix them into collages, models and DIY decorations. From Motarro.</p>",<p>مستلزمات كرافت تصميم ١ من Motarro لصناديق الكرافت والمشاريع الفنية المدرسية.</p><p>تدخل في الكولاج والمجسمات وأعمال التزيين اليدوية.</p>
motarro-pegs-ma001-8,title,Motarro Pegs — Style 8,مستلزمات كرافت تصميم ٨ من Motarro — Pegs
motarro-pegs-ma001-8,body_html,"<p>Motarro Pegs for craft boxes and school art projects.</p><p>Mix them into collages, models and DIY decorations. From Motarro.</p>",<p>مستلزمات كرافت تصميم ٨ من Motarro لصناديق الكرافت والمشاريع الفنية المدرسية.</p><p>تدخل في الكولاج والمجسمات وأعمال التزيين اليدوية.</p>
motarro-eva-zipper-bag-mq057-4,title,Motarro EVA Zipper Bag — Style 4,ملف تصميم ٤ من Motarro
motarro-eva-zipper-bag-mq057-4,body_html,"<p>Motarro EVA Zipper Bag to keep papers flat, sorted and safe.</p><p>Brings quick order to school hand-outs, bills and office documents. From Motarro.</p>",<p>ملف تصميم ٤ من Motarro لحفظ الأوراق مرتبة وآمنة.</p><p>نظام سريع لأوراق المدرسة والفواتير ومستندات المكتب.</p>
motarro-eva-zipper-bag-mq057-7,title,Motarro EVA Zipper Bag — Style 7,ملف تصميم ٧ من Motarro
motarro-eva-zipper-bag-mq057-7,body_html,"<p>Motarro EVA Zipper Bag to keep papers flat, sorted and safe.</p><p>Brings quick order to school hand-outs, bills and office documents. From Motarro.</p>",<p>ملف تصميم ٧ من Motarro لحفظ الأوراق مرتبة وآمنة.</p><p>نظام سريع لأوراق المدرسة والفواتير ومستندات المكتب.</p>
motarro-eva-zipper-bag-mq057-3,title,Motarro EVA Zipper Bag — Style 3,ملف تصميم ٣ من Motarro
motarro-eva-zipper-bag-mq057-3,body_html,"<p>Motarro EVA Zipper Bag to keep papers flat, sorted and safe.</p><p>Brings quick order to school hand-outs, bills and office documents. From Motarro.</p>",<p>ملف تصميم ٣ من Motarro لحفظ الأوراق مرتبة وآمنة.</p><p>نظام سريع لأوراق المدرسة والفواتير ومستندات المكتب.</p>
motarro-eva-zipper-bag-mq057-6,title,Motarro EVA Zipper Bag — Style 6,ملف تصميم ٦ من Motarro
motarro-eva-zipper-bag-mq057-6,body_html,"<p>Motarro EVA Zipper Bag to keep papers flat, sorted and safe.</p><p>Brings quick order to school hand-outs, bills and office documents. From Motarro.</p>",<p>ملف تصميم ٦ من Motarro لحفظ الأوراق مرتبة وآمنة.</p><p>نظام سريع لأوراق المدرسة والفواتير ومستندات المكتب.</p>
motarro-eva-zipper-bag-mq057-2,title,Motarro EVA Zipper Bag — Style 2,ملف تصميم ٢ من Motarro — EVA Zipper Bag
motarro-eva-zipper-bag-mq057-2,body_html,"<p>Motarro EVA Zipper Bag to keep papers flat, sorted and safe.</p><p>Brings quick order to school hand-outs, bills and office documents. From Motarro.</p>",<p>ملف تصميم ٢ من Motarro لحفظ الأوراق مرتبة وآمنة.</p><p>نظام سريع لأوراق المدرسة والفواتير ومستندات المكتب.</p>
motarro-clay-tools-mp147,title,Motarro Clay Tools — Style 1,صلصال تصميم ١ من Motarro
motarro-clay-tools-mp147,body_html,"<p>Motarro Clay Tools — soft, colourful and easy to shape.</p><p>Hours of screen-free making for kids; air-dries into keepable little creations. From Motarro.</p>",<p>صلصال تصميم ١ من Motarro — طري وملون وسهل التشكيل.</p><p>ساعات من اللعب الإبداعي بعيدًا عن الشاشات، ويجف ليتحول إلى مجسمات تُحفظ.</p>
motarro-pompom-me290-1,title,Motarro Pompom — Style 1,مستلزمات كرافت تصميم ١ من Motarro — Pompom
motarro-pompom-me290-1,body_html,"<p>Motarro Pompom for craft boxes and school art projects.</p><p>Mix them into collages, models and DIY decorations. From Motarro.</p>",<p>مستلزمات كرافت تصميم ١ من Motarro لصناديق الكرافت والمشاريع الفنية المدرسية.</p><p>تدخل في الكولاج والمجسمات وأعمال التزيين اليدوية.</p>
motarro-pompom-me291-1,title,Motarro Pompom — Style 1 (2),مستلزمات كرافت تصميم ١ من Motarro — Pompom (2)
motarro-pompom-me291-1,body_html,"<p>Motarro Pompom for craft boxes and school art projects.</p><p>Mix them into collages, models and DIY decorations. From Motarro.</p>",<p>مستلزمات كرافت تصميم ١ من Motarro لصناديق الكرافت والمشاريع الفنية المدرسية.</p><p>تدخل في الكولاج والمجسمات وأعمال التزيين اليدوية.</p>
motarro-pompom-me290-3,title,Motarro Pompom — Style 3,مستلزمات كرافت تصميم ٣ من Motarro — Pompom
motarro-pompom-me290-3,body_html,"<p>Motarro Pompom for craft boxes and school art projects.</p><p>Mix them into collages, models and DIY decorations. From Motarro.</p>",<p>مستلزمات كرافت تصميم ٣ من Motarro لصناديق الكرافت والمشاريع الفنية المدرسية.</p><p>تدخل في الكولاج والمجسمات وأعمال التزيين اليدوية.</p>
motarro-pompom-me290-6,title,Motarro Pompom — Style 6,مستلزمات كرافت تصميم ٦ من Motarro — Pompom
motarro-pompom-me290-6,body_html,"<p>Motarro Pompom for craft boxes and school art projects.</p><p>Mix them into collages, models and DIY decorations. From Motarro.</p>",<p>مستلزمات كرافت تصميم ٦ من Motarro لصناديق الكرافت والمشاريع الفنية المدرسية.</p><p>تدخل في الكولاج والمجسمات وأعمال التزيين اليدوية.</p>
motarro-polystyrene-ball-me001-45,title,Motarro Polystyrene Craft Balls,مستلزمات كرافت من Motarro — Polystyrene Craft Balls
motarro-polystyrene-ball-me001-45,body_html,"<p>Motarro Polystyrene Craft Balls for craft boxes and school art projects.</p><p>Mix them into collages, models and DIY decorations. From Motarro.</p>",<p>مستلزمات كرافت من Motarro لصناديق الكرافت والمشاريع الفنية المدرسية.</p><p>تدخل في الكولاج والمجسمات وأعمال التزيين اليدوية.</p>
motarro-polystyrene-star-me002-20,title,Motarro Polystyrene Craft Stars,مستلزمات كرافت من Motarro — Polystyrene Craft Stars
motarro-polystyrene-star-me002-20,body_html,"<p>Motarro Polystyrene Craft Stars for craft boxes and school art projects.</p><p>Mix them into collages, models and DIY decorations. From Motarro.</p>",<p>مستلزمات كرافت من Motarro لصناديق الكرافت والمشاريع الفنية المدرسية.</p><p>تدخل في الكولاج والمجسمات وأعمال التزيين اليدوية.</p>
motarro-flash-card-mathemetical-mu146-1,title,Motarro Flash Card Mathematical — Style 1,بطاقات تعليمية تصميم ١ من Motarro
motarro-flash-card-mathemetical-mu146-1,body_html,<p>Motarro Flash Card Mathematical — picture cards that make early learning feel like play.</p><p>A simple screen-free way for parents and teachers to build vocabulary with young children. From Motarro.</p>,<p>بطاقات تعليمية تصميم ١ من Motarro — بطاقات مصورة تجعل التعلم المبكر أقرب إلى اللعب.</p><p>وسيلة بسيطة بعيدًا عن الشاشات لبناء مفردات الصغار في البيت أو الروضة.</p>
motarro-flash-card-mathemetical-mu146-2,title,Motarro Flash Card Mathematical — Style 2,بطاقات تعليمية تصميم ٢ من Motarro
motarro-flash-card-mathemetical-mu146-2,body_html,<p>Motarro Flash Card Mathematical — picture cards that make early learning feel like play.</p><p>A simple screen-free way for parents and teachers to build vocabulary with young children. From Motarro.</p>,<p>بطاقات تعليمية تصميم ٢ من Motarro — بطاقات مصورة تجعل التعلم المبكر أقرب إلى اللعب.</p><p>وسيلة بسيطة بعيدًا عن الشاشات لبناء مفردات الصغار في البيت أو الروضة.</p>
motarro-flash-card-traffic-mu146-10,title,Motarro Flash Card Traffic,بطاقات تعليمية من Motarro — Flash Card Traffic
motarro-flash-card-traffic-mu146-10,body_html,<p>Motarro Flash Card Traffic — picture cards that make early learning feel like play.</p><p>A simple screen-free way for parents and teachers to build vocabulary with young children. From Motarro.</p>,<p>بطاقات تعليمية من Motarro — بطاقات مصورة تجعل التعلم المبكر أقرب إلى اللعب.</p><p>وسيلة بسيطة بعيدًا عن الشاشات لبناء مفردات الصغار في البيت أو الروضة.</p>
motarro-flash-card-animal-mu146-7,title,Motarro Flash Card Animal,بطاقات تعليمية من Motarro — Flash Card Animal
motarro-flash-card-animal-mu146-7,body_html,<p>Motarro Flash Card Animal — picture cards that make early learning feel like play.</p><p>A simple screen-free way for parents and teachers to build vocabulary with young children. From Motarro.</p>,<p>بطاقات تعليمية من Motarro — بطاقات مصورة تجعل التعلم المبكر أقرب إلى اللعب.</p><p>وسيلة بسيطة بعيدًا عن الشاشات لبناء مفردات الصغار في البيت أو الروضة.</p>
motarro-flash-card-fish-mu146-12,title,Motarro Flash Card Fish,بطاقات تعليمية من Motarro — Flash Card Fish
motarro-flash-card-fish-mu146-12,body_html,<p>Motarro Flash Card Fish — picture cards that make early learning feel like play.</p><p>A simple screen-free way for parents and teachers to build vocabulary with young children. From Motarro.</p>,<p>بطاقات تعليمية من Motarro — بطاقات مصورة تجعل التعلم المبكر أقرب إلى اللعب.</p><p>وسيلة بسيطة بعيدًا عن الشاشات لبناء مفردات الصغار في البيت أو الروضة.</p>
motarro-mini-wooden-me565-1,title,Motarro Mini Wooden Craft Set,مستلزمات كرافت من Motarro — Mini Wooden Craft Set
motarro-mini-wooden-me565-1,body_html,"<p>Motarro Mini Wooden Craft Set for craft boxes and school art projects.</p><p>Mix them into collages, models and DIY decorations. From Motarro.</p>",<p>مستلزمات كرافت من Motarro لصناديق الكرافت والمشاريع الفنية المدرسية.</p><p>تدخل في الكولاج والمجسمات وأعمال التزيين اليدوية.</p>
motarro-scissor-mi019-19,title,Motarro Craft Scissors,مقص من Motarro
motarro-scissor-mi019-19,body_html,"<p>Motarro Craft Scissors that cut cleanly and feel comfortable in hand.</p><p>Suits paper craft, school projects and everyday desk jobs. From Motarro.</p>",<p>مقص من Motarro يقص بدقة وبقبضة مريحة.</p><p>يناسب أعمال الورق والمشاريع المدرسية ومهام المكتب اليومية.</p>
motarro-sticky-notes-mu046-1,title,Motarro Sticky Notes — Style 1,ملاحظات لاصقة تصميم ١ من Motarro
motarro-sticky-notes-mu046-1,body_html,"<p>Motarro Sticky Notes for quick reminders, page markers and desk notes that peel off cleanly.</p><p>Handy for students and office desks alike — stick them on books, screens and planners. From Motarro.</p>",<p>ملاحظات لاصقة تصميم ١ من Motarro للملاحظات السريعة وتعليم الصفحات، تُنزع بسهولة دون أثر.</p><p>عملية للطلاب وعلى مكاتب العمل — على الكتب والشاشات والمخططات.</p>
motarro-sticky-notes-mu046-3,title,Motarro Sticky Notes — Style 3,ملاحظات لاصقة تصميم ٣ من Motarro
motarro-sticky-notes-mu046-3,body_html,"<p>Motarro Sticky Notes for quick reminders, page markers and desk notes that peel off cleanly.</p><p>Handy for students and office desks alike — stick them on books, screens and planners. From Motarro.</p>",<p>ملاحظات لاصقة تصميم ٣ من Motarro للملاحظات السريعة وتعليم الصفحات، تُنزع بسهولة دون أثر.</p><p>عملية للطلاب وعلى مكاتب العمل — على الكتب والشاشات والمخططات.</p>
motarro-education-card-mu171-3,title,Motarro Education Card — Style 3,بطاقات تعليمية تصميم ٣ من Motarro
motarro-education-card-mu171-3,body_html,<p>Motarro Education Card — picture cards that make early learning feel like play.</p><p>A simple screen-free way for parents and teachers to build vocabulary with young children. From Motarro.</p>,<p>بطاقات تعليمية تصميم ٣ من Motarro — بطاقات مصورة تجعل التعلم المبكر أقرب إلى اللعب.</p><p>وسيلة بسيطة بعيدًا عن الشاشات لبناء مفردات الصغار في البيت أو الروضة.</p>
motarro-education-card-mu171-4,title,Motarro Education Card — Style 4,بطاقات تعليمية تصميم ٤ من Motarro
motarro-education-card-mu171-4,body_html,<p>Motarro Education Card — picture cards that make early learning feel like play.</p><p>A simple screen-free way for parents and teachers to build vocabulary with young children. From Motarro.</p>,<p>بطاقات تعليمية تصميم ٤ من Motarro — بطاقات مصورة تجعل التعلم المبكر أقرب إلى اللعب.</p><p>وسيلة بسيطة بعيدًا عن الشاشات لبناء مفردات الصغار في البيت أو الروضة.</p>
motarro-painting-toys-myd287-1,title,Motarro Painting Toys — Style 1,مستلزمات كرافت تصميم ١ من Motarro — Painting Toys
motarro-painting-toys-myd287-1,body_html,"<p>Motarro Painting Toys for craft boxes and school art projects.</p><p>Mix them into collages, models and DIY decorations. From Motarro.</p>",<p>مستلزمات كرافت تصميم ١ من Motarro لصناديق الكرافت والمشاريع الفنية المدرسية.</p><p>تدخل في الكولاج والمجسمات وأعمال التزيين اليدوية.</p>
motarro-painting-toys-myd287-2,title,Motarro Painting Toys — Style 2,مستلزمات كرافت تصميم ٢ من Motarro — Painting Toys
motarro-painting-toys-myd287-2,body_html,"<p>Motarro Painting Toys for craft boxes and school art projects.</p><p>Mix them into collages, models and DIY decorations. From Motarro.</p>",<p>مستلزمات كرافت تصميم ٢ من Motarro لصناديق الكرافت والمشاريع الفنية المدرسية.</p><p>تدخل في الكولاج والمجسمات وأعمال التزيين اليدوية.</p>
motarro-pencil-pouch-mx014,title,Motarro Pencil Pouch,مقلمة من Motarro
motarro-pencil-pouch-mx014,body_html,"<p>Motarro Pencil Pouch to keep pens, pencils and small tools together.</p><p>Fits neatly in a school bag or on a desk — no more hunting for the sharpener. From Motarro.</p>",<p>مقلمة من Motarro لتجميع الأقلام والأدوات الصغيرة في مكان واحد.</p><p>يدخل حقيبة المدرسة بسهولة — ولا مزيد من البحث عن البراية.</p>
motarro-clay-tools-mp216,title,Motarro Clay Tools — Style 2,صلصال تصميم ٢ من Motarro
motarro-clay-tools-mp216,body_html,"<p>Motarro Clay Tools — soft, colourful and easy to shape.</p><p>Hours of screen-free making for kids; air-dries into keepable little creations. From Motarro.</p>",<p>صلصال تصميم ٢ من Motarro — طري وملون وسهل التشكيل.</p><p>ساعات من اللعب الإبداعي بعيدًا عن الشاشات، ويجف ليتحول إلى مجسمات تُحفظ.</p>
motarro-painting-palette-round-mp166-1,title,Motarro Painting Palette Round — Style 1,لوحة ألوان تصميم ١ من Motarro
motarro-painting-palette-round-mp166-1,body_html,"<p>Motarro Painting Palette Round for mixing colours while you paint.</p><p>Easy to hold, easy to rinse. From Motarro.</p>",<p>لوحة ألوان تصميم ١ من Motarro لمزج الألوان أثناء الرسم.</p><p>سهلة الإمساك وسهلة الغسل.</p>
motarro-painting-palette-round-mp166-2,title,Motarro Painting Palette Round — Style 2,لوحة ألوان تصميم ٢ من Motarro
motarro-painting-palette-round-mp166-2,body_html,"<p>Motarro Painting Palette Round for mixing colours while you paint.</p><p>Easy to hold, easy to rinse. From Motarro.</p>",<p>لوحة ألوان تصميم ٢ من Motarro لمزج الألوان أثناء الرسم.</p><p>سهلة الإمساك وسهلة الغسل.</p>
motarro-shaped-punch-me428-1,title,Motarro Craft Shape Punch,أداة مكتبية من Motarro — Craft Shape Punch
motarro-shaped-punch-me428-1,body_html,<p>Motarro Craft Shape Punch — a practical helper for the desk.</p><p>One of those tools you reach for more often than you expect. From Motarro.</p>,<p>أداة مكتبية من Motarro — أداة عملية للمكتب.</p><p>من الأدوات التي ستستخدمها أكثر مما تتوقع.</p>
motarro-transparent-tape-disp-mt012-6,title,Motarro Transparent Tape with Dispenser,شريط لاصق من Motarro
motarro-transparent-tape-disp-mt012-6,body_html,"<p>Motarro Transparent Tape with Dispenser for sticking, sealing and decorating.</p><p>Handy on every desk and in every craft box. From Motarro.</p>",<p>شريط لاصق من Motarro للصق والتغليف والتزيين.</p><p>عملي على كل مكتب وفي كل صندوق كرافت.</p>
motarro-non-sharpening-pencil-lt-13041,title,Motarro Non-Sharpening Pencil — Style 13041,قلم رصاص تصميم ١٣٠٤١ من Motarro
motarro-non-sharpening-pencil-lt-13041,body_html,<p>Motarro Non-Sharpening Pencil for writing and sketching.</p><p>A classroom essential that sharpens cleanly and writes smoothly. From Motarro.</p>,<p>قلم رصاص تصميم ١٣٠٤١ من Motarro للكتابة والرسم.</p><p>أساسي في كل مقلمة — يُبرى بسهولة ويكتب بسلاسة.</p>
motarro-non-sharpening-pencil-lt-1316,title,Motarro Non-Sharpening Pencil — Style 2,قلم رصاص تصميم ٢ من Motarro
motarro-non-sharpening-pencil-lt-1316,body_html,<p>Motarro Non-Sharpening Pencil for writing and sketching.</p><p>A classroom essential that sharpens cleanly and writes smoothly. From Motarro.</p>,<p>قلم رصاص تصميم ٢ من Motarro للكتابة والرسم.</p><p>أساسي في كل مقلمة — يُبرى بسهولة ويكتب بسلاسة.</p>
motarro-steel-ruler-50cm-myd067-50,title,Motarro Steel Ruler — 50 cm,مسطرة ٥٠ سم من Motarro
motarro-steel-ruler-50cm-myd067-50,body_html,"<p>Motarro Steel Ruler — 50 cm for accurate measuring and clean lines.</p><p>Made for pencil cases, drawing boards and toolboxes. From Motarro.</p>",<p>مسطرة ٥٠ سم من Motarro لقياس دقيق وخطوط نظيفة.</p><p>لأدوات الهندسة والمقلمة وصندوق العدة.</p>
motarro-coloured-paper-100-sheet-mu268-1,title,Motarro Coloured Paper — 100 Sheets,ورق ١٠٠ ورقة من Motarro
motarro-coloured-paper-100-sheet-mu268-1,body_html,"<p>Motarro Coloured Paper — 100 Sheets for writing, printing and craft.</p><p>A useful stack to keep within arm's reach. From Motarro.</p>",<p>ورق ١٠٠ ورقة من Motarro للكتابة والطباعة والكرافت.</p><p>رزمة مفيدة تستحق مكانًا قريبًا من يدك.</p>
motarro-glit-eva-sponge-sticker-me151-01,title,Motarro Glitter EVA Sponge Stickers,ملصقات من Motarro
motarro-glit-eva-sponge-sticker-me151-01,body_html,"<p>Motarro Glitter EVA Sponge Stickers — a fun sheet of peel-and-stick designs.</p><p>Great for decorating journals, laptops, school books and reward charts. An easy little gift for kids. From Motarro.</p>",<p>ملصقات من Motarro — ورقة ملصقات ممتعة تُقشر وتُلصق بسهولة.</p><p>لتزيين الدفاتر والأجهزة وكتب المدرسة ولوحات التحفيز. هدية صغيرة تُفرح الأطفال.</p>
motarro-adhesive-labels-colour-myd066-1,title,Motarro Adhesive Labels Colour — Style 1,ملصقات تصميم ١ من Motarro
motarro-adhesive-labels-colour-myd066-1,body_html,"<p>Motarro Adhesive Labels Colour — a fun sheet of peel-and-stick designs.</p><p>Great for decorating journals, laptops, school books and reward charts. An easy little gift for kids. From Motarro.</p>",<p>ملصقات تصميم ١ من Motarro — ورقة ملصقات ممتعة تُقشر وتُلصق بسهولة.</p><p>لتزيين الدفاتر والأجهزة وكتب المدرسة ولوحات التحفيز. هدية صغيرة تُفرح الأطفال.</p>
motarro-adhesive-labels-colour-myd066-2,title,Motarro Adhesive Labels Colour — Style 2,ملصقات تصميم ٢ من Motarro
motarro-adhesive-labels-colour-myd066-2,body_html,"<p>Motarro Adhesive Labels Colour — a fun sheet of peel-and-stick designs.</p><p>Great for decorating journals, laptops, school books and reward charts. An easy little gift for kids. From Motarro.</p>",<p>ملصقات تصميم ٢ من Motarro — ورقة ملصقات ممتعة تُقشر وتُلصق بسهولة.</p><p>لتزيين الدفاتر والأجهزة وكتب المدرسة ولوحات التحفيز. هدية صغيرة تُفرح الأطفال.</p>
motarro-adhesive-labels-colour-myd066-3,title,Motarro Adhesive Labels Colour — Style 3,ملصقات تصميم ٣ من Motarro
motarro-adhesive-labels-colour-myd066-3,body_html,"<p>Motarro Adhesive Labels Colour — a fun sheet of peel-and-stick designs.</p><p>Great for decorating journals, laptops, school books and reward charts. An easy little gift for kids. From Motarro.</p>",<p>ملصقات تصميم ٣ من Motarro — ورقة ملصقات ممتعة تُقشر وتُلصق بسهولة.</p><p>لتزيين الدفاتر والأجهزة وكتب المدرسة ولوحات التحفيز. هدية صغيرة تُفرح الأطفال.</p>
motarro-adhesive-labels-colour-myd066-4,title,Motarro Adhesive Labels Colour — Style 4,ملصقات تصميم ٤ من Motarro
motarro-adhesive-labels-colour-myd066-4,body_html,"<p>Motarro Adhesive Labels Colour — a fun sheet of peel-and-stick designs.</p><p>Great for decorating journals, laptops, school books and reward charts. An easy little gift for kids. From Motarro.</p>",<p>ملصقات تصميم ٤ من Motarro — ورقة ملصقات ممتعة تُقشر وتُلصق بسهولة.</p><p>لتزيين الدفاتر والأجهزة وكتب المدرسة ولوحات التحفيز. هدية صغيرة تُفرح الأطفال.</p>
motarro-adhesive-labels-colour-myd066-6,title,Motarro Adhesive Labels Colour — Style 6,ملصقات تصميم ٦ من Motarro — Adhesive Labels Colour
motarro-adhesive-labels-colour-myd066-6,body_html,"<p>Motarro Adhesive Labels Colour — a fun sheet of peel-and-stick designs.</p><p>Great for decorating journals, laptops, school books and reward charts. An easy little gift for kids. From Motarro.</p>",<p>ملصقات تصميم ٦ من Motarro — ورقة ملصقات ممتعة تُقشر وتُلصق بسهولة.</p><p>لتزيين الدفاتر والأجهزة وكتب المدرسة ولوحات التحفيز. هدية صغيرة تُفرح الأطفال.</p>
motarro-wooden-stick-me010c,title,Motarro Wooden Stick — Style 1,مستلزمات كرافت تصميم ١ من Motarro — Wooden Stick
motarro-wooden-stick-me010c,body_html,"<p>Motarro Wooden Stick for craft boxes and school art projects.</p><p>Mix them into collages, models and DIY decorations. From Motarro.</p>",<p>مستلزمات كرافت تصميم ١ من Motarro لصناديق الكرافت والمشاريع الفنية المدرسية.</p><p>تدخل في الكولاج والمجسمات وأعمال التزيين اليدوية.</p>
motarro-wooden-stick-me019c,title,Motarro Wooden Stick — Style 2,مستلزمات كرافت تصميم ٢ من Motarro — Wooden Stick
motarro-wooden-stick-me019c,body_html,"<p>Motarro Wooden Stick for craft boxes and school art projects.</p><p>Mix them into collages, models and DIY decorations. From Motarro.</p>",<p>مستلزمات كرافت تصميم ٢ من Motarro لصناديق الكرافت والمشاريع الفنية المدرسية.</p><p>تدخل في الكولاج والمجسمات وأعمال التزيين اليدوية.</p>
motarro-reading-stick-mi102-1,title,Motarro Reading Pointer Stick,مستلزمات كرافت من Motarro — Reading Pointer Stick
motarro-reading-stick-mi102-1,body_html,"<p>Motarro Reading Pointer Stick for craft boxes and school art projects.</p><p>Mix them into collages, models and DIY decorations. From Motarro.</p>",<p>مستلزمات كرافت من Motarro لصناديق الكرافت والمشاريع الفنية المدرسية.</p><p>تدخل في الكولاج والمجسمات وأعمال التزيين اليدوية.</p>
motarro-wooden-stick-me014c,title,Motarro Wooden Stick — Style 3,مستلزمات كرافت تصميم ٣ من Motarro — Wooden Stick
motarro-wooden-stick-me014c,body_html,"<p>Motarro Wooden Stick for craft boxes and school art projects.</p><p>Mix them into collages, models and DIY decorations. From Motarro.</p>",<p>مستلزمات كرافت تصميم ٣ من Motarro لصناديق الكرافت والمشاريع الفنية المدرسية.</p><p>تدخل في الكولاج والمجسمات وأعمال التزيين اليدوية.</p>
motarro-wooden-stick-me013c,title,Motarro Wooden Stick — Style 4,مستلزمات كرافت تصميم ٤ من Motarro — Wooden Stick
motarro-wooden-stick-me013c,body_html,"<p>Motarro Wooden Stick for craft boxes and school art projects.</p><p>Mix them into collages, models and DIY decorations. From Motarro.</p>",<p>مستلزمات كرافت تصميم ٤ من Motarro لصناديق الكرافت والمشاريع الفنية المدرسية.</p><p>تدخل في الكولاج والمجسمات وأعمال التزيين اليدوية.</p>
motarro-wooden-stick-me009c,title,Motarro Wooden Stick — Style 5,مستلزمات كرافت تصميم ٥ من Motarro
motarro-wooden-stick-me009c,body_html,"<p>Motarro Wooden Stick for craft boxes and school art projects.</p><p>Mix them into collages, models and DIY decorations. From Motarro.</p>",<p>مستلزمات كرافت تصميم ٥ من Motarro لصناديق الكرافت والمشاريع الفنية المدرسية.</p><p>تدخل في الكولاج والمجسمات وأعمال التزيين اليدوية.</p>
motarro-wooden-stick-me011c,title,Motarro Wooden Stick — Style 6,مستلزمات كرافت تصميم ٦ من Motarro — Wooden Stick
motarro-wooden-stick-me011c,body_html,"<p>Motarro Wooden Stick for craft boxes and school art projects.</p><p>Mix them into collages, models and DIY decorations. From Motarro.</p>",<p>مستلزمات كرافت تصميم ٦ من Motarro لصناديق الكرافت والمشاريع الفنية المدرسية.</p><p>تدخل في الكولاج والمجسمات وأعمال التزيين اليدوية.</p>
motarro-decorative-eyes-me027-24,title,Motarro Decorative Eyes — Style 24,مستلزمات كرافت تصميم ٢٤ من Motarro
motarro-decorative-eyes-me027-24,body_html,"<p>Motarro Decorative Eyes for craft boxes and school art projects.</p><p>Mix them into collages, models and DIY decorations. From Motarro.</p>",<p>مستلزمات كرافت تصميم ٢٤ من Motarro لصناديق الكرافت والمشاريع الفنية المدرسية.</p><p>تدخل في الكولاج والمجسمات وأعمال التزيين اليدوية.</p>
motarro-decorative-eyes-me027-12,title,Motarro Decorative Eyes — Style 12,مستلزمات كرافت تصميم ١٢ من Motarro
motarro-decorative-eyes-me027-12,body_html,"<p>Motarro Decorative Eyes for craft boxes and school art projects.</p><p>Mix them into collages, models and DIY decorations. From Motarro.</p>",<p>مستلزمات كرافت تصميم ١٢ من Motarro لصناديق الكرافت والمشاريع الفنية المدرسية.</p><p>تدخل في الكولاج والمجسمات وأعمال التزيين اليدوية.</p>
motarro-decorative-eyes-me028-18,title,Motarro Decorative Eyes — Style 18,مستلزمات كرافت تصميم ١٨ من Motarro
motarro-decorative-eyes-me028-18,body_html,"<p>Motarro Decorative Eyes for craft boxes and school art projects.</p><p>Mix them into collages, models and DIY decorations. From Motarro.</p>",<p>مستلزمات كرافت تصميم ١٨ من Motarro لصناديق الكرافت والمشاريع الفنية المدرسية.</p><p>تدخل في الكولاج والمجسمات وأعمال التزيين اليدوية.</p>
science-experiment-suite-kx-2020,title,Science Experiment Kit,طقم علمي من Motarro — Experiment Kit
science-experiment-suite-kx-2020,body_html,"<p>Science Experiment Kit — hands-on science that feels like play.</p><p>Curious kids follow the steps, see real results and learn why it works. From Motarro.</p>",<p>طقم علمي من Motarro — علوم عملية بطعم اللعب.</p><p>يتبع الصغار الخطوات ويرون نتائج حقيقية ويتعلمون السبب.</p>
motarro-didactic-electric-kit-mb001-2,title,Motarro Educational Electric Circuit Kit,طقم علمي من Motarro — Educational Electric Circuit Kit
motarro-didactic-electric-kit-mb001-2,body_html,"<p>Motarro Educational Electric Circuit Kit — hands-on science that feels like play.</p><p>Curious kids follow the steps, see real results and learn why it works. From Motarro.</p>",<p>طقم علمي من Motarro — علوم عملية بطعم اللعب.</p><p>يتبع الصغار الخطوات ويرون نتائج حقيقية ويتعلمون السبب.</p>
motarro-scientific-magnet-1917,title,Motarro Scientific Magnet Set,طقم علمي من Motarro — Scientific Magnet Set
motarro-scientific-magnet-1917,body_html,"<p>Motarro Scientific Magnet Set — hands-on science that feels like play.</p><p>Curious kids follow the steps, see real results and learn why it works. From Motarro.</p>",<p>طقم علمي من Motarro — علوم عملية بطعم اللعب.</p><p>يتبع الصغار الخطوات ويرون نتائج حقيقية ويتعلمون السبب.</p>
motarro-wooden-cubes-me022,title,Motarro Wooden Cubes,مستلزمات كرافت من Motarro — Wooden Cubes
motarro-wooden-cubes-me022,body_html,"<p>Motarro Wooden Cubes for craft boxes and school art projects.</p><p>Mix them into collages, models and DIY decorations. From Motarro.</p>",<p>مستلزمات كرافت من Motarro لصناديق الكرافت والمشاريع الفنية المدرسية.</p><p>تدخل في الكولاج والمجسمات وأعمال التزيين اليدوية.</p>
motarro-wooden-cylinder-me024c,title,Motarro Wooden Cylinder,مستلزمات كرافت من Motarro — Wooden Cylinder
motarro-wooden-cylinder-me024c,body_html,"<p>Motarro Wooden Cylinder for craft boxes and school art projects.</p><p>Mix them into collages, models and DIY decorations. From Motarro.</p>",<p>مستلزمات كرافت من Motarro لصناديق الكرافت والمشاريع الفنية المدرسية.</p><p>تدخل في الكولاج والمجسمات وأعمال التزيين اليدوية.</p>
italo-jute-rope-hb-52,title,Italo Jute Rope,مستلزمات كرافت من Motarro — Jute Rope
italo-jute-rope-hb-52,body_html,"<p>Italo Jute Rope for craft boxes and school art projects.</p><p>Mix them into collages, models and DIY decorations. From Motarro.</p>",<p>مستلزمات كرافت من Motarro لصناديق الكرافت والمشاريع الفنية المدرسية.</p><p>تدخل في الكولاج والمجسمات وأعمال التزيين اليدوية.</p>
motarro-sketch-pad-mp128-3,title,Motarro Sketch Pad,كراسة رسم من Motarro
motarro-sketch-pad-mp128-3,body_html,"<p>Motarro Sketch Pad ready for drawing and doodling.</p><p>Loose, creative space for pencils, crayons and light colour. From Motarro.</p>",<p>كراسة رسم من Motarro جاهز للرسم والخربشة.</p><p>مساحة حرة للأقلام والألوان الخفيفة.</p>
motarro-adhesive-labels-mu031-14,title,Motarro Adhesive Labels — Style 14,ملصقات تصميم ١٤ من Motarro
motarro-adhesive-labels-mu031-14,body_html,"<p>Motarro Adhesive Labels — a fun sheet of peel-and-stick designs.</p><p>Great for decorating journals, laptops, school books and reward charts. An easy little gift for kids. From Motarro.</p>",<p>ملصقات تصميم ١٤ من Motarro — ورقة ملصقات ممتعة تُقشر وتُلصق بسهولة.</p><p>لتزيين الدفاتر والأجهزة وكتب المدرسة ولوحات التحفيز. هدية صغيرة تُفرح الأطفال.</p>
motarro-adhesive-labels-mu287-6,title,Motarro Adhesive Labels — Style 6,ملصقات تصميم ٦ من Motarro — Adhesive Labels
motarro-adhesive-labels-mu287-6,body_html,"<p>Motarro Adhesive Labels — a fun sheet of peel-and-stick designs.</p><p>Great for decorating journals, laptops, school books and reward charts. An easy little gift for kids. From Motarro.</p>",<p>ملصقات تصميم ٦ من Motarro — ورقة ملصقات ممتعة تُقشر وتُلصق بسهولة.</p><p>لتزيين الدفاتر والأجهزة وكتب المدرسة ولوحات التحفيز. هدية صغيرة تُفرح الأطفال.</p>
motarro-adhesive-labels-mu287-8,title,Motarro Adhesive Labels — Style 8,ملصقات تصميم ٨ من Motarro
motarro-adhesive-labels-mu287-8,body_html,"<p>Motarro Adhesive Labels — a fun sheet of peel-and-stick designs.</p><p>Great for decorating journals, laptops, school books and reward charts. An easy little gift for kids. From Motarro.</p>",<p>ملصقات تصميم ٨ من Motarro — ورقة ملصقات ممتعة تُقشر وتُلصق بسهولة.</p><p>لتزيين الدفاتر والأجهزة وكتب المدرسة ولوحات التحفيز. هدية صغيرة تُفرح الأطفال.</p>
motarro-adhesive-labels-mu287-9,title,Motarro Adhesive Labels — Style 9,ملصقات تصميم ٩ من Motarro
motarro-adhesive-labels-mu287-9,body_html,"<p>Motarro Adhesive Labels — a fun sheet of peel-and-stick designs.</p><p>Great for decorating journals, laptops, school books and reward charts. An easy little gift for kids. From Motarro.</p>",<p>ملصقات تصميم ٩ من Motarro — ورقة ملصقات ممتعة تُقشر وتُلصق بسهولة.</p><p>لتزيين الدفاتر والأجهزة وكتب المدرسة ولوحات التحفيز. هدية صغيرة تُفرح الأطفال.</p>
motarro-document-book-cf-43360,title,Motarro Document Book,كتاب من Motarro
motarro-document-book-cf-43360,body_html,<p>Motarro Document Book — facts and fun between two covers.</p><p>A lovely gift for curious readers. From Motarro.</p>,<p>كتاب من Motarro — معلومات ومتعة بين غلافين.</p><p>هدية جميلة لكل قارئ فضولي.</p>
motarro-document-bag-fc-myd016-1,title,Motarro Document Bag — Full Size,ملف من Motarro — Document Bag — Full Size
motarro-document-bag-fc-myd016-1,body_html,"<p>Motarro Document Bag — Full Size to keep papers flat, sorted and safe.</p><p>Brings quick order to school hand-outs, bills and office documents. From Motarro.</p>",<p>ملف من Motarro لحفظ الأوراق مرتبة وآمنة.</p><p>نظام سريع لأوراق المدرسة والفواتير ومستندات المكتب.</p>
motarro-file-folder-mq025,title,Motarro File Folder,ملف من Motarro — File Folder
motarro-file-folder-mq025,body_html,"<p>Motarro File Folder to keep papers flat, sorted and safe.</p><p>Brings quick order to school hand-outs, bills and office documents. From Motarro.</p>",<p>ملف من Motarro لحفظ الأوراق مرتبة وآمنة.</p><p>نظام سريع لأوراق المدرسة والفواتير ومستندات المكتب.</p>
motarro-cover-folder-mq013-8,title,Motarro Cover Folder — Style 8,ملف تصميم ٨ من Motarro
motarro-cover-folder-mq013-8,body_html,"<p>Motarro Cover Folder to keep papers flat, sorted and safe.</p><p>Brings quick order to school hand-outs, bills and office documents. From Motarro.</p>",<p>ملف تصميم ٨ من Motarro لحفظ الأوراق مرتبة وآمنة.</p><p>نظام سريع لأوراق المدرسة والفواتير ومستندات المكتب.</p>
motarro-cover-folder-mq014-1,title,Motarro Cover Folder — Style 1,ملف تصميم ١ من Motarro — Cover Folder
motarro-cover-folder-mq014-1,body_html,"<p>Motarro Cover Folder to keep papers flat, sorted and safe.</p><p>Brings quick order to school hand-outs, bills and office documents. From Motarro.</p>",<p>ملف تصميم ١ من Motarro لحفظ الأوراق مرتبة وآمنة.</p><p>نظام سريع لأوراق المدرسة والفواتير ومستندات المكتب.</p>
motarro-air-clay-1x36-me400-3,title,Motarro Air-Dry Clay,صلصال من Motarro
motarro-air-clay-1x36-me400-3,body_html,"<p>Motarro Air-Dry Clay — soft, colourful and easy to shape.</p><p>Hours of screen-free making for kids; air-dries into keepable little creations. From Motarro.</p>",<p>صلصال من Motarro — طري وملون وسهل التشكيل.</p><p>ساعات من اللعب الإبداعي بعيدًا عن الشاشات، ويجف ليتحول إلى مجسمات تُحفظ.</p>
neon-spiral-notebook-a5-10mm-square,title,FIS Neon Spiral Notebook A5 10 mm Square,دفتر مقاس A5 ١٠ مم من FIS
neon-spiral-notebook-a5-10mm-square,body_html,"<p>FIS Neon Spiral Notebook A5 10 mm Square for notes, lists and ideas.</p><p>Good paper in a practical format — for school, work or the bedside table. From FIS.</p>",<p>دفتر مقاس A5 ١٠ مم من FIS للملاحظات والقوائم والأفكار.</p><p>ورق جيد بحجم عملي — للمدرسة أو العمل أو بجانب السرير.</p>
hard-cover-spiral-notebook-9x7-blue,title,"FIS Hard Cover Spiral Notebook — 9×7, Blue",دفتر أزرق من FIS
hard-cover-spiral-notebook-9x7-blue,body_html,"<p>FIS Hard Cover Spiral Notebook — 9×7, Blue for notes, lists and ideas.</p><p>Good paper in a practical format — for school, work or the bedside table. From FIS.</p>",<p>دفتر أزرق من FIS للملاحظات والقوائم والأفكار.</p><p>ورق جيد بحجم عملي — للمدرسة أو العمل أو بجانب السرير.</p>
hard-cover-spiral-notebook-a5,title,FIS Hard Cover Spiral Notebook A5,دفتر مقاس A5 من FIS — Hard Cover Spiral Notebook A5
hard-cover-spiral-notebook-a5,body_html,"<p>FIS Hard Cover Spiral Notebook A5 for notes, lists and ideas.</p><p>Good paper in a practical format — for school, work or the bedside table. From FIS.</p>",<p>دفتر مقاس A5 من FIS للملاحظات والقوائم والأفكار.</p><p>ورق جيد بحجم عملي — للمدرسة أو العمل أو بجانب السرير.</p>
hard-cover-spiral-notebook-black,title,FIS Hard Cover Spiral Notebook Black,دفتر أسود من FIS
hard-cover-spiral-notebook-black,body_html,"<p>FIS Hard Cover Spiral Notebook Black for notes, lists and ideas.</p><p>Good paper in a practical format — for school, work or the bedside table. From FIS.</p>",<p>دفتر أسود من FIS للملاحظات والقوائم والأفكار.</p><p>ورق جيد بحجم عملي — للمدرسة أو العمل أو بجانب السرير.</p>
hard-cover-a5-notebook,title,FIS Hard Cover A5 Notebook,دفتر مقاس A5 من FIS — Hard Cover A5 Notebook
hard-cover-a5-notebook,body_html,"<p>FIS Hard Cover A5 Notebook for notes, lists and ideas.</p><p>Good paper in a practical format — for school, work or the bedside table. From FIS.</p>",<p>دفتر مقاس A5 من FIS للملاحظات والقوائم والأفكار.</p><p>ورق جيد بحجم عملي — للمدرسة أو العمل أو بجانب السرير.</p>
spiral-hard-cover-note-a4,title,FIS A4 Hard Cover Spiral Notebook,دفتر مقاس A4 من FIS
spiral-hard-cover-note-a4,body_html,"<p>FIS A4 Hard Cover Spiral Notebook for notes, lists and ideas.</p><p>Good paper in a practical format — for school, work or the bedside table. From FIS.</p>",<p>دفتر مقاس A4 من FIS للملاحظات والقوائم والأفكار.</p><p>ورق جيد بحجم عملي — للمدرسة أو العمل أو بجانب السرير.</p>
water-color-with-brush,title,Techno Water Colour with Brush,فرشاة رسم من Techno
water-color-with-brush,body_html,<p>Techno Water Colour with Brush for painting at school or home.</p><p>Holds colour well and cleans up easily. From Techno.</p>,<p>فرشاة رسم من Techno للرسم في المدرسة أو البيت.</p><p>تحمل اللون جيدًا وتُنظف بسهولة.</p>
pp-neon-spiral-notebook,title,FIS Neon Spiral Notebook — PP Cover,دفتر نيون من FIS
pp-neon-spiral-notebook,body_html,"<p>FIS Neon Spiral Notebook — PP Cover for notes, lists and ideas.</p><p>Good paper in a practical format — for school, work or the bedside table. From FIS.</p>",<p>دفتر نيون من FIS للملاحظات والقوائم والأفكار.</p><p>ورق جيد بحجم عملي — للمدرسة أو العمل أو بجانب السرير.</p>
washi-tape-8884,title,Techno Washi Tape — Design 8884,شريط واشي نقشة 8884 من Techno
washi-tape-8884,body_html,"<p>Techno Washi Tape — decorative paper tape that tears by hand and repositions without marking.</p><p>Perfect for journals, gift wrapping and craft projects. A little roll that makes everything prettier. From Techno.</p>",<p>شريط واشي نقشة 8884 من Techno — شريط ورقي مزخرف يُقص باليد ويُعاد لصقه دون أن يترك أثرًا.</p><p>مثالي لتزيين الدفاتر وتغليف الهدايا وأعمال الكرافت.</p>
pp-cover-notebook,title,FIS Notebook — PP Cover,دفتر من FIS
pp-cover-notebook,body_html,"<p>FIS Notebook — PP Cover for notes, lists and ideas.</p><p>Good paper in a practical format — for school, work or the bedside table. From FIS.</p>",<p>دفتر من FIS للملاحظات والقوائم والأفكار.</p><p>ورق جيد بحجم عملي — للمدرسة أو العمل أو بجانب السرير.</p>
washi-tape-8880,title,Techno Washi Tape — Design 8880,شريط واشي نقشة 8880 من Techno
washi-tape-8880,body_html,"<p>Techno Washi Tape — decorative paper tape that tears by hand and repositions without marking.</p><p>Perfect for journals, gift wrapping and craft projects. A little roll that makes everything prettier. From Techno.</p>",<p>شريط واشي نقشة 8880 من Techno — شريط ورقي مزخرف يُقص باليد ويُعاد لصقه دون أن يترك أثرًا.</p><p>مثالي لتزيين الدفاتر وتغليف الهدايا وأعمال الكرافت.</p>
washi-tape-8883,title,Techno Washi Tape — Design 8883,شريط واشي نقشة 8883 من Techno
washi-tape-8883,body_html,"<p>Techno Washi Tape — decorative paper tape that tears by hand and repositions without marking.</p><p>Perfect for journals, gift wrapping and craft projects. A little roll that makes everything prettier. From Techno.</p>",<p>شريط واشي نقشة 8883 من Techno — شريط ورقي مزخرف يُقص باليد ويُعاد لصقه دون أن يترك أثرًا.</p><p>مثالي لتزيين الدفاتر وتغليف الهدايا وأعمال الكرافت.</p>
washi-tape-8889,title,Techno Washi Tape — Design 8889,شريط واشي نقشة 8889 من Techno
washi-tape-8889,body_html,"<p>Techno Washi Tape — decorative paper tape that tears by hand and repositions without marking.</p><p>Perfect for journals, gift wrapping and craft projects. A little roll that makes everything prettier. From Techno.</p>",<p>شريط واشي نقشة 8889 من Techno — شريط ورقي مزخرف يُقص باليد ويُعاد لصقه دون أن يترك أثرًا.</p><p>مثالي لتزيين الدفاتر وتغليف الهدايا وأعمال الكرافت.</p>
washi-tape-8881,title,Techno Washi Tape — Design 8881,شريط واشي نقشة 8881 من Techno
washi-tape-8881,body_html,"<p>Techno Washi Tape — decorative paper tape that tears by hand and repositions without marking.</p><p>Perfect for journals, gift wrapping and craft projects. A little roll that makes everything prettier. From Techno.</p>",<p>شريط واشي نقشة 8881 من Techno — شريط ورقي مزخرف يُقص باليد ويُعاد لصقه دون أن يترك أثرًا.</p><p>مثالي لتزيين الدفاتر وتغليف الهدايا وأعمال الكرافت.</p>
hard-cover-a4-spiral-blue,title,FIS Hard Cover A4 Spiral Blue,دفتر مقاس A4 أزرق من FIS
hard-cover-a4-spiral-blue,body_html,"<p>FIS Hard Cover A4 Spiral Blue for notes, lists and ideas.</p><p>Good paper in a practical format — for school, work or the bedside table. From FIS.</p>",<p>دفتر مقاس A4 أزرق من FIS للملاحظات والقوائم والأفكار.</p><p>ورق جيد بحجم عملي — للمدرسة أو العمل أو بجانب السرير.</p>
stilo-highliter-neon,title,Stilo Neon Highlighter,قلم تمييز نيون من Stilo
stilo-highliter-neon,body_html,"<p>Stilo Neon Highlighter for marking what matters.</p><p>Bright, quick-drying colour for revision notes, documents and planners. From Stilo.</p>",<p>قلم تمييز نيون من Stilo لتمييز المهم في ثوانٍ.</p><p>ألوان مشرقة سريعة الجفاف للمراجعة والمستندات.</p>
white-glue-80ml,title,Techno White Glue 80 ml,صمغ ٨٠ مل أبيض من Techno
white-glue-80ml,body_html,"<p>Techno White Glue 80 ml that sticks paper and card cleanly.</p><p>A school-bag staple for projects, collages and quick fixes. From Techno.</p>",<p>صمغ ٨٠ مل أبيض من Techno يلصق الورق والكرتون بنظافة.</p><p>أساسي في حقيبة المدرسة للمشاريع والأشغال اليدوية.</p>
white-glue-120-ml,title,Techno White Glue 120 ml,صمغ ١٢٠ مل أبيض من Techno
white-glue-120-ml,body_html,"<p>Techno White Glue 120 ml that sticks paper and card cleanly.</p><p>A school-bag staple for projects, collages and quick fixes. From Techno.</p>",<p>صمغ ١٢٠ مل أبيض من Techno يلصق الورق والكرتون بنظافة.</p><p>أساسي في حقيبة المدرسة للمشاريع والأشغال اليدوية.</p>
white-glue-40-ml,title,Techno White Glue 40 ml,صمغ ٤٠ مل أبيض من Techno
white-glue-40-ml,body_html,"<p>Techno White Glue 40 ml that sticks paper and card cleanly.</p><p>A school-bag staple for projects, collages and quick fixes. From Techno.</p>",<p>صمغ ٤٠ مل أبيض من Techno يلصق الورق والكرتون بنظافة.</p><p>أساسي في حقيبة المدرسة للمشاريع والأشغال اليدوية.</p>
punched-pocket,title,Techno Punched Pockets,ملف من Techno
punched-pocket,body_html,"<p>Techno Punched Pockets to keep papers flat, sorted and safe.</p><p>Brings quick order to school hand-outs, bills and office documents. From Techno.</p>",<p>ملف من Techno لحفظ الأوراق مرتبة وآمنة.</p><p>نظام سريع لأوراق المدرسة والفواتير ومستندات المكتب.</p>
monami-calligraphy-pen,title,Monami Calligraphy Pen,قلم من Monami
monami-calligraphy-pen,body_html,"<p>Monami Calligraphy Pen for smooth, reliable everyday writing.</p><p>A dependable pick for school, office and signatures alike. From Monami.</p>",<p>قلم من Monami لكتابة يومية سلسة وموثوقة.</p><p>خيار يعتمد عليه في المدرسة والمكتب والتوقيعات.</p>
sticky-note-5148,title,Techno Sticky Notes,ملاحظات لاصقة من Techno
sticky-note-5148,body_html,"<p>Techno Sticky Notes for quick reminders, page markers and desk notes that peel off cleanly.</p><p>Handy for students and office desks alike — stick them on books, screens and planners. From Techno.</p>",<p>ملاحظات لاصقة من Techno للملاحظات السريعة وتعليم الصفحات، تُنزع بسهولة دون أثر.</p><p>عملية للطلاب وعلى مكاتب العمل — على الكتب والشاشات والمخططات.</p>
foamy-sun-star-clouds,title,"Foam Shapes — Sun, Stars & Clouds","مستلزمات كرافت من Techno — Shapes — Sun, Stars & Clouds"
foamy-sun-star-clouds,body_html,"<p>Foam Shapes — Sun, Stars & Clouds for craft boxes and school art projects.</p><p>Mix them into collages, models and DIY decorations. From Techno.</p>",<p>مستلزمات كرافت من Techno لصناديق الكرافت والمشاريع الفنية المدرسية.</p><p>تدخل في الكولاج والمجسمات وأعمال التزيين اليدوية.</p>
goggly-eyes,title,Techno Googly Eyes,مستلزمات كرافت من Techno — Googly Eyes
goggly-eyes,body_html,"<p>Techno Googly Eyes for craft boxes and school art projects.</p><p>Mix them into collages, models and DIY decorations. From Techno.</p>",<p>مستلزمات كرافت من Techno لصناديق الكرافت والمشاريع الفنية المدرسية.</p><p>تدخل في الكولاج والمجسمات وأعمال التزيين اليدوية.</p>
magnifying-glass,title,Techno Magnifying Glass,طقم علمي من Techno — Magnifying Glass
magnifying-glass,body_html,"<p>Techno Magnifying Glass — hands-on science that feels like play.</p><p>Curious kids follow the steps, see real results and learn why it works. From Techno.</p>",<p>طقم علمي من Techno — علوم عملية بطعم اللعب.</p><p>يتبع الصغار الخطوات ويرون نتائج حقيقية ويتعلمون السبب.</p>
foamy-glitter,title,Techno Foamy Glitter,مستلزمات كرافت من Techno — Foamy Glitter
foamy-glitter,body_html,"<p>Techno Foamy Glitter for craft boxes and school art projects.</p><p>Mix them into collages, models and DIY decorations. From Techno.</p>",<p>مستلزمات كرافت من Techno لصناديق الكرافت والمشاريع الفنية المدرسية.</p><p>تدخل في الكولاج والمجسمات وأعمال التزيين اليدوية.</p>
pipe-cleaner,title,Techno Pipe Cleaner,مستلزمات كرافت من Techno — Pipe Cleaner
pipe-cleaner,body_html,"<p>Techno Pipe Cleaner for craft boxes and school art projects.</p><p>Mix them into collages, models and DIY decorations. From Techno.</p>",<p>مستلزمات كرافت من Techno لصناديق الكرافت والمشاريع الفنية المدرسية.</p><p>تدخل في الكولاج والمجسمات وأعمال التزيين اليدوية.</p>
zip-lock-a5,title,FIS A5 Zip-Lock Bag,ملف مقاس A5 من FIS
zip-lock-a5,body_html,"<p>FIS A5 Zip-Lock Bag to keep papers flat, sorted and safe.</p><p>Brings quick order to school hand-outs, bills and office documents. From FIS.</p>",<p>ملف مقاس A5 من FIS لحفظ الأوراق مرتبة وآمنة.</p><p>نظام سريع لأوراق المدرسة والفواتير ومستندات المكتب.</p>
magnifying-glass-small,title,Techno Magnifying Glass Small,طقم علمي من Techno — Magnifying Glass Small
magnifying-glass-small,body_html,"<p>Techno Magnifying Glass Small — hands-on science that feels like play.</p><p>Curious kids follow the steps, see real results and learn why it works. From Techno.</p>",<p>طقم علمي من Techno — علوم عملية بطعم اللعب.</p><p>يتبع الصغار الخطوات ويرون نتائج حقيقية ويتعلمون السبب.</p>
pipe-cleaner-glittery,title,Techno Pipe Cleaner Glittery,مستلزمات كرافت من Techno — Pipe Cleaner Glittery
pipe-cleaner-glittery,body_html,"<p>Techno Pipe Cleaner Glittery for craft boxes and school art projects.</p><p>Mix them into collages, models and DIY decorations. From Techno.</p>",<p>مستلزمات كرافت من Techno لصناديق الكرافت والمشاريع الفنية المدرسية.</p><p>تدخل في الكولاج والمجسمات وأعمال التزيين اليدوية.</p>
record-card-2-side-ruler-5x3-inch,title,"FIS Record Cards — Ruled Both Sides, 5×3 inch","ورق من FIS — Record Cards — Ruled Both Sides, 5×3 inch"
record-card-2-side-ruler-5x3-inch,body_html,"<p>FIS Record Cards — Ruled Both Sides, 5×3 inch for writing, printing and craft.</p><p>A useful stack to keep within arm's reach. From FIS.</p>",<p>ورق من FIS للكتابة والطباعة والكرافت.</p><p>رزمة مفيدة تستحق مكانًا قريبًا من يدك.</p>
magnet-mix-design,title,Mixed Design Magnet Set,طقم علمي
magnet-mix-design,body_html,"<p>Mixed Design Magnet Set — hands-on science that feels like play.</p><p>Curious kids follow the steps, see real results and learn why it works.</p>",<p>طقم علمي — علوم عملية بطعم اللعب.</p><p>يتبع الصغار الخطوات ويرون نتائج حقيقية ويتعلمون السبب.</p>
modeling-clay,title,Dozen Modeling Clay,صلصال من Dozen
modeling-clay,body_html,"<p>Dozen Modeling Clay — soft, colourful and easy to shape.</p><p>Hours of screen-free making for kids; air-dries into keepable little creations. From Dozen.</p>",<p>صلصال من Dozen — طري وملون وسهل التشكيل.</p><p>ساعات من اللعب الإبداعي بعيدًا عن الشاشات، ويجف ليتحول إلى مجسمات تُحفظ.</p>
record-card-2-side-ruler-6x4-inch,title,"FIS Record Cards — Ruled Both Sides, 6×4 inch","ورق من FIS — Record Cards — Ruled Both Sides, 6×4 inch"
record-card-2-side-ruler-6x4-inch,body_html,"<p>FIS Record Cards — Ruled Both Sides, 6×4 inch for writing, printing and craft.</p><p>A useful stack to keep within arm's reach. From FIS.</p>",<p>ورق من FIS للكتابة والطباعة والكرافت.</p><p>رزمة مفيدة تستحق مكانًا قريبًا من يدك.</p>
farm-animals-stickers,title,FIS Farm Animals Stickers,ملصقات من FIS — Farm Animals Stickers
farm-animals-stickers,body_html,"<p>FIS Farm Animals Stickers — a fun sheet of peel-and-stick designs.</p><p>Great for decorating journals, laptops, school books and reward charts. An easy little gift for kids. From FIS.</p>",<p>ملصقات من FIS — ورقة ملصقات ممتعة تُقشر وتُلصق بسهولة.</p><p>لتزيين الدفاتر والأجهزة وكتب المدرسة ولوحات التحفيز. هدية صغيرة تُفرح الأطفال.</p>
fruits-2-stickers,title,FIS Fruits 2 Stickers,ملصقات من FIS — Fruits 2 Stickers
fruits-2-stickers,body_html,"<p>FIS Fruits 2 Stickers — a fun sheet of peel-and-stick designs.</p><p>Great for decorating journals, laptops, school books and reward charts. An easy little gift for kids. From FIS.</p>",<p>ملصقات من FIS — ورقة ملصقات ممتعة تُقشر وتُلصق بسهولة.</p><p>لتزيين الدفاتر والأجهزة وكتب المدرسة ولوحات التحفيز. هدية صغيرة تُفرح الأطفال.</p>
human-body-parts-stickers,title,FIS Human Body Parts Stickers,ملصقات من FIS — Human Body Parts Stickers
human-body-parts-stickers,body_html,"<p>FIS Human Body Parts Stickers — a fun sheet of peel-and-stick designs.</p><p>Great for decorating journals, laptops, school books and reward charts. An easy little gift for kids. From FIS.</p>",<p>ملصقات من FIS — ورقة ملصقات ممتعة تُقشر وتُلصق بسهولة.</p><p>لتزيين الدفاتر والأجهزة وكتب المدرسة ولوحات التحفيز. هدية صغيرة تُفرح الأطفال.</p>
learning-numbers-stickers,title,FIS Learning Numbers Stickers,ملصقات من FIS — Learning Numbers Stickers
learning-numbers-stickers,body_html,"<p>FIS Learning Numbers Stickers — a fun sheet of peel-and-stick designs.</p><p>Great for decorating journals, laptops, school books and reward charts. An easy little gift for kids. From FIS.</p>",<p>ملصقات من FIS — ورقة ملصقات ممتعة تُقشر وتُلصق بسهولة.</p><p>لتزيين الدفاتر والأجهزة وكتب المدرسة ولوحات التحفيز. هدية صغيرة تُفرح الأطفال.</p>
baby-animals-stickers,title,FIS Baby Animals Stickers,ملصقات من FIS — Baby Animals Stickers
baby-animals-stickers,body_html,"<p>FIS Baby Animals Stickers — a fun sheet of peel-and-stick designs.</p><p>Great for decorating journals, laptops, school books and reward charts. An easy little gift for kids. From FIS.</p>",<p>ملصقات من FIS — ورقة ملصقات ممتعة تُقشر وتُلصق بسهولة.</p><p>لتزيين الدفاتر والأجهزة وكتب المدرسة ولوحات التحفيز. هدية صغيرة تُفرح الأطفال.</p>
birds-1-stickers,title,FIS Birds 1 Stickers,ملصقات من FIS — Birds 1 Stickers
birds-1-stickers,body_html,"<p>FIS Birds 1 Stickers — a fun sheet of peel-and-stick designs.</p><p>Great for decorating journals, laptops, school books and reward charts. An easy little gift for kids. From FIS.</p>",<p>ملصقات من FIS — ورقة ملصقات ممتعة تُقشر وتُلصق بسهولة.</p><p>لتزيين الدفاتر والأجهزة وكتب المدرسة ولوحات التحفيز. هدية صغيرة تُفرح الأطفال.</p>
cute-kitty-ball-pen,title,Montex Cute Kitty Ballpoint Pen,قلم من Montex
cute-kitty-ball-pen,body_html,"<p>Montex Cute Kitty Ballpoint Pen for smooth, reliable everyday writing.</p><p>A dependable pick for school, office and signatures alike. From Montex.</p>",<p>قلم من Montex لكتابة يومية سلسة وموثوقة.</p><p>خيار يعتمد عليه في المدرسة والمكتب والتوقيعات.</p>
slime-kit-3pcs-card,title,Slime Kit — 3 Pieces,طقم ٣ قطعة من M.Y.
slime-kit-3pcs-card,body_html,"<p>Slime Kit — 3 Pieces with everything needed in one box.</p><p>A ready-made activity for weekends, holidays and gifts. From M.Y..</p>",<p>طقم ٣ قطعة من M.Y. بكل ما تحتاجه في علبة واحدة.</p><p>نشاط جاهز لنهايات الأسبوع والإجازات والهدايا.</p>
cutter-2501,title,FIS Utility Cutter,سكين قص من FIS — Utility Cutter
cutter-2501,body_html,"<p>FIS Utility Cutter for clean, precise cutting.</p><p>Keep one in the drawer for parcels, paper and craft board. Handle with care around children. From FIS.</p>",<p>سكين قص من FIS لقص دقيق ونظيف.</p><p>أداة عملية للطرود والورق وألواح الكرافت — يُستخدم بحذر بعيدًا عن الأطفال.</p>
cutter-18mm,title,FIS Utility Cutter — 18 mm Blade,سكين قص ١٨ مم من FIS
cutter-18mm,body_html,"<p>FIS Utility Cutter — 18 mm Blade for clean, precise cutting.</p><p>Keep one in the drawer for parcels, paper and craft board. Handle with care around children. From FIS.</p>",<p>سكين قص ١٨ مم من FIS لقص دقيق ونظيف.</p><p>أداة عملية للطرود والورق وألواح الكرافت — يُستخدم بحذر بعيدًا عن الأطفال.</p>
de-guang-stationery,title,De Guang Document Organiser,ملف
de-guang-stationery,body_html,"<p>De Guang Document Organiser to keep papers flat, sorted and safe.</p><p>Brings quick order to school hand-outs, bills and office documents.</p>",<p>ملف لحفظ الأوراق مرتبة وآمنة.</p><p>نظام سريع لأوراق المدرسة والفواتير ومستندات المكتب.</p>
kizuna-mppa-502,title,Elephant Kizuna Notebook (MPPA-502),دفتر Kizuna من Elephant — Kizuna Notebook (MPPA-502)
kizuna-mppa-502,body_html,"<p>Elephant Kizuna Notebook (MPPA-502) for notes, lists and ideas.</p><p>Good paper in a practical format — for school, work or the bedside table. From Elephant.</p>",<p>دفتر Kizuna من Elephant للملاحظات والقوائم والأفكار.</p><p>ورق جيد بحجم عملي — للمدرسة أو العمل أو بجانب السرير.</p>
kizuna-mppa-503,title,Elephant Kizuna Notebook (MPPA-503),دفتر Kizuna من Elephant — Kizuna Notebook (MPPA-503)
kizuna-mppa-503,body_html,"<p>Elephant Kizuna Notebook (MPPA-503) for notes, lists and ideas.</p><p>Good paper in a practical format — for school, work or the bedside table. From Elephant.</p>",<p>دفتر Kizuna من Elephant للملاحظات والقوائم والأفكار.</p><p>ورق جيد بحجم عملي — للمدرسة أو العمل أو بجانب السرير.</p>
elephant-mra-502,title,Elephant Notebook (MRA-502),دفتر من Elephant — Notebook (MRA-502)
elephant-mra-502,body_html,"<p>Elephant Notebook (MRA-502) for notes, lists and ideas.</p><p>Good paper in a practical format — for school, work or the bedside table. From Elephant.</p>",<p>دفتر من Elephant للملاحظات والقوائم والأفكار.</p><p>ورق جيد بحجم عملي — للمدرسة أو العمل أو بجانب السرير.</p>
notebook-a7,title,FIS Notebook A7,دفتر مقاس A7 من FIS
notebook-a7,body_html,"<p>FIS Notebook A7 for notes, lists and ideas.</p><p>Good paper in a practical format — for school, work or the bedside table. From FIS.</p>",<p>دفتر مقاس A7 من FIS للملاحظات والقوائم والأفكار.</p><p>ورق جيد بحجم عملي — للمدرسة أو العمل أو بجانب السرير.</p>
notebook-a6-rainbow,title,FIS Notebook A6 Rainbow,دفتر مقاس A6 قوس قزح من FIS
notebook-a6-rainbow,body_html,"<p>FIS Notebook A6 Rainbow for notes, lists and ideas.</p><p>Good paper in a practical format — for school, work or the bedside table. From FIS.</p>",<p>دفتر مقاس A6 قوس قزح من FIS للملاحظات والقوائم والأفكار.</p><p>ورق جيد بحجم عملي — للمدرسة أو العمل أو بجانب السرير.</p>
notebook-a6-black,title,FIS Notebook A6 Black,دفتر مقاس A6 أسود من FIS
notebook-a6-black,body_html,"<p>FIS Notebook A6 Black for notes, lists and ideas.</p><p>Good paper in a practical format — for school, work or the bedside table. From FIS.</p>",<p>دفتر مقاس A6 أسود من FIS للملاحظات والقوائم والأفكار.</p><p>ورق جيد بحجم عملي — للمدرسة أو العمل أو بجانب السرير.</p>
paint-book-school,title,FIS Paint Book School,كتاب تلوين من FIS — Paint Book School
paint-book-school,body_html,"<p>FIS Paint Book School full of pictures waiting for colour.</p><p>A calm, screen-free activity for young children. From FIS.</p>",<p>كتاب تلوين من FIS بصفحات تنتظر التلوين.</p><p>نشاط هادئ بعيد عن الشاشات للأطفال الصغار.</p>
coloring-book-boat,title,FIS Colouring Book Boat,كتاب تلوين من FIS — Colouring Book Boat
coloring-book-boat,body_html,"<p>FIS Colouring Book Boat full of pictures waiting for colour.</p><p>A calm, screen-free activity for young children. From FIS.</p>",<p>كتاب تلوين من FIS بصفحات تنتظر التلوين.</p><p>نشاط هادئ بعيد عن الشاشات للأطفال الصغار.</p>
coloring-book-16-pages,title,FIS Colouring Book 16 Pages,كتاب تلوين من FIS — Colouring Book 16 Pages
coloring-book-16-pages,body_html,"<p>FIS Colouring Book 16 Pages full of pictures waiting for colour.</p><p>A calm, screen-free activity for young children. From FIS.</p>",<p>كتاب تلوين من FIS بصفحات تنتظر التلوين.</p><p>نشاط هادئ بعيد عن الشاشات للأطفال الصغار.</p>
adel-soft-eraser,title,Adel Soft Eraser — Style 1,ممحاة تصميم ١ من FIS
adel-soft-eraser,body_html,<p>Adel Soft Eraser that rubs out cleanly without tearing the page.</p><p>One of those small things every pencil case needs. From FIS.</p>,<p>ممحاة تصميم ١ من FIS يمسح بنظافة دون إتلاف الورقة.</p><p>من الأشياء الصغيرة التي تحتاجها كل مقلمة.</p>
coloring-book-the-uglu-duckling,title,Colouring Book — The Ugly Duckling,كتاب تلوين من FIS — Book — The Ugly Duckling
coloring-book-the-uglu-duckling,body_html,"<p>Colouring Book — The Ugly Duckling full of pictures waiting for colour.</p><p>A calm, screen-free activity for young children. From FIS.</p>",<p>كتاب تلوين من FIS بصفحات تنتظر التلوين.</p><p>نشاط هادئ بعيد عن الشاشات للأطفال الصغار.</p>
kizuna-a5-squares,title,Elephant Kizuna A5 Notebook — Squared,دفتر Kizuna مقاس A5 من Elephant — Kizuna A5 Notebook — Squared
kizuna-a5-squares,body_html,"<p>Elephant Kizuna A5 Notebook — Squared for notes, lists and ideas.</p><p>Good paper in a practical format — for school, work or the bedside table. From Elephant.</p>",<p>دفتر Kizuna مقاس A5 من Elephant للملاحظات والقوائم والأفكار.</p><p>ورق جيد بحجم عملي — للمدرسة أو العمل أو بجانب السرير.</p>
kizuna-a5-wppa-504,title,Elephant Kizuna A5 Notebook (WPPA-504),دفتر Kizuna مقاس A5 من Elephant — Kizuna A5 Notebook (WPPA-504)
kizuna-a5-wppa-504,body_html,"<p>Elephant Kizuna A5 Notebook (WPPA-504) for notes, lists and ideas.</p><p>Good paper in a practical format — for school, work or the bedside table. From Elephant.</p>",<p>دفتر Kizuna مقاس A5 من Elephant للملاحظات والقوائم والأفكار.</p><p>ورق جيد بحجم عملي — للمدرسة أو العمل أو بجانب السرير.</p>
sooofa,title,Kokuyo Sooofa Soft-Ring Notebook,دفتر Sooofa من Kokuyo
sooofa,body_html,"<p>Kokuyo Sooofa Soft-Ring Notebook for notes, lists and ideas.</p><p>Good paper in a practical format — for school, work or the bedside table. From Kokuyo.</p>",<p>دفتر Sooofa من Kokuyo للملاحظات والقوائم والأفكار.</p><p>ورق جيد بحجم عملي — للمدرسة أو العمل أو بجانب السرير.</p>
mellow-ring-with-index,title,Elephant Mellow Ring Notebook with Index,دفتر من Elephant — Mellow Ring Notebook with Index
mellow-ring-with-index,body_html,"<p>Elephant Mellow Ring Notebook with Index for notes, lists and ideas.</p><p>Good paper in a practical format — for school, work or the bedside table. From Elephant.</p>",<p>دفتر من Elephant للملاحظات والقوائم والأفكار.</p><p>ورق جيد بحجم عملي — للمدرسة أو العمل أو بجانب السرير.</p>
kizuna-wppb-502-grid,title,Elephant Kizuna B5 Notebook — Grid (WPPB-502),دفتر Kizuna مقاس B5 من Elephant — Kizuna B5 Notebook — Grid (WPPB-502)
kizuna-wppb-502-grid,body_html,"<p>Elephant Kizuna B5 Notebook — Grid (WPPB-502) for notes, lists and ideas.</p><p>Good paper in a practical format — for school, work or the bedside table. From Elephant.</p>",<p>دفتر Kizuna مقاس B5 من Elephant للملاحظات والقوائم والأفكار.</p><p>ورق جيد بحجم عملي — للمدرسة أو العمل أو بجانب السرير.</p>
kizuna-wppb-502,title,Elephant Kizuna B5 Notebook (WPPB-502),دفتر Kizuna مقاس B5 من Elephant — Kizuna B5 Notebook (WPPB-502)
kizuna-wppb-502,body_html,"<p>Elephant Kizuna B5 Notebook (WPPB-502) for notes, lists and ideas.</p><p>Good paper in a practical format — for school, work or the bedside table. From Elephant.</p>",<p>دفتر Kizuna مقاس B5 من Elephant للملاحظات والقوائم والأفكار.</p><p>ورق جيد بحجم عملي — للمدرسة أو العمل أو بجانب السرير.</p>
kizuna-series-b5-wppb-504,title,Elephant Kizuna B5 Notebook (WPPB-504),دفتر Kizuna مقاس B5 من Elephant — Kizuna B5 Notebook (WPPB-504)
kizuna-series-b5-wppb-504,body_html,"<p>Elephant Kizuna B5 Notebook (WPPB-504) for notes, lists and ideas.</p><p>Good paper in a practical format — for school, work or the bedside table. From Elephant.</p>",<p>دفتر Kizuna مقاس B5 من Elephant للملاحظات والقوائم والأفكار.</p><p>ورق جيد بحجم عملي — للمدرسة أو العمل أو بجانب السرير.</p>
notebook-wpp-121t,title,Elephant Notebook (WPP-121T),دفتر من Elephant — Notebook (WPP-121T)
notebook-wpp-121t,body_html,"<p>Elephant Notebook (WPP-121T) for notes, lists and ideas.</p><p>Good paper in a practical format — for school, work or the bedside table. From Elephant.</p>",<p>دفتر من Elephant للملاحظات والقوائم والأفكار.</p><p>ورق جيد بحجم عملي — للمدرسة أو العمل أو بجانب السرير.</p>
kokuyo-snoopy,title,Kokuyo Snoopy Notebook — Style 1,دفتر Snoopy تصميم ١ من Kokuyo
kokuyo-snoopy,body_html,"<p>Kokuyo Snoopy Notebook for notes, lists and ideas.</p><p>Good paper in a practical format — for school, work or the bedside table. From Kokuyo.</p>",<p>دفتر Snoopy تصميم ١ من Kokuyo للملاحظات والقوائم والأفكار.</p><p>ورق جيد بحجم عملي — للمدرسة أو العمل أو بجانب السرير.</p>
begin-elephant,title,Elephant Begin Notebook,دفتر من Elephant — Begin Notebook
begin-elephant,body_html,"<p>Elephant Begin Notebook for notes, lists and ideas.</p><p>Good paper in a practical format — for school, work or the bedside table. From Elephant.</p>",<p>دفتر من Elephant للملاحظات والقوائم والأفكار.</p><p>ورق جيد بحجم عملي — للمدرسة أو العمل أو بجانب السرير.</p>
snoopy,title,Snoopy Notebook,دفتر Snoopy
snoopy,body_html,"<p>Snoopy Notebook for notes, lists and ideas.</p><p>Good paper in a practical format — for school, work or the bedside table.</p>",<p>دفتر Snoopy للملاحظات والقوائم والأفكار.</p><p>ورق جيد بحجم عملي — للمدرسة أو العمل أو بجانب السرير.</p>
kokuyo-snoopy-2,title,Kokuyo Snoopy Notebook — Style 2,دفتر Snoopy تصميم ٢ من Kokuyo
kokuyo-snoopy-2,body_html,"<p>Kokuyo Snoopy Notebook for notes, lists and ideas.</p><p>Good paper in a practical format — for school, work or the bedside table. From Kokuyo.</p>",<p>دفتر Snoopy تصميم ٢ من Kokuyo للملاحظات والقوائم والأفكار.</p><p>ورق جيد بحجم عملي — للمدرسة أو العمل أو بجانب السرير.</p>
notebook-a5,title,Notebook A5 — Style 1,دفتر مقاس A5 تصميم ١
notebook-a5,body_html,"<p>Notebook A5 for notes, lists and ideas.</p><p>Good paper in a practical format — for school, work or the bedside table.</p>",<p>دفتر مقاس A5 تصميم ١ للملاحظات والقوائم والأفكار.</p><p>ورق جيد بحجم عملي — للمدرسة أو العمل أو بجانب السرير.</p>
brunch-brother,title,Brunch Brother Notebook,دفتر — Brother Notebook
brunch-brother,body_html,"<p>Brunch Brother Notebook for notes, lists and ideas.</p><p>Good paper in a practical format — for school, work or the bedside table.</p>",<p>دفتر للملاحظات والقوائم والأفكار.</p><p>ورق جيد بحجم عملي — للمدرسة أو العمل أو بجانب السرير.</p>
happiness-notebook,title,Happiness Notebook,دفتر — Notebook
happiness-notebook,body_html,"<p>Happiness Notebook for notes, lists and ideas.</p><p>Good paper in a practical format — for school, work or the bedside table.</p>",<p>دفتر للملاحظات والقوائم والأفكار.</p><p>ورق جيد بحجم عملي — للمدرسة أو العمل أو بجانب السرير.</p>
notebook-cat,title,Elephant Notebook Cat,دفتر من Elephant — Notebook Cat
notebook-cat,body_html,"<p>Elephant Notebook Cat for notes, lists and ideas.</p><p>Good paper in a practical format — for school, work or the bedside table. From Elephant.</p>",<p>دفتر من Elephant للملاحظات والقوائم والأفكار.</p><p>ورق جيد بحجم عملي — للمدرسة أو العمل أو بجانب السرير.</p>
notebook-a5-2,title,Notebook A5 — Style 2,دفتر مقاس A5 تصميم ٢
notebook-a5-2,body_html,"<p>Notebook A5 for notes, lists and ideas.</p><p>Good paper in a practical format — for school, work or the bedside table.</p>",<p>دفتر مقاس A5 تصميم ٢ للملاحظات والقوائم والأفكار.</p><p>ورق جيد بحجم عملي — للمدرسة أو العمل أو بجانب السرير.</p>
catmemo,title,Double A Catmemo Sticky Notes,ملاحظات لاصقة Catmemo من Double A
catmemo,body_html,"<p>Double A Catmemo Sticky Notes for quick reminders, page markers and desk notes that peel off cleanly.</p><p>Handy for students and office desks alike — stick them on books, screens and planners. From Double A.</p>",<p>ملاحظات لاصقة Catmemo من Double A للملاحظات السريعة وتعليم الصفحات، تُنزع بسهولة دون أثر.</p><p>عملية للطلاب وعلى مكاتب العمل — على الكتب والشاشات والمخططات.</p>
saxa-poche,title,Kokuyo Saxa Poche Compact Scissors — Style 1,مقص Saxa Poche تصميم ١ من Kokuyo
saxa-poche,body_html,"<p>Kokuyo Saxa Poche Compact Scissors that cut cleanly and feel comfortable in hand.</p><p>Suits paper craft, school projects and everyday desk jobs. From Kokuyo.</p>",<p>مقص Saxa Poche تصميم ١ من Kokuyo يقص بدقة وبقبضة مريحة.</p><p>يناسب أعمال الورق والمشاريع المدرسية ومهام المكتب اليومية.</p>
portable-scissors,title,Kokuyo Campus Portable Scissors,مقص Campus
portable-scissors,body_html,"<p>Kokuyo Campus Portable Scissors that cut cleanly and feel comfortable in hand.</p><p>Suits paper craft, school projects and everyday desk jobs. From Campus.</p>",<p>مقص Campus يقص بدقة وبقبضة مريحة.</p><p>يناسب أعمال الورق والمشاريع المدرسية ومهام المكتب اليومية.</p>
eraser,title,Campus Eraser,ممحاة Campus
eraser,body_html,<p>Campus Eraser that rubs out cleanly without tearing the page.</p><p>One of those small things every pencil case needs. From Campus.</p>,<p>ممحاة Campus يمسح بنظافة دون إتلاف الورقة.</p><p>من الأشياء الصغيرة التي تحتاجها كل مقلمة.</p>
elephant,title,Galaxy Pastel Desk Accessory,أداة مكتبية من Galaxy Pastel
elephant,body_html,<p>Galaxy Pastel Desk Accessory — a practical helper for the desk.</p><p>One of those tools you reach for more often than you expect. From Galaxy Pastel.</p>,<p>أداة مكتبية من Galaxy Pastel — أداة عملية للمكتب.</p><p>من الأدوات التي ستستخدمها أكثر مما تتوقع.</p>
karu-cut,title,Kokuyo Karu Cut Washi Tape Cutter,شريط واشي Karu Cut
karu-cut,body_html,"<p>Kokuyo Karu Cut Washi Tape Cutter — decorative paper tape that tears by hand and repositions without marking.</p><p>Perfect for journals, gift wrapping and craft projects. A little roll that makes everything prettier.</p>",<p>شريط واشي Karu Cut — شريط ورقي مزخرف يُقص باليد ويُعاد لصقه دون أن يترك أثرًا.</p><p>مثالي لتزيين الدفاتر وتغليف الهدايا وأعمال الكرافت.</p>
kokuyo,title,Campus Desk Accessory,أداة مكتبية Campus
kokuyo,body_html,<p>Campus Desk Accessory — a practical helper for the desk.</p><p>One of those tools you reach for more often than you expect. From Campus.</p>,<p>أداة مكتبية Campus — أداة عملية للمكتب.</p><p>من الأدوات التي ستستخدمها أكثر مما تتوقع.</p>
elephant-correction-tape,title,Elephant Correction Tape,شريط تصحيح من Elephant
elephant-correction-tape,body_html,"<p>Elephant Correction Tape for tidy, instant corrections.</p><p>Glides on dry so you can write over it straight away. From Elephant.</p>",<p>شريط تصحيح من Elephant لتصحيح فوري ومرتب.</p><p>يجف مباشرة لتكتب فوقه فورًا.</p>
campus-correction-tape,title,Kokuyo Campus Correction Tape,شريط تصحيح Campus من Kokuyo
campus-correction-tape,body_html,"<p>Kokuyo Campus Correction Tape for tidy, instant corrections.</p><p>Glides on dry so you can write over it straight away. From Kokuyo.</p>",<p>شريط تصحيح Campus من Kokuyo لتصحيح فوري ومرتب.</p><p>يجف مباشرة لتكتب فوقه فورًا.</p>
fis-metal-sharpener,title,FIS Metal Sharpener,براية من FIS
fis-metal-sharpener,body_html,"<p>FIS Metal Sharpener for a clean, even point every time.</p><p>Compact enough for any pencil case. From FIS.</p>",<p>براية من FIS لسنّ نظيف ومتساوٍ في كل مرة.</p><p>حجم صغير يناسب أي مقلمة.</p>
fis-cutter-knife,title,FIS Cutter Knife,سكين قص من FIS — Cutter Knife
fis-cutter-knife,body_html,"<p>FIS Cutter Knife for clean, precise cutting.</p><p>Keep one in the drawer for parcels, paper and craft board. Handle with care around children. From FIS.</p>",<p>سكين قص من FIS لقص دقيق ونظيف.</p><p>أداة عملية للطرود والورق وألواح الكرافت — يُستخدم بحذر بعيدًا عن الأطفال.</p>
pet-sticky-note,title,Moshi Moshi Pet Sticky Note,ملاحظات لاصقة Moshi Moshi
pet-sticky-note,body_html,"<p>Moshi Moshi Pet Sticky Note for quick reminders, page markers and desk notes that peel off cleanly.</p><p>Handy for students and office desks alike — stick them on books, screens and planners. From Moshi Moshi.</p>",<p>ملاحظات لاصقة Moshi Moshi للملاحظات السريعة وتعليم الصفحات، تُنزع بسهولة دون أثر.</p><p>عملية للطلاب وعلى مكاتب العمل — على الكتب والشاشات والمخططات.</p>
kw-trio-stapler,title,KW-triO Stapler,دباسة من KW-triO
kw-trio-stapler,body_html,<p>KW-triO Stapler for fastening pages quickly.</p><p>A compact essential for home offices and school projects. From KW-triO.</p>,<p>دباسة من KW-triO لتثبيت الأوراق بسرعة.</p><p>أداة أساسية مدمجة للمكتب المنزلي والمشاريع المدرسية.</p>
begin-elephant-2,title,Elephant Begin Stationery Set — Style 2,طقم هدية تصميم ٢ من Elephant — Begin Stationery Set
begin-elephant-2,body_html,"<p>Elephant Begin Stationery Set — a ready-to-give set, no assembly needed.</p><p>Take the guesswork out of gifting for birthdays, school rewards and small thank-yous. From Elephant.</p>",<p>طقم هدية تصميم ٢ من Elephant — طقم جاهز للإهداء دون أي تجهيز.</p><p>يريحك من حيرة الهدايا لأعياد الميلاد ومكافآت المدرسة.</p>
stick-up-glue-stick,title,Stick Up Glue Stick,صمغ من Stick Up
stick-up-glue-stick,body_html,"<p>Stick Up Glue Stick that sticks paper and card cleanly.</p><p>A school-bag staple for projects, collages and quick fixes. From Stick Up.</p>",<p>صمغ من Stick Up يلصق الورق والكرتون بنظافة.</p><p>أساسي في حقيبة المدرسة للمشاريع والأشغال اليدوية.</p>
campus-word-cards,title,Campus Word Cards,بطاقات تعليمية Campus
campus-word-cards,body_html,<p>Campus Word Cards — picture cards that make early learning feel like play.</p><p>A simple screen-free way for parents and teachers to build vocabulary with young children. From Campus.</p>,<p>بطاقات تعليمية Campus — بطاقات مصورة تجعل التعلم المبكر أقرب إلى اللعب.</p><p>وسيلة بسيطة بعيدًا عن الشاشات لبناء مفردات الصغار في البيت أو الروضة.</p>
everyo-gel-pen,title,Deli Everyo Gel Pen — Style 1,قلم جل تصميم ١ من Deli
everyo-gel-pen,body_html,"<p>Deli Everyo Gel Pen — smooth-flowing ink in a comfortable grip.</p><p>A favourite for note-taking, journaling and adding colour to study notes. From Deli.</p>",<p>قلم جل تصميم ١ من Deli — حبر انسيابي وقبضة مريحة.</p><p>مفضل لتدوين الملاحظات وتلوين الملخصات الدراسية.</p>
elephant-weekly-plan,title,Elephant Weekly Planner Pad — Style 1,مخطط تصميم ١ من Elephant
elephant-weekly-plan,body_html,"<p>Elephant Weekly Planner Pad to plan the day, week or month at a glance.</p><p>Helps students and busy people keep tasks visible and satisfying to tick off. From Elephant.</p>",<p>مخطط تصميم ١ من Elephant لتنظيم اليوم والأسبوع والشهر بنظرة واحدة.</p><p>يساعد الطلاب والمشغولين على إبقاء المهام مرئية — وشطبها ممتع.</p>
elephant-to-do-list,title,Elephant To-Do List Pad,مخطط من Elephant — To-Do List Pad
elephant-to-do-list,body_html,"<p>Elephant To-Do List Pad to plan the day, week or month at a glance.</p><p>Helps students and busy people keep tasks visible and satisfying to tick off. From Elephant.</p>",<p>مخطط من Elephant لتنظيم اليوم والأسبوع والشهر بنظرة واحدة.</p><p>يساعد الطلاب والمشغولين على إبقاء المهام مرئية — وشطبها ممتع.</p>
everyo-gel-pen-2,title,Deli Everyo Gel Pen — Style 2,قلم جل تصميم ٢ من Deli
everyo-gel-pen-2,body_html,"<p>Deli Everyo Gel Pen — smooth-flowing ink in a comfortable grip.</p><p>A favourite for note-taking, journaling and adding colour to study notes. From Deli.</p>",<p>قلم جل تصميم ٢ من Deli — حبر انسيابي وقبضة مريحة.</p><p>مفضل لتدوين الملاحظات وتلوين الملخصات الدراسية.</p>
everyo-gel-pen-3,title,Deli Everyo Gel Pen — Style 3,قلم جل تصميم ٣ من Deli
everyo-gel-pen-3,body_html,"<p>Deli Everyo Gel Pen — smooth-flowing ink in a comfortable grip.</p><p>A favourite for note-taking, journaling and adding colour to study notes. From Deli.</p>",<p>قلم جل تصميم ٣ من Deli — حبر انسيابي وقبضة مريحة.</p><p>مفضل لتدوين الملاحظات وتلوين الملخصات الدراسية.</p>
sticky-note,title,Sticky Notes Set,ملاحظات لاصقة — Notes Set
sticky-note,body_html,"<p>Sticky Notes Set for quick reminders, page markers and desk notes that peel off cleanly.</p><p>Handy for students and office desks alike — stick them on books, screens and planners.</p>",<p>ملاحظات لاصقة للملاحظات السريعة وتعليم الصفحات، تُنزع بسهولة دون أثر.</p><p>عملية للطلاب وعلى مكاتب العمل — على الكتب والشاشات والمخططات.</p>
elephant-weeky-plan,title,Elephant Weekly Planner Pad — Style 2,مخطط تصميم ٢ من Elephant
elephant-weeky-plan,body_html,"<p>Elephant Weekly Planner Pad to plan the day, week or month at a glance.</p><p>Helps students and busy people keep tasks visible and satisfying to tick off. From Elephant.</p>",<p>مخطط تصميم ٢ من Elephant لتنظيم اليوم والأسبوع والشهر بنظرة واحدة.</p><p>يساعد الطلاب والمشغولين على إبقاء المهام مرئية — وشطبها ممتع.</p>
elephant-monthly-plan,title,Elephant Monthly Planner Pad,مخطط من Elephant — Monthly Planner Pad
elephant-monthly-plan,body_html,"<p>Elephant Monthly Planner Pad to plan the day, week or month at a glance.</p><p>Helps students and busy people keep tasks visible and satisfying to tick off. From Elephant.</p>",<p>مخطط من Elephant لتنظيم اليوم والأسبوع والشهر بنظرة واحدة.</p><p>يساعد الطلاب والمشغولين على إبقاء المهام مرئية — وشطبها ممتع.</p>
campus-note-book,title,Kokuyo Campus Notebook — Style 2,دفتر Campus تصميم ٢ من Kokuyo
campus-note-book,body_html,"<p>Kokuyo Campus Notebook for notes, lists and ideas.</p><p>Good paper in a practical format — for school, work or the bedside table. From Kokuyo.</p>",<p>دفتر Campus تصميم ٢ من Kokuyo للملاحظات والقوائم والأفكار.</p><p>ورق جيد بحجم عملي — للمدرسة أو العمل أو بجانب السرير.</p>
bx-v5,title,Pilot V5 Hi-Tecpoint Rollerball Pen — Style 1,قلم تصميم ١ من Pilot
bx-v5,body_html,"<p>Pilot V5 Hi-Tecpoint Rollerball Pen for smooth, reliable everyday writing.</p><p>A dependable pick for school, office and signatures alike. From Pilot.</p>",<p>قلم تصميم ١ من Pilot لكتابة يومية سلسة وموثوقة.</p><p>خيار يعتمد عليه في المدرسة والمكتب والتوقيعات.</p>
bx-v5-2,title,Pilot V5 Hi-Tecpoint Rollerball Pen — Style 2,قلم تصميم ٢ من Pilot
bx-v5-2,body_html,"<p>Pilot V5 Hi-Tecpoint Rollerball Pen for smooth, reliable everyday writing.</p><p>A dependable pick for school, office and signatures alike. From Pilot.</p>",<p>قلم تصميم ٢ من Pilot لكتابة يومية سلسة وموثوقة.</p><p>خيار يعتمد عليه في المدرسة والمكتب والتوقيعات.</p>
bx-v5-3,title,Pilot V5 Hi-Tecpoint Rollerball Pen — Style 3,قلم تصميم ٣ من Pilot
bx-v5-3,body_html,"<p>Pilot V5 Hi-Tecpoint Rollerball Pen for smooth, reliable everyday writing.</p><p>A dependable pick for school, office and signatures alike. From Pilot.</p>",<p>قلم تصميم ٣ من Pilot لكتابة يومية سلسة وموثوقة.</p><p>خيار يعتمد عليه في المدرسة والمكتب والتوقيعات.</p>
bx-v5-4,title,Pilot V5 Hi-Tecpoint Rollerball Pen — Style 4,قلم تصميم ٤ من Pilot
bx-v5-4,body_html,"<p>Pilot V5 Hi-Tecpoint Rollerball Pen for smooth, reliable everyday writing.</p><p>A dependable pick for school, office and signatures alike. From Pilot.</p>",<p>قلم تصميم ٤ من Pilot لكتابة يومية سلسة وموثوقة.</p><p>خيار يعتمد عليه في المدرسة والمكتب والتوقيعات.</p>
big-ideas-start-small,title,Double A “Big Ideas Start Small” Sticky Notes,ملاحظات لاصقة من Double A
big-ideas-start-small,body_html,"<p>Double A “Big Ideas Start Small” Sticky Notes for quick reminders, page markers and desk notes that peel off cleanly.</p><p>Handy for students and office desks alike — stick them on books, screens and planners. From Double A.</p>",<p>ملاحظات لاصقة من Double A للملاحظات السريعة وتعليم الصفحات، تُنزع بسهولة دون أثر.</p><p>عملية للطلاب وعلى مكاتب العمل — على الكتب والشاشات والمخططات.</p>
elephant-2,title,Elephant Planner Pad,مخطط من Elephant — Planner Pad
elephant-2,body_html,"<p>Elephant Planner Pad to plan the day, week or month at a glance.</p><p>Helps students and busy people keep tasks visible and satisfying to tick off. From Elephant.</p>",<p>مخطط من Elephant لتنظيم اليوم والأسبوع والشهر بنظرة واحدة.</p><p>يساعد الطلاب والمشغولين على إبقاء المهام مرئية — وشطبها ممتع.</p>
uhu-stick,title,UHU Glue Stick,صمغ من UHU
uhu-stick,body_html,"<p>UHU Glue Stick that sticks paper and card cleanly.</p><p>A school-bag staple for projects, collages and quick fixes. From UHU.</p>",<p>صمغ من UHU يلصق الورق والكرتون بنظافة.</p><p>أساسي في حقيبة المدرسة للمشاريع والأشغال اليدوية.</p>
saxa-poche-2,title,Kokuyo Saxa Poche Compact Scissors — Style 2,مقص Saxa Poche تصميم ٢ من Kokuyo
saxa-poche-2,body_html,"<p>Kokuyo Saxa Poche Compact Scissors that cut cleanly and feel comfortable in hand.</p><p>Suits paper craft, school projects and everyday desk jobs. From Kokuyo.</p>",<p>مقص Saxa Poche تصميم ٢ من Kokuyo يقص بدقة وبقبضة مريحة.</p><p>يناسب أعمال الورق والمشاريع المدرسية ومهام المكتب اليومية.</p>
saxa-poche-3,title,Kokuyo Saxa Poche Compact Scissors — Style 3,مقص Saxa Poche تصميم ٣ من Kokuyo
saxa-poche-3,body_html,"<p>Kokuyo Saxa Poche Compact Scissors that cut cleanly and feel comfortable in hand.</p><p>Suits paper craft, school projects and everyday desk jobs. From Kokuyo.</p>",<p>مقص Saxa Poche تصميم ٣ من Kokuyo يقص بدقة وبقبضة مريحة.</p><p>يناسب أعمال الورق والمشاريع المدرسية ومهام المكتب اليومية.</p>
saxa-poche-4,title,Kokuyo Saxa Poche Compact Scissors — Style 4,مقص Saxa Poche تصميم ٤ من Kokuyo
saxa-poche-4,body_html,"<p>Kokuyo Saxa Poche Compact Scissors that cut cleanly and feel comfortable in hand.</p><p>Suits paper craft, school projects and everyday desk jobs. From Kokuyo.</p>",<p>مقص Saxa Poche تصميم ٤ من Kokuyo يقص بدقة وبقبضة مريحة.</p><p>يناسب أعمال الورق والمشاريع المدرسية ومهام المكتب اليومية.</p>
lego-pencil-box,title,LEGO Pencil Box,مقلمة LEGO
lego-pencil-box,body_html,"<p>LEGO Pencil Box to keep pens, pencils and small tools together.</p><p>Fits neatly in a school bag or on a desk — no more hunting for the sharpener. From LEGO.</p>",<p>مقلمة LEGO لتجميع الأقلام والأدوات الصغيرة في مكان واحد.</p><p>يدخل حقيبة المدرسة بسهولة — ولا مزيد من البحث عن البراية.</p>
lego-10pcs-marker,title,LEGO Markers — 10 Pieces,أقلام ماركر LEGO ١٠ قطعة
lego-10pcs-marker,body_html,"<p>LEGO Markers — 10 Pieces for bold lines and bright colouring.</p><p>Great for posters, projects and creative time with the kids. From LEGO.</p>",<p>أقلام ماركر LEGO ١٠ قطعة لخطوط جريئة وتلوين مشرق.</p><p>مناسب للملصقات والمشاريع وأوقات الإبداع مع الأطفال.</p>
catmo-sticky-note,title,Catmemo Cat Sticky Notes,ملاحظات لاصقة Catmemo
catmo-sticky-note,body_html,"<p>Catmemo Cat Sticky Notes for quick reminders, page markers and desk notes that peel off cleanly.</p><p>Handy for students and office desks alike — stick them on books, screens and planners. From Catmemo.</p>",<p>ملاحظات لاصقة Catmemo للملاحظات السريعة وتعليم الصفحات، تُنزع بسهولة دون أثر.</p><p>عملية للطلاب وعلى مكاتب العمل — على الكتب والشاشات والمخططات.</p>
basic-the-dinosaur-color-pencil,title,Basic Dinosaur Colour Pencils,أقلام تلوين خشبية من Basic
basic-the-dinosaur-color-pencil,body_html,"<p>Basic Dinosaur Colour Pencils for smooth, vivid colouring.</p><p>A solid choice for school bags and home art corners — easy to sharpen and comfortable to hold. From Basic.</p>",<p>أقلام تلوين خشبية من Basic لتلوين ناعم بألوان زاهية.</p><p>خيار ممتاز لحقيبة المدرسة وركن الرسم في البيت.</p>
begin-elephant-3,title,Elephant Begin Stationery Set — Style 2 (2),طقم هدية تصميم ٢ من Elephant — Begin Stationery Set (2)
begin-elephant-3,body_html,"<p>Elephant Begin Stationery Set — a ready-to-give set, no assembly needed.</p><p>Take the guesswork out of gifting for birthdays, school rewards and small thank-yous. From Elephant.</p>",<p>طقم هدية تصميم ٢ من Elephant — طقم جاهز للإهداء دون أي تجهيز.</p><p>يريحك من حيرة الهدايا لأعياد الميلاد ومكافآت المدرسة.</p>
begin-elephant-4,title,Elephant Begin Stationery Set — Style 3,طقم هدية تصميم ٣ من Elephant
begin-elephant-4,body_html,"<p>Elephant Begin Stationery Set — a ready-to-give set, no assembly needed.</p><p>Take the guesswork out of gifting for birthdays, school rewards and small thank-yous. From Elephant.</p>",<p>طقم هدية تصميم ٣ من Elephant — طقم جاهز للإهداء دون أي تجهيز.</p><p>يريحك من حيرة الهدايا لأعياد الميلاد ومكافآت المدرسة.</p>
lego-3pcs-marker,title,LEGO Markers — 3 Pieces,أقلام ماركر LEGO ٣ قطعة
lego-3pcs-marker,body_html,"<p>LEGO Markers — 3 Pieces for bold lines and bright colouring.</p><p>Great for posters, projects and creative time with the kids. From LEGO.</p>",<p>أقلام ماركر LEGO ٣ قطعة لخطوط جريئة وتلوين مشرق.</p><p>مناسب للملصقات والمشاريع وأوقات الإبداع مع الأطفال.</p>
lego-note-book,title,LEGO Notebook Gift Set,طقم هدية LEGO — Notebook Gift Set
lego-note-book,body_html,"<p>LEGO Notebook Gift Set — a ready-to-give set, no assembly needed.</p><p>Take the guesswork out of gifting for birthdays, school rewards and small thank-yous. From LEGO.</p>",<p>طقم هدية LEGO — طقم جاهز للإهداء دون أي تجهيز.</p><p>يريحك من حيرة الهدايا لأعياد الميلاد ومكافآت المدرسة.</p>
lego-note-book-2,title,LEGO Notebook — Style 2,دفتر LEGO تصميم ٢
lego-note-book-2,body_html,"<p>LEGO Notebook for notes, lists and ideas.</p><p>Good paper in a practical format — for school, work or the bedside table. From LEGO.</p>",<p>دفتر LEGO تصميم ٢ للملاحظات والقوائم والأفكار.</p><p>ورق جيد بحجم عملي — للمدرسة أو العمل أو بجانب السرير.</p>
lego-note-book-3,title,LEGO Notebook — Style 3,دفتر LEGO تصميم ٣
lego-note-book-3,body_html,"<p>LEGO Notebook for notes, lists and ideas.</p><p>Good paper in a practical format — for school, work or the bedside table. From LEGO.</p>",<p>دفتر LEGO تصميم ٣ للملاحظات والقوائم والأفكار.</p><p>ورق جيد بحجم عملي — للمدرسة أو العمل أو بجانب السرير.</p>
lego-coloring-pencil-12pcs,title,LEGO Colouring Pencils — 12 Pieces,قلم رصاص LEGO ١٢ قطعة
lego-coloring-pencil-12pcs,body_html,<p>LEGO Colouring Pencils — 12 Pieces for writing and sketching.</p><p>A classroom essential that sharpens cleanly and writes smoothly. From LEGO.</p>,<p>قلم رصاص LEGO ١٢ قطعة للكتابة والرسم.</p><p>أساسي في كل مقلمة — يُبرى بسهولة ويكتب بسلاسة.</p>
lego-note-book-and-pen,title,LEGO Notebook & Pen Set — Style 1,طقم هدية LEGO تصميم ١ — Notebook & Pen Set
lego-note-book-and-pen,body_html,"<p>LEGO Notebook & Pen Set — a ready-to-give set, no assembly needed.</p><p>Take the guesswork out of gifting for birthdays, school rewards and small thank-yous. From LEGO.</p>",<p>طقم هدية LEGO تصميم ١ — طقم جاهز للإهداء دون أي تجهيز.</p><p>يريحك من حيرة الهدايا لأعياد الميلاد ومكافآت المدرسة.</p>
lego-note-book-and-pen-2,title,LEGO Notebook & Pen Set — Style 2,طقم هدية LEGO تصميم ٢ — Notebook & Pen Set
lego-note-book-and-pen-2,body_html,"<p>LEGO Notebook & Pen Set — a ready-to-give set, no assembly needed.</p><p>Take the guesswork out of gifting for birthdays, school rewards and small thank-yous. From LEGO.</p>",<p>طقم هدية LEGO تصميم ٢ — طقم جاهز للإهداء دون أي تجهيز.</p><p>يريحك من حيرة الهدايا لأعياد الميلاد ومكافآت المدرسة.</p>
lego-note-book-and-pen-3,title,LEGO Notebook & Pen Set — Style 3,طقم هدية LEGO تصميم ٣ — Notebook & Pen Set
lego-note-book-and-pen-3,body_html,"<p>LEGO Notebook & Pen Set — a ready-to-give set, no assembly needed.</p><p>Take the guesswork out of gifting for birthdays, school rewards and small thank-yous. From LEGO.</p>",<p>طقم هدية LEGO تصميم ٣ — طقم جاهز للإهداء دون أي تجهيز.</p><p>يريحك من حيرة الهدايا لأعياد الميلاد ومكافآت المدرسة.</p>
lego-note-book-and-pen-4,title,LEGO Notebook & Pen Set — Style 4,طقم هدية LEGO تصميم ٤
lego-note-book-and-pen-4,body_html,"<p>LEGO Notebook & Pen Set — a ready-to-give set, no assembly needed.</p><p>Take the guesswork out of gifting for birthdays, school rewards and small thank-yous. From LEGO.</p>",<p>طقم هدية LEGO تصميم ٤ — طقم جاهز للإهداء دون أي تجهيز.</p><p>يريحك من حيرة الهدايا لأعياد الميلاد ومكافآت المدرسة.</p>
lego-note-book-and-pen-5,title,LEGO Notebook & Pen Set — Style 5,طقم هدية LEGO تصميم ٥
lego-note-book-and-pen-5,body_html,"<p>LEGO Notebook & Pen Set — a ready-to-give set, no assembly needed.</p><p>Take the guesswork out of gifting for birthdays, school rewards and small thank-yous. From LEGO.</p>",<p>طقم هدية LEGO تصميم ٥ — طقم جاهز للإهداء دون أي تجهيز.</p><p>يريحك من حيرة الهدايا لأعياد الميلاد ومكافآت المدرسة.</p>
lego-3pcs-pen,title,LEGO Pens — 3 Pieces,قلم LEGO ٣ قطعة
lego-3pcs-pen,body_html,"<p>LEGO Pens — 3 Pieces for smooth, reliable everyday writing.</p><p>A dependable pick for school, office and signatures alike. From LEGO.</p>",<p>قلم LEGO ٣ قطعة لكتابة يومية سلسة وموثوقة.</p><p>خيار يعتمد عليه في المدرسة والمكتب والتوقيعات.</p>
lego-10pcs-marker-2,title,"LEGO Markers — 10 Pieces, Style 2",أقلام ماركر LEGO ١٠ قطعة تصميم ٢
lego-10pcs-marker-2,body_html,"<p>LEGO Markers — 10 Pieces, Style 2 for bold lines and bright colouring.</p><p>Great for posters, projects and creative time with the kids. From LEGO.</p>",<p>أقلام ماركر LEGO ١٠ قطعة تصميم ٢ لخطوط جريئة وتلوين مشرق.</p><p>مناسب للملصقات والمشاريع وأوقات الإبداع مع الأطفال.</p>
lego-note-book-and-pen-6,title,LEGO Notebook & Pen Set — Style 6,طقم هدية LEGO تصميم ٦
lego-note-book-and-pen-6,body_html,"<p>LEGO Notebook & Pen Set — a ready-to-give set, no assembly needed.</p><p>Take the guesswork out of gifting for birthdays, school rewards and small thank-yous. From LEGO.</p>",<p>طقم هدية LEGO تصميم ٦ — طقم جاهز للإهداء دون أي تجهيز.</p><p>يريحك من حيرة الهدايا لأعياد الميلاد ومكافآت المدرسة.</p>
lego-pal-pen,title,LEGO Pal Pen — Style 1,قلم LEGO تصميم ١
lego-pal-pen,body_html,"<p>LEGO Pal Pen for smooth, reliable everyday writing.</p><p>A dependable pick for school, office and signatures alike. From LEGO.</p>",<p>قلم LEGO تصميم ١ لكتابة يومية سلسة وموثوقة.</p><p>خيار يعتمد عليه في المدرسة والمكتب والتوقيعات.</p>
lego-pal-pen-2,title,LEGO Pal Pen — Style 2,قلم LEGO تصميم ٢
lego-pal-pen-2,body_html,"<p>LEGO Pal Pen for smooth, reliable everyday writing.</p><p>A dependable pick for school, office and signatures alike. From LEGO.</p>",<p>قلم LEGO تصميم ٢ لكتابة يومية سلسة وموثوقة.</p><p>خيار يعتمد عليه في المدرسة والمكتب والتوقيعات.</p>
lego-pal-pen-3,title,LEGO Pal Pen — Style 3,قلم LEGO تصميم ٣
lego-pal-pen-3,body_html,"<p>LEGO Pal Pen for smooth, reliable everyday writing.</p><p>A dependable pick for school, office and signatures alike. From LEGO.</p>",<p>قلم LEGO تصميم ٣ لكتابة يومية سلسة وموثوقة.</p><p>خيار يعتمد عليه في المدرسة والمكتب والتوقيعات.</p>
lego-mini-fugures-sticky-note,title,LEGO Minifigures Sticky Notes,ملاحظات لاصقة LEGO — Minifigures Sticky Notes
lego-mini-fugures-sticky-note,body_html,"<p>LEGO Minifigures Sticky Notes for quick reminders, page markers and desk notes that peel off cleanly.</p><p>Handy for students and office desks alike — stick them on books, screens and planners. From LEGO.</p>",<p>ملاحظات لاصقة LEGO للملاحظات السريعة وتعليم الصفحات، تُنزع بسهولة دون أثر.</p><p>عملية للطلاب وعلى مكاتب العمل — على الكتب والشاشات والمخططات.</p>
lego-space-sticky-note,title,LEGO Space Sticky Notes,ملاحظات لاصقة LEGO — Space Sticky Notes
lego-space-sticky-note,body_html,"<p>LEGO Space Sticky Notes for quick reminders, page markers and desk notes that peel off cleanly.</p><p>Handy for students and office desks alike — stick them on books, screens and planners. From LEGO.</p>",<p>ملاحظات لاصقة LEGO للملاحظات السريعة وتعليم الصفحات، تُنزع بسهولة دون أثر.</p><p>عملية للطلاب وعلى مكاتب العمل — على الكتب والشاشات والمخططات.</p>
lego-ruler,title,LEGO Ruler,مسطرة LEGO
lego-ruler,body_html,"<p>LEGO Ruler for accurate measuring and clean lines.</p><p>Made for pencil cases, drawing boards and toolboxes. From LEGO.</p>",<p>مسطرة LEGO لقياس دقيق وخطوط نظيفة.</p><p>لأدوات الهندسة والمقلمة وصندوق العدة.</p>
lego-creativity-set,title,LEGO Creativity Stationery Set — Style 1,طقم هدية LEGO تصميم ١ — Creativity Stationery Set
lego-creativity-set,body_html,"<p>LEGO Creativity Stationery Set — a ready-to-give set, no assembly needed.</p><p>Take the guesswork out of gifting for birthdays, school rewards and small thank-yous. From LEGO.</p>",<p>طقم هدية LEGO تصميم ١ — طقم جاهز للإهداء دون أي تجهيز.</p><p>يريحك من حيرة الهدايا لأعياد الميلاد ومكافآت المدرسة.</p>
lego-creativity-set-2,title,LEGO Creativity Stationery Set — Style 2,طقم هدية LEGO تصميم ٢ — Creativity Stationery Set
lego-creativity-set-2,body_html,"<p>LEGO Creativity Stationery Set — a ready-to-give set, no assembly needed.</p><p>Take the guesswork out of gifting for birthdays, school rewards and small thank-yous. From LEGO.</p>",<p>طقم هدية LEGO تصميم ٢ — طقم جاهز للإهداء دون أي تجهيز.</p><p>يريحك من حيرة الهدايا لأعياد الميلاد ومكافآت المدرسة.</p>
lego-creativity-set-3,title,LEGO Creativity Stationery Set — Style 3,طقم هدية LEGO تصميم ٣ — Creativity Stationery Set
lego-creativity-set-3,body_html,"<p>LEGO Creativity Stationery Set — a ready-to-give set, no assembly needed.</p><p>Take the guesswork out of gifting for birthdays, school rewards and small thank-yous. From LEGO.</p>",<p>طقم هدية LEGO تصميم ٣ — طقم جاهز للإهداء دون أي تجهيز.</p><p>يريحك من حيرة الهدايا لأعياد الميلاد ومكافآت المدرسة.</p>
lego-combination-lock-diary-set,title,LEGO Diary Set with Combination Lock,طقم هدية LEGO — Diary Set with Combination Lock
lego-combination-lock-diary-set,body_html,"<p>LEGO Diary Set with Combination Lock — a ready-to-give set, no assembly needed.</p><p>Take the guesswork out of gifting for birthdays, school rewards and small thank-yous. From LEGO.</p>",<p>طقم هدية LEGO — طقم جاهز للإهداء دون أي تجهيز.</p><p>يريحك من حيرة الهدايا لأعياد الميلاد ومكافآت المدرسة.</p>
limited-campus-sisors,title,Kokuyo Campus Scissors — Limited Edition,مقص Campus من Kokuyo
limited-campus-sisors,body_html,"<p>Kokuyo Campus Scissors — Limited Edition that cut cleanly and feel comfortable in hand.</p><p>Suits paper craft, school projects and everyday desk jobs. From Kokuyo.</p>",<p>مقص Campus من Kokuyo يقص بدقة وبقبضة مريحة.</p><p>يناسب أعمال الورق والمشاريع المدرسية ومهام المكتب اليومية.</p>
elephant-eraser-and-highlighter,title,Elephant Eraser and Highlighter,طقم هدية من Elephant
elephant-eraser-and-highlighter,body_html,"<p>Elephant Eraser and Highlighter — a ready-to-give set, no assembly needed.</p><p>Take the guesswork out of gifting for birthdays, school rewards and small thank-yous. From Elephant.</p>",<p>طقم هدية من Elephant — طقم جاهز للإهداء دون أي تجهيز.</p><p>يريحك من حيرة الهدايا لأعياد الميلاد ومكافآت المدرسة.</p>
karu-cut-tape-cutter-bage,title,Kokuyo Karu Cut Washi Tape Cutter — Beige,شريط واشي Karu Cut بيج
karu-cut-tape-cutter-bage,body_html,"<p>Kokuyo Karu Cut Washi Tape Cutter — Beige — decorative paper tape that tears by hand and repositions without marking.</p><p>Perfect for journals, gift wrapping and craft projects. A little roll that makes everything prettier.</p>",<p>شريط واشي Karu Cut بيج — شريط ورقي مزخرف يُقص باليد ويُعاد لصقه دون أن يترك أثرًا.</p><p>مثالي لتزيين الدفاتر وتغليف الهدايا وأعمال الكرافت.</p>
karu-cut-tape-cutter-yellow,title,Kokuyo Karu Cut Washi Tape Cutter — Yellow,شريط واشي Karu Cut أصفر
karu-cut-tape-cutter-yellow,body_html,"<p>Kokuyo Karu Cut Washi Tape Cutter — Yellow — decorative paper tape that tears by hand and repositions without marking.</p><p>Perfect for journals, gift wrapping and craft projects. A little roll that makes everything prettier.</p>",<p>شريط واشي Karu Cut أصفر — شريط ورقي مزخرف يُقص باليد ويُعاد لصقه دون أن يترك أثرًا.</p><p>مثالي لتزيين الدفاتر وتغليف الهدايا وأعمال الكرافت.</p>
karu-cut-tape-cutter-blue,title,Kokuyo Karu Cut Washi Tape Cutter — Blue,شريط واشي Karu Cut أزرق
karu-cut-tape-cutter-blue,body_html,"<p>Kokuyo Karu Cut Washi Tape Cutter — Blue — decorative paper tape that tears by hand and repositions without marking.</p><p>Perfect for journals, gift wrapping and craft projects. A little roll that makes everything prettier.</p>",<p>شريط واشي Karu Cut أزرق — شريط ورقي مزخرف يُقص باليد ويُعاد لصقه دون أن يترك أثرًا.</p><p>مثالي لتزيين الدفاتر وتغليف الهدايا وأعمال الكرافت.</p>
mideer-pease-crayons,title,Mideer Pease Crayons,ألوان شمعية من Mideer
mideer-pease-crayons,body_html,"<p>Mideer Pease Crayons — bold, easy-grip colour for little hands.</p><p>Ideal for toddlers and young artists at home or nursery. From Mideer.</p>",<p>ألوان شمعية من Mideer — ألوان جريئة بقبضة سهلة للأيدي الصغيرة.</p><p>مثالية للصغار في البيت أو الحضانة.</p>
clixo-x-timothy-good-man-9pcs,title,Clixo × Timothy Goodman Magnetic Building Set — 9 Pieces,طقم Clixo ٩ قطعة
clixo-x-timothy-good-man-9pcs,body_html,<p>Clixo × Timothy Goodman Magnetic Building Set — 9 Pieces — a matched set that works together.</p><p>More useful (and better value) than buying the pieces separately. From Clixo.</p>,<p>طقم Clixo ٩ قطعة — طقم متكامل تعمل قطعه معًا.</p><p>أكثر فائدة وأفضل قيمة من شراء القطع متفرقة.</p>
muji-double-ring-notebook,title,Muji Double Ring Notebook,دفتر من Muji
muji-double-ring-notebook,body_html,"<p>Muji Double Ring Notebook for notes, lists and ideas.</p><p>Good paper in a practical format — for school, work or the bedside table. From Muji.</p>",<p>دفتر من Muji للملاحظات والقوائم والأفكار.</p><p>ورق جيد بحجم عملي — للمدرسة أو العمل أو بجانب السرير.</p>
chicro-large-leather-pencil-pink-and-per,title,Chica Ro Large Leather Pencil Case — Pink,مقلمة وردي من Chica Ro
chicro-large-leather-pencil-pink-and-per,body_html,"<p>Chica Ro Large Leather Pencil Case — Pink to keep pens, pencils and small tools together.</p><p>Fits neatly in a school bag or on a desk — no more hunting for the sharpener. From Chica Ro.</p>",<p>مقلمة وردي من Chica Ro لتجميع الأقلام والأدوات الصغيرة في مكان واحد.</p><p>يدخل حقيبة المدرسة بسهولة — ولا مزيد من البحث عن البراية.</p>
adel-soft-eraser-2,title,Adel Soft Eraser — Style 2,ممحاة تصميم ٢ من Adel
adel-soft-eraser-2,body_html,<p>Adel Soft Eraser that rubs out cleanly without tearing the page.</p><p>One of those small things every pencil case needs. From Adel.</p>,<p>ممحاة تصميم ٢ من Adel يمسح بنظافة دون إتلاف الورقة.</p><p>من الأشياء الصغيرة التي تحتاجها كل مقلمة.</p>
diy-your-own-slime,title,DIY Slime Making Kit,طقم
diy-your-own-slime,body_html,"<p>DIY Slime Making Kit with everything needed in one box.</p><p>A ready-made activity for weekends, holidays and gifts.</p>",<p>طقم بكل ما تحتاجه في علبة واحدة.</p><p>نشاط جاهز لنهايات الأسبوع والإجازات والهدايا.</p>
y-plus-eraser-pen,title,Y.Plus Eraser Pen,ممحاة من Y.Plus — Eraser Pen
y-plus-eraser-pen,body_html,<p>Y.Plus Eraser Pen that rubs out cleanly without tearing the page.</p><p>One of those small things every pencil case needs. From Y.Plus.</p>,<p>ممحاة من Y.Plus يمسح بنظافة دون إتلاف الورقة.</p><p>من الأشياء الصغيرة التي تحتاجها كل مقلمة.</p>
hello-kitty-pen,title,Hello Kitty Pen,قلم Hello Kitty
hello-kitty-pen,body_html,"<p>Hello Kitty Pen for smooth, reliable everyday writing.</p><p>A dependable pick for school, office and signatures alike.</p>",<p>قلم Hello Kitty لكتابة يومية سلسة وموثوقة.</p><p>خيار يعتمد عليه في المدرسة والمكتب والتوقيعات.</p>
neon-snap-bracelets,title,Neon Snap Bracelets Set,طقم هدية نيون
neon-snap-bracelets,body_html,"<p>Neon Snap Bracelets Set — a ready-to-give set, no assembly needed.</p><p>Take the guesswork out of gifting for birthdays, school rewards and small thank-yous.</p>",<p>طقم هدية نيون — طقم جاهز للإهداء دون أي تجهيز.</p><p>يريحك من حيرة الهدايا لأعياد الميلاد ومكافآت المدرسة.</p>
milly-and-cat-note-book,title,Milly and Cat Note Book — Style 1,كتاب تصميم ١
milly-and-cat-note-book,body_html,<p>Milly and Cat Note Book — facts and fun between two covers.</p><p>A lovely gift for curious readers.</p>,<p>كتاب تصميم ١ — معلومات ومتعة بين غلافين.</p><p>هدية جميلة لكل قارئ فضولي.</p>
one-pice-sabo-note-book,title,One Piece Sabo Notebook,دفتر One Piece — Piece Sabo Notebook
one-pice-sabo-note-book,body_html,"<p>One Piece Sabo Notebook for notes, lists and ideas.</p><p>Good paper in a practical format — for school, work or the bedside table.</p>",<p>دفتر One Piece للملاحظات والقوائم والأفكار.</p><p>ورق جيد بحجم عملي — للمدرسة أو العمل أو بجانب السرير.</p>
one-pice-ace-note-book,title,One Piece Ace Notebook,دفتر One Piece — Piece Ace Notebook
one-pice-ace-note-book,body_html,"<p>One Piece Ace Notebook for notes, lists and ideas.</p><p>Good paper in a practical format — for school, work or the bedside table.</p>",<p>دفتر One Piece للملاحظات والقوائم والأفكار.</p><p>ورق جيد بحجم عملي — للمدرسة أو العمل أو بجانب السرير.</p>
milly-and-cat-note-book-2,title,Milly and Cat Note Book — Style 2,كتاب تصميم ٢
milly-and-cat-note-book-2,body_html,<p>Milly and Cat Note Book — facts and fun between two covers.</p><p>A lovely gift for curious readers.</p>,<p>كتاب تصميم ٢ — معلومات ومتعة بين غلافين.</p><p>هدية جميلة لكل قارئ فضولي.</p>
masterart-blacklead-pencil,title,Masterart Black-Lead Pencils — Style 1,قلم رصاص تصميم ١ أسود من Masterart
masterart-blacklead-pencil,body_html,<p>Masterart Black-Lead Pencils for writing and sketching.</p><p>A classroom essential that sharpens cleanly and writes smoothly. From Masterart.</p>,<p>قلم رصاص تصميم ١ أسود من Masterart للكتابة والرسم.</p><p>أساسي في كل مقلمة — يُبرى بسهولة ويكتب بسلاسة.</p>
jiehui-cube-3nd,title,Jiehui Magic Cube Puzzle,لغز من Jiehuitoys
jiehui-cube-3nd,body_html,"<p>Jiehui Magic Cube Puzzle to twist, solve and master.</p><p>Builds patience and problem-solving — dangerously moreish. From Jiehuitoys.</p>",<p>لغز من Jiehuitoys للحل والإتقان.</p><p>ينمّي الصبر ومهارات الحل — وإدمانه لطيف.</p>
cube-magic,title,Magic Cube Puzzle,لغز من Ledongzhan
cube-magic,body_html,"<p>Magic Cube Puzzle to twist, solve and master.</p><p>Builds patience and problem-solving — dangerously moreish. From Ledongzhan.</p>",<p>لغز من Ledongzhan للحل والإتقان.</p><p>ينمّي الصبر ومهارات الحل — وإدمانه لطيف.</p>
minicombination-lock-book-kuromi,title,Kuromi Mini Notebook with Combination Lock,طقم هدية Kuromi
minicombination-lock-book-kuromi,body_html,"<p>Kuromi Mini Notebook with Combination Lock — a ready-to-give set, no assembly needed.</p><p>Take the guesswork out of gifting for birthdays, school rewards and small thank-yous.</p>",<p>طقم هدية Kuromi — طقم جاهز للإهداء دون أي تجهيز.</p><p>يريحك من حيرة الهدايا لأعياد الميلاد ومكافآت المدرسة.</p>
bsoku-super-light-clay,title,Baoku Super Light Modelling Clay,صلصال من Baoku
bsoku-super-light-clay,body_html,"<p>Baoku Super Light Modelling Clay — soft, colourful and easy to shape.</p><p>Hours of screen-free making for kids; air-dries into keepable little creations. From Baoku.</p>",<p>صلصال من Baoku — طري وملون وسهل التشكيل.</p><p>ساعات من اللعب الإبداعي بعيدًا عن الشاشات، ويجف ليتحول إلى مجسمات تُحفظ.</p>
masterart-blacklead-pencil-2,title,Masterart Black-Lead Pencils — Style 2,قلم رصاص تصميم ٢ أسود من Masterart
masterart-blacklead-pencil-2,body_html,<p>Masterart Black-Lead Pencils for writing and sketching.</p><p>A classroom essential that sharpens cleanly and writes smoothly. From Masterart.</p>,<p>قلم رصاص تصميم ٢ أسود من Masterart للكتابة والرسم.</p><p>أساسي في كل مقلمة — يُبرى بسهولة ويكتب بسلاسة.</p>
flamingo-erasable-color-pencils-72-colors,title,Flamingo Erasable Colour Pencils — 72 Colours,أقلام تلوين خشبية ٧٢ لونًا من Flamingo
flamingo-erasable-color-pencils-72-colors,body_html,"<p>Flamingo Erasable Colour Pencils — 72 Colours for smooth, vivid colouring.</p><p>A solid choice for school bags and home art corners — easy to sharpen and comfortable to hold. From Flamingo.</p>",<p>أقلام تلوين خشبية ٧٢ لونًا من Flamingo لتلوين ناعم بألوان زاهية.</p><p>خيار ممتاز لحقيبة المدرسة وركن الرسم في البيت.</p>
paint-your-own-squishy-animal-park,title,Asia Books Paint Your Own Squishy Animal Park,ألوان مائية من Asia Books — Books Paint Your Own Squishy Animal Park
paint-your-own-squishy-animal-park,body_html,"<p>Asia Books Paint Your Own Squishy Animal Park for bright, easy painting sessions.</p><p>Suits school projects and weekend art at home — just add water and paper. From Asia Books.</p>",<p>ألوان مائية من Asia Books لجلسات رسم مشرقة وسهلة.</p><p>يناسب مشاريع المدرسة وهوايات نهاية الأسبوع — فقط أضف الماء والورق.</p>
paint-your-own-squishy-dinosaur-land,title,Asia Books Paint Your Own Squishy Dinosaur Land,ألوان مائية من Asia Books — Books Paint Your Own Squishy Dinosaur Land
paint-your-own-squishy-dinosaur-land,body_html,"<p>Asia Books Paint Your Own Squishy Dinosaur Land for bright, easy painting sessions.</p><p>Suits school projects and weekend art at home — just add water and paper. From Asia Books.</p>",<p>ألوان مائية من Asia Books لجلسات رسم مشرقة وسهلة.</p><p>يناسب مشاريع المدرسة وهوايات نهاية الأسبوع — فقط أضف الماء والورق.</p>
dino-crafts,title,Asia Books Dino Crafts,مستلزمات كرافت من Asia Books
dino-crafts,body_html,"<p>Asia Books Dino Crafts for craft boxes and school art projects.</p><p>Mix them into collages, models and DIY decorations. From Asia Books.</p>",<p>مستلزمات كرافت من Asia Books لصناديق الكرافت والمشاريع الفنية المدرسية.</p><p>تدخل في الكولاج والمجسمات وأعمال التزيين اليدوية.</p>
reward-chart-and-sticker,title,Reward Chart & Sticker Set — Style 1,طقم هدية تصميم ١ من Asia Books
reward-chart-and-sticker,body_html,"<p>Reward Chart & Sticker Set — a ready-to-give set, no assembly needed.</p><p>Take the guesswork out of gifting for birthdays, school rewards and small thank-yous. From Asia Books.</p>",<p>طقم هدية تصميم ١ من Asia Books — طقم جاهز للإهداء دون أي تجهيز.</p><p>يريحك من حيرة الهدايا لأعياد الميلاد ومكافآت المدرسة.</p>
reward-chart-and-sticker-2,title,Reward Chart & Sticker Set — Style 2,طقم هدية تصميم ٢ من Asia Books
reward-chart-and-sticker-2,body_html,"<p>Reward Chart & Sticker Set — a ready-to-give set, no assembly needed.</p><p>Take the guesswork out of gifting for birthdays, school rewards and small thank-yous. From Asia Books.</p>",<p>طقم هدية تصميم ٢ من Asia Books — طقم جاهز للإهداء دون أي تجهيز.</p><p>يريحك من حيرة الهدايا لأعياد الميلاد ومكافآت المدرسة.</p>
yq-rulur,title,YQ Ruler,مسطرة من YQ
yq-rulur,body_html,"<p>YQ Ruler for accurate measuring and clean lines.</p><p>Made for pencil cases, drawing boards and toolboxes. From YQ.</p>",<p>مسطرة من YQ لقياس دقيق وخطوط نظيفة.</p><p>لأدوات الهندسة والمقلمة وصندوق العدة.</p>
black-wood-triangle-pencil,title,FIS Black Wood Triangular Pencil,قلم رصاص أسود من FIS
black-wood-triangle-pencil,body_html,<p>FIS Black Wood Triangular Pencil for writing and sketching.</p><p>A classroom essential that sharpens cleanly and writes smoothly. From FIS.</p>,<p>قلم رصاص أسود من FIS للكتابة والرسم.</p><p>أساسي في كل مقلمة — يُبرى بسهولة ويكتب بسلاسة.</p>
kurumi-pencils,title,Kuromi Pencils,قلم رصاص Kuromi
kurumi-pencils,body_html,<p>Kuromi Pencils for writing and sketching.</p><p>A classroom essential that sharpens cleanly and writes smoothly.</p>,<p>قلم رصاص Kuromi للكتابة والرسم.</p><p>أساسي في كل مقلمة — يُبرى بسهولة ويكتب بسلاسة.</p>
stitch-pencils,title,Stitch Pencils,قلم رصاص Stitch
stitch-pencils,body_html,<p>Stitch Pencils for writing and sketching.</p><p>A classroom essential that sharpens cleanly and writes smoothly.</p>,<p>قلم رصاص Stitch للكتابة والرسم.</p><p>أساسي في كل مقلمة — يُبرى بسهولة ويكتب بسلاسة.</p>
fis-executive-envelopes-laid-bond-paper,title,FIS Executive Envelopes — Laid Bond Paper,ملف من FIS
fis-executive-envelopes-laid-bond-paper,body_html,"<p>FIS Executive Envelopes — Laid Bond Paper to keep papers flat, sorted and safe.</p><p>Brings quick order to school hand-outs, bills and office documents. From FIS.</p>",<p>ملف من FIS لحفظ الأوراق مرتبة وآمنة.</p><p>نظام سريع لأوراق المدرسة والفواتير ومستندات المكتب.</p>
smart-coloring-book-fire-fighters,title,Smart Colouring Book Fire Fighters,كتاب تلوين من Smart
smart-coloring-book-fire-fighters,body_html,"<p>Smart Colouring Book Fire Fighters full of pictures waiting for colour.</p><p>A calm, screen-free activity for young children. From Smart.</p>",<p>كتاب تلوين من Smart بصفحات تنتظر التلوين.</p><p>نشاط هادئ بعيد عن الشاشات للأطفال الصغار.</p>
my-little-pony-erasable-pen,title,My Little Pony Erasable Pen,قلم My Little Pony
my-little-pony-erasable-pen,body_html,"<p>My Little Pony Erasable Pen for smooth, reliable everyday writing.</p><p>A dependable pick for school, office and signatures alike.</p>",<p>قلم My Little Pony لكتابة يومية سلسة وموثوقة.</p><p>خيار يعتمد عليه في المدرسة والمكتب والتوقيعات.</p>
deli-stick-up-glue-gun,title,Deli Stick Up Glue Gun,مسدس شمع من Deli
deli-stick-up-glue-gun,body_html,"<p>Deli Stick Up Glue Gun for quick-setting craft and repair jobs.</p><p>Melts glue sticks fast for card, fabric and decoration projects — adult supervision for young makers. From Deli.</p>",<p>مسدس شمع من Deli لأعمال الكرافت والإصلاحات السريعة.</p><p>يذيب أصابع الغراء بسرعة — بإشراف الكبار للصغار.</p>
neon-colour-activity-set,title,Hinkler Neon Colour Activity Set,كتاب أنشطة نيون من Hinkler
neon-colour-activity-set,body_html,"<p>Hinkler Neon Colour Activity Set packed with things to do, colour and learn.</p><p>Keeps young minds busy on quiet afternoons and long car rides. From Hinkler.</p>",<p>كتاب أنشطة نيون من Hinkler مليء بأنشطة التلوين والتعلم.</p><p>يشغل العقول الصغيرة في الأمسيات الهادئة والرحلات الطويلة.</p>
colorful-eva-woodlike-blocks-60-pcs,title,Toy Hero Colourful EVA Building Blocks — 60 Pieces,مكعبات بناء ٦٠ قطعة من Toy Hero
colorful-eva-woodlike-blocks-60-pcs,body_html,"<p>Toy Hero Colourful EVA Building Blocks — 60 Pieces for open-ended building play.</p><p>Light, safe pieces that grow imagination and motor skills. From Toy Hero.</p>",<p>مكعبات بناء ٦٠ قطعة من Toy Hero للعب بناء مفتوح النهاية.</p><p>قطع خفيفة وآمنة تنمي الخيال والمهارات الحركية.</p>
experiment-set,title,Hi5 Science Experiment Set,طقم علمي من Hi5 — Science Experiment Set
experiment-set,body_html,"<p>Hi5 Science Experiment Set — hands-on science that feels like play.</p><p>Curious kids follow the steps, see real results and learn why it works. From Hi5.</p>",<p>طقم علمي من Hi5 — علوم عملية بطعم اللعب.</p><p>يتبع الصغار الخطوات ويرون نتائج حقيقية ويتعلمون السبب.</p>
crystal-growing,title,Hi5 Crystal Growing Kit — Small,طقم علمي من Hi5 — Crystal Growing Kit — Small
crystal-growing,body_html,"<p>Hi5 Crystal Growing Kit — Small — hands-on science that feels like play.</p><p>Curious kids follow the steps, see real results and learn why it works. From Hi5.</p>",<p>طقم علمي من Hi5 — علوم عملية بطعم اللعب.</p><p>يتبع الصغار الخطوات ويرون نتائج حقيقية ويتعلمون السبب.</p>
magical-molecules,title,Hi5 Magical Molecules Science Kit,طقم علمي من Hi5 — Magical Molecules Science Kit
magical-molecules,body_html,"<p>Hi5 Magical Molecules Science Kit — hands-on science that feels like play.</p><p>Curious kids follow the steps, see real results and learn why it works. From Hi5.</p>",<p>طقم علمي من Hi5 — علوم عملية بطعم اللعب.</p><p>يتبع الصغار الخطوات ويرون نتائج حقيقية ويتعلمون السبب.</p>
solar-street-lamp,title,Hi5 Solar Street Lamp Science Kit,طقم علمي من Hi5 — Solar Street Lamp Science Kit
solar-street-lamp,body_html,"<p>Hi5 Solar Street Lamp Science Kit — hands-on science that feels like play.</p><p>Curious kids follow the steps, see real results and learn why it works. From Hi5.</p>",<p>طقم علمي من Hi5 — علوم عملية بطعم اللعب.</p><p>يتبع الصغار الخطوات ويرون نتائج حقيقية ويتعلمون السبب.</p>
wind-up-light,title,Hi5 Wind-Up Light Science Kit,طقم علمي من Hi5 — Wind-Up Light Science Kit
wind-up-light,body_html,"<p>Hi5 Wind-Up Light Science Kit — hands-on science that feels like play.</p><p>Curious kids follow the steps, see real results and learn why it works. From Hi5.</p>",<p>طقم علمي من Hi5 — علوم عملية بطعم اللعب.</p><p>يتبع الصغار الخطوات ويرون نتائج حقيقية ويتعلمون السبب.</p>
dig-discover-dinosaurs,title,Hi5 Dig & Discover Dinosaurs Kit,طقم من Hi5 — Dig & Discover Dinosaurs Kit
dig-discover-dinosaurs,body_html,"<p>Hi5 Dig & Discover Dinosaurs Kit with everything needed in one box.</p><p>A ready-made activity for weekends, holidays and gifts. From Hi5.</p>",<p>طقم من Hi5 بكل ما تحتاجه في علبة واحدة.</p><p>نشاط جاهز لنهايات الأسبوع والإجازات والهدايا.</p>
zap-build-your-own-super-rockets,title,Hi5 ZAP! Build Your Own Super Rockets Kit,طقم علمي ZAP! من Hi5 — ZAP! Build Your Own Super Rockets Kit
zap-build-your-own-super-rockets,body_html,"<p>Hi5 ZAP! Build Your Own Super Rockets Kit — hands-on science that feels like play.</p><p>Curious kids follow the steps, see real results and learn why it works. From Hi5.</p>",<p>طقم علمي ZAP! من Hi5 — علوم عملية بطعم اللعب.</p><p>يتبع الصغار الخطوات ويرون نتائج حقيقية ويتعلمون السبب.</p>
fidget-toy-creation-lab,title,Hi5 Fidget Toy Creation Lab,طقم من Hi5 — Fidget Toy Creation Lab
fidget-toy-creation-lab,body_html,"<p>Hi5 Fidget Toy Creation Lab with everything needed in one box.</p><p>A ready-made activity for weekends, holidays and gifts. From Hi5.</p>",<p>طقم من Hi5 بكل ما تحتاجه في علبة واحدة.</p><p>نشاط جاهز لنهايات الأسبوع والإجازات والهدايا.</p>
crystal-growing-kit,title,Hi5 Crystal Growing Kit — Large,طقم علمي من Hi5 — Crystal Growing Kit — Large
crystal-growing-kit,body_html,"<p>Hi5 Crystal Growing Kit — Large — hands-on science that feels like play.</p><p>Curious kids follow the steps, see real results and learn why it works. From Hi5.</p>",<p>طقم علمي من Hi5 — علوم عملية بطعم اللعب.</p><p>يتبع الصغار الخطوات ويرون نتائج حقيقية ويتعلمون السبب.</p>
zap-bouncy-balls,title,Hi5 ZAP! Make Your Own Bouncy Balls Kit,طقم ZAP! من Hi5 — ZAP! Make Your Own Bouncy Balls Kit
zap-bouncy-balls,body_html,"<p>Hi5 ZAP! Make Your Own Bouncy Balls Kit with everything needed in one box.</p><p>A ready-made activity for weekends, holidays and gifts. From Hi5.</p>",<p>طقم ZAP! من Hi5 بكل ما تحتاجه في علبة واحدة.</p><p>نشاط جاهز لنهايات الأسبوع والإجازات والهدايا.</p>
zap-extra-diy-putty-lab,title,Hi5 ZAP! Extra DIY Putty Lab,طقم ZAP! من Hi5 — ZAP! Extra DIY Putty Lab
zap-extra-diy-putty-lab,body_html,"<p>Hi5 ZAP! Extra DIY Putty Lab with everything needed in one box.</p><p>A ready-made activity for weekends, holidays and gifts. From Hi5.</p>",<p>طقم ZAP! من Hi5 بكل ما تحتاجه في علبة واحدة.</p><p>نشاط جاهز لنهايات الأسبوع والإجازات والهدايا.</p>
zap-extra-crystal-world,title,Hi5 ZAP! Extra Crystal World Kit,طقم علمي ZAP! من Hi5 — ZAP! Extra Crystal World Kit
zap-extra-crystal-world,body_html,"<p>Hi5 ZAP! Extra Crystal World Kit — hands-on science that feels like play.</p><p>Curious kids follow the steps, see real results and learn why it works. From Hi5.</p>",<p>طقم علمي ZAP! من Hi5 — علوم عملية بطعم اللعب.</p><p>يتبع الصغار الخطوات ويرون نتائج حقيقية ويتعلمون السبب.</p>
inkredibles-adorable-axolotls-magic-ink,title,Inkredibles Adorable Axolotls Magic Ink Book,كتاب من Hi5 — Adorable Axolotls Magic Ink Book
inkredibles-adorable-axolotls-magic-ink,body_html,<p>Inkredibles Adorable Axolotls Magic Ink Book — facts and fun between two covers.</p><p>A lovely gift for curious readers. From Hi5.</p>,<p>كتاب من Hi5 — معلومات ومتعة بين غلافين.</p><p>هدية جميلة لكل قارئ فضولي.</p>
building-blocks-puzzle-train-first-alphapet,title,Hi5 Building Blocks Puzzle Train First Alphabet — Style 1,لغز تصميم ١ من Hi5
building-blocks-puzzle-train-first-alphapet,body_html,"<p>Hi5 Building Blocks Puzzle Train First Alphabet to twist, solve and master.</p><p>Builds patience and problem-solving — dangerously moreish. From Hi5.</p>",<p>لغز تصميم ١ من Hi5 للحل والإتقان.</p><p>ينمّي الصبر ومهارات الحل — وإدمانه لطيف.</p>
building-blocks-puzzle-train-first-alphapet-2,title,Hi5 Building Blocks Puzzle Train First Alphabet — Style 2,لغز تصميم ٢ من Hi5
building-blocks-puzzle-train-first-alphapet-2,body_html,"<p>Hi5 Building Blocks Puzzle Train First Alphabet to twist, solve and master.</p><p>Builds patience and problem-solving — dangerously moreish. From Hi5.</p>",<p>لغز تصميم ٢ من Hi5 للحل والإتقان.</p><p>ينمّي الصبر ومهارات الحل — وإدمانه لطيف.</p>
zap-pom-pom-friends,title,Hi5 ZAP! Pom-Pom Friends Kit,طقم ZAP! من Hi5 — ZAP! Pom-Pom Friends Kit
zap-pom-pom-friends,body_html,"<p>Hi5 ZAP! Pom-Pom Friends Kit with everything needed in one box.</p><p>A ready-made activity for weekends, holidays and gifts. From Hi5.</p>",<p>طقم ZAP! من Hi5 بكل ما تحتاجه في علبة واحدة.</p><p>نشاط جاهز لنهايات الأسبوع والإجازات والهدايا.</p>
pom-pom-animal-kit-panda,title,Hi5 Pom Animal Kit-panda,طقم من Hi5 — Pom Animal Kit-panda
pom-pom-animal-kit-panda,body_html,"<p>Hi5 Pom Animal Kit-panda with everything needed in one box.</p><p>A ready-made activity for weekends, holidays and gifts. From Hi5.</p>",<p>طقم من Hi5 بكل ما تحتاجه في علبة واحدة.</p><p>نشاط جاهز لنهايات الأسبوع والإجازات والهدايا.</p>
pom-pom-animal-kit-rabbit,title,Hi5 Pom Animal Kit-rabbit,طقم من Hi5 — Pom Animal Kit-rabbit
pom-pom-animal-kit-rabbit,body_html,"<p>Hi5 Pom Animal Kit-rabbit with everything needed in one box.</p><p>A ready-made activity for weekends, holidays and gifts. From Hi5.</p>",<p>طقم من Hi5 بكل ما تحتاجه في علبة واحدة.</p><p>نشاط جاهز لنهايات الأسبوع والإجازات والهدايا.</p>
pom-pom-animal-kit-alpaca,title,Hi5 Pom Animal Kit-alpaca,طقم من Hi5 — Pom Animal Kit-alpaca
pom-pom-animal-kit-alpaca,body_html,"<p>Hi5 Pom Animal Kit-alpaca with everything needed in one box.</p><p>A ready-made activity for weekends, holidays and gifts. From Hi5.</p>",<p>طقم من Hi5 بكل ما تحتاجه في علبة واحدة.</p><p>نشاط جاهز لنهايات الأسبوع والإجازات والهدايا.</p>
pom-pom-animal-kit-fox,title,Hi5 Pom Animal Kit-fox,طقم من Hi5 — Pom Animal Kit-fox
pom-pom-animal-kit-fox,body_html,"<p>Hi5 Pom Animal Kit-fox with everything needed in one box.</p><p>A ready-made activity for weekends, holidays and gifts. From Hi5.</p>",<p>طقم من Hi5 بكل ما تحتاجه في علبة واحدة.</p><p>نشاط جاهز لنهايات الأسبوع والإجازات والهدايا.</p>
african-adventure-colouring-activity-set,title,Hi5 African Adventure Colouring & Activity Set,كتاب أنشطة من Hi5 — African Adventure Colouring & Activity Set
african-adventure-colouring-activity-set,body_html,"<p>Hi5 African Adventure Colouring & Activity Set packed with things to do, colour and learn.</p><p>Keeps young minds busy on quiet afternoons and long car rides. From Hi5.</p>",<p>كتاب أنشطة من Hi5 مليء بأنشطة التلوين والتعلم.</p><p>يشغل العقول الصغيرة في الأمسيات الهادئة والرحلات الطويلة.</p>
discover-the-dinosaurs-colouring-activity-set,title,Hi5 Discover the Dinosaurs Colouring & Activity Set,كتاب أنشطة من Hi5 — Discover the Dinosaurs Colouring & Activity Set
discover-the-dinosaurs-colouring-activity-set,body_html,"<p>Hi5 Discover the Dinosaurs Colouring & Activity Set packed with things to do, colour and learn.</p><p>Keeps young minds busy on quiet afternoons and long car rides. From Hi5.</p>",<p>كتاب أنشطة من Hi5 مليء بأنشطة التلوين والتعلم.</p><p>يشغل العقول الصغيرة في الأمسيات الهادئة والرحلات الطويلة.</p>
the-very-hungry-caterpiller-activity-set,title,The Very Hungry Caterpillar Colouring & Activity Set,كتاب أنشطة The Very Hungry Caterpillar من Hi5 — Very Hungry Caterpillar Colouring & Activity Set
the-very-hungry-caterpiller-activity-set,body_html,"<p>The Very Hungry Caterpillar Colouring & Activity Set packed with things to do, colour and learn.</p><p>Keeps young minds busy on quiet afternoons and long car rides. From Hi5.</p>",<p>كتاب أنشطة The Very Hungry Caterpillar من Hi5 مليء بأنشطة التلوين والتعلم.</p><p>يشغل العقول الصغيرة في الأمسيات الهادئة والرحلات الطويلة.</p>
the-very-hungry-caterpiller-finger-prints,title,Hi5 The Very Hungry Caterpillar Finger Prints,كتاب أنشطة The Very Hungry Caterpillar من Hi5 — The Very Hungry Caterpillar Finger Prints
the-very-hungry-caterpiller-finger-prints,body_html,"<p>Hi5 The Very Hungry Caterpillar Finger Prints packed with things to do, colour and learn.</p><p>Keeps young minds busy on quiet afternoons and long car rides. From Hi5.</p>",<p>كتاب أنشطة The Very Hungry Caterpillar من Hi5 مليء بأنشطة التلوين والتعلم.</p><p>يشغل العقول الصغيرة في الأمسيات الهادئة والرحلات الطويلة.</p>
under-the-sea-finger-prints,title,Hi5 Under the Sea Finger Prints,كتاب أنشطة من Hi5 — Under the Sea Finger Prints
under-the-sea-finger-prints,body_html,"<p>Hi5 Under the Sea Finger Prints packed with things to do, colour and learn.</p><p>Keeps young minds busy on quiet afternoons and long car rides. From Hi5.</p>",<p>كتاب أنشطة من Hi5 مليء بأنشطة التلوين والتعلم.</p><p>يشغل العقول الصغيرة في الأمسيات الهادئة والرحلات الطويلة.</p>
on-the-farm-finger-prints,title,Hi5 On the Farm Finger Prints,كتاب أنشطة من Hi5 — On the Farm Finger Prints
on-the-farm-finger-prints,body_html,"<p>Hi5 On the Farm Finger Prints packed with things to do, colour and learn.</p><p>Keeps young minds busy on quiet afternoons and long car rides. From Hi5.</p>",<p>كتاب أنشطة من Hi5 مليء بأنشطة التلوين والتعلم.</p><p>يشغل العقول الصغيرة في الأمسيات الهادئة والرحلات الطويلة.</p>
magical-rainbowland-finger-prints,title,Hi5 Magical Rainbowland Finger Prints,كتاب أنشطة من Hi5 — Magical Rainbowland Finger Prints
magical-rainbowland-finger-prints,body_html,"<p>Hi5 Magical Rainbowland Finger Prints packed with things to do, colour and learn.</p><p>Keeps young minds busy on quiet afternoons and long car rides. From Hi5.</p>",<p>كتاب أنشطة من Hi5 مليء بأنشطة التلوين والتعلم.</p><p>يشغل العقول الصغيرة في الأمسيات الهادئة والرحلات الطويلة.</p>
adorable-axolotls-colouring-activity-set,title,Hi5 Adorable Axolotls Colouring & Activity Set,كتاب أنشطة من Hi5 — Adorable Axolotls Colouring & Activity Set
adorable-axolotls-colouring-activity-set,body_html,"<p>Hi5 Adorable Axolotls Colouring & Activity Set packed with things to do, colour and learn.</p><p>Keeps young minds busy on quiet afternoons and long car rides. From Hi5.</p>",<p>كتاب أنشطة من Hi5 مليء بأنشطة التلوين والتعلم.</p><p>يشغل العقول الصغيرة في الأمسيات الهادئة والرحلات الطويلة.</p>
zap-kawaii-rock-painting-kiy,title,Hi5 ZAP! Kawaii Rock Painting Kit,طقم ZAP! من Hi5 — ZAP! Kawaii Rock Painting Kit
zap-kawaii-rock-painting-kiy,body_html,"<p>Hi5 ZAP! Kawaii Rock Painting Kit with everything needed in one box.</p><p>A ready-made activity for weekends, holidays and gifts. From Hi5.</p>",<p>طقم ZAP! من Hi5 بكل ما تحتاجه في علبة واحدة.</p><p>نشاط جاهز لنهايات الأسبوع والإجازات والهدايا.</p>
zap-frienship-bracelet,title,Hi5 ZAP! Friendship Bracelet Kit,طقم ZAP! من Hi5 — ZAP! Friendship Bracelet Kit
zap-frienship-bracelet,body_html,"<p>Hi5 ZAP! Friendship Bracelet Kit with everything needed in one box.</p><p>A ready-made activity for weekends, holidays and gifts. From Hi5.</p>",<p>طقم ZAP! من Hi5 بكل ما تحتاجه في علبة واحدة.</p><p>نشاط جاهز لنهايات الأسبوع والإجازات والهدايا.</p>
my-roar-some-dinosaurs-puzzle-activity-book,title,Hi5 My Roar-some Dinosaurs Puzzle & Activity Book,كتاب أنشطة من Hi5 — My Roar-some Dinosaurs Puzzle & Activity Book
my-roar-some-dinosaurs-puzzle-activity-book,body_html,"<p>Hi5 My Roar-some Dinosaurs Puzzle & Activity Book packed with things to do, colour and learn.</p><p>Keeps young minds busy on quiet afternoons and long car rides. From Hi5.</p>",<p>كتاب أنشطة من Hi5 مليء بأنشطة التلوين والتعلم.</p><p>يشغل العقول الصغيرة في الأمسيات الهادئة والرحلات الطويلة.</p>
craft-maker-cross-stitch-kit,title,Hi5 Craft Maker Cross-stitch Kit,طقم Stitch من Hi5
craft-maker-cross-stitch-kit,body_html,"<p>Hi5 Craft Maker Cross-stitch Kit with everything needed in one box.</p><p>A ready-made activity for weekends, holidays and gifts. From Hi5.</p>",<p>طقم Stitch من Hi5 بكل ما تحتاجه في علبة واحدة.</p><p>نشاط جاهز لنهايات الأسبوع والإجازات والهدايا.</p>
incredible-but-true-bugs-insects,title,Incredible But True — Bugs & Insects Book,كتاب من Hi5 — But True — Bugs & Insects Book
incredible-but-true-bugs-insects,body_html,<p>Incredible But True — Bugs & Insects Book — facts and fun between two covers.</p><p>A lovely gift for curious readers. From Hi5.</p>,<p>كتاب من Hi5 — معلومات ومتعة بين غلافين.</p><p>هدية جميلة لكل قارئ فضولي.</p>
incredible-but-true-space,title,Incredible But True — Space Book,كتاب من Hi5 — But True — Space Book
incredible-but-true-space,body_html,<p>Incredible But True — Space Book — facts and fun between two covers.</p><p>A lovely gift for curious readers. From Hi5.</p>,<p>كتاب من Hi5 — معلومات ومتعة بين غلافين.</p><p>هدية جميلة لكل قارئ فضولي.</p>
incredible-but-true-animals,title,Incredible But True — Animals Book,كتاب من Hi5 — But True — Animals Book
incredible-but-true-animals,body_html,<p>Incredible But True — Animals Book — facts and fun between two covers.</p><p>A lovely gift for curious readers. From Hi5.</p>,<p>كتاب من Hi5 — معلومات ومتعة بين غلافين.</p><p>هدية جميلة لكل قارئ فضولي.</p>
incredible-but-true-dinasours,title,Incredible But True — Dinosaurs Book,كتاب من Hi5 — But True — Dinosaurs Book
incredible-but-true-dinasours,body_html,<p>Incredible But True — Dinosaurs Book — facts and fun between two covers.</p><p>A lovely gift for curious readers. From Hi5.</p>,<p>كتاب من Hi5 — معلومات ومتعة بين غلافين.</p><p>هدية جميلة لكل قارئ فضولي.</p>
naruto-gift-box,title,Naruto Stationery Gift Box,طقم هدية Naruto من Hi5
naruto-gift-box,body_html,"<p>Naruto Stationery Gift Box — a ready-to-give set, no assembly needed.</p><p>Take the guesswork out of gifting for birthdays, school rewards and small thank-yous. From Hi5.</p>",<p>طقم هدية Naruto من Hi5 — طقم جاهز للإهداء دون أي تجهيز.</p><p>يريحك من حيرة الهدايا لأعياد الميلاد ومكافآت المدرسة.</p>
preschool,title,Hi5 Preschool Activity Book — Style 1,كتاب أنشطة تصميم ١ من Hi5
preschool,body_html,"<p>Hi5 Preschool Activity Book packed with things to do, colour and learn.</p><p>Keeps young minds busy on quiet afternoons and long car rides. From Hi5.</p>",<p>كتاب أنشطة تصميم ١ من Hi5 مليء بأنشطة التلوين والتعلم.</p><p>يشغل العقول الصغيرة في الأمسيات الهادئة والرحلات الطويلة.</p>
preschool-2,title,Hi5 Preschool Activity Book — Style 2,كتاب أنشطة تصميم ٢ من Hi5
preschool-2,body_html,"<p>Hi5 Preschool Activity Book packed with things to do, colour and learn.</p><p>Keeps young minds busy on quiet afternoons and long car rides. From Hi5.</p>",<p>كتاب أنشطة تصميم ٢ من Hi5 مليء بأنشطة التلوين والتعلم.</p><p>يشغل العقول الصغيرة في الأمسيات الهادئة والرحلات الطويلة.</p>
preschool-3,title,Hi5 Preschool Activity Book — Style 3,كتاب أنشطة تصميم ٣ من Hi5
preschool-3,body_html,"<p>Hi5 Preschool Activity Book packed with things to do, colour and learn.</p><p>Keeps young minds busy on quiet afternoons and long car rides. From Hi5.</p>",<p>كتاب أنشطة تصميم ٣ من Hi5 مليء بأنشطة التلوين والتعلم.</p><p>يشغل العقول الصغيرة في الأمسيات الهادئة والرحلات الطويلة.</p>
preschool-4,title,Hi5 Preschool Activity Book — Style 4,كتاب أنشطة تصميم ٤ من Hi5
preschool-4,body_html,"<p>Hi5 Preschool Activity Book packed with things to do, colour and learn.</p><p>Keeps young minds busy on quiet afternoons and long car rides. From Hi5.</p>",<p>كتاب أنشطة تصميم ٤ من Hi5 مليء بأنشطة التلوين والتعلم.</p><p>يشغل العقول الصغيرة في الأمسيات الهادئة والرحلات الطويلة.</p>
preschool-5,title,Hi5 Preschool Activity Book — Style 5,كتاب أنشطة تصميم ٥ من Hi5
preschool-5,body_html,"<p>Hi5 Preschool Activity Book packed with things to do, colour and learn.</p><p>Keeps young minds busy on quiet afternoons and long car rides. From Hi5.</p>",<p>كتاب أنشطة تصميم ٥ من Hi5 مليء بأنشطة التلوين والتعلم.</p><p>يشغل العقول الصغيرة في الأمسيات الهادئة والرحلات الطويلة.</p>
preschool-6,title,Hi5 Preschool Activity Book — Style 6,كتاب أنشطة تصميم ٦ من Hi5
preschool-6,body_html,"<p>Hi5 Preschool Activity Book packed with things to do, colour and learn.</p><p>Keeps young minds busy on quiet afternoons and long car rides. From Hi5.</p>",<p>كتاب أنشطة تصميم ٦ من Hi5 مليء بأنشطة التلوين والتعلم.</p><p>يشغل العقول الصغيرة في الأمسيات الهادئة والرحلات الطويلة.</p>
how-viruses-work,title,How Viruses Work — Science Kit,طقم علمي من Hi5 — Viruses Work — Science Kit
how-viruses-work,body_html,"<p>How Viruses Work — Science Kit — hands-on science that feels like play.</p><p>Curious kids follow the steps, see real results and learn why it works. From Hi5.</p>",<p>طقم علمي من Hi5 — علوم عملية بطعم اللعب.</p><p>يتبع الصغار الخطوات ويرون نتائج حقيقية ويتعلمون السبب.</p>
how-buoyancy-works,title,How Buoyancy Works — Science Kit,طقم علمي من Hi5 — Buoyancy Works — Science Kit
how-buoyancy-works,body_html,"<p>How Buoyancy Works — Science Kit — hands-on science that feels like play.</p><p>Curious kids follow the steps, see real results and learn why it works. From Hi5.</p>",<p>طقم علمي من Hi5 — علوم عملية بطعم اللعب.</p><p>يتبع الصغار الخطوات ويرون نتائج حقيقية ويتعلمون السبب.</p>
how-inertia-works,title,How Inertia Works — Science Kit,طقم علمي من Hi5 — Inertia Works — Science Kit
how-inertia-works,body_html,"<p>How Inertia Works — Science Kit — hands-on science that feels like play.</p><p>Curious kids follow the steps, see real results and learn why it works. From Hi5.</p>",<p>طقم علمي من Hi5 — علوم عملية بطعم اللعب.</p><p>يتبع الصغار الخطوات ويرون نتائج حقيقية ويتعلمون السبب.</p>
bandit-ball-and-color-vision,title,Bandit Ball & Colour Vision Magic Trick,كتاب أنشطة من Magic — Ball & Colour Vision Magic Trick
bandit-ball-and-color-vision,body_html,"<p>Bandit Ball & Colour Vision Magic Trick packed with things to do, colour and learn.</p><p>Keeps young minds busy on quiet afternoons and long car rides. From Magic.</p>",<p>كتاب أنشطة من Magic مليء بأنشطة التلوين والتعلم.</p><p>يشغل العقول الصغيرة في الأمسيات الهادئة والرحلات الطويلة.</p>
card-tricks,title,Card Tricks Magic Set,ورق من Magic
card-tricks,body_html,"<p>Card Tricks Magic Set for writing, printing and craft.</p><p>A useful stack to keep within arm's reach. From Magic.</p>",<p>ورق من Magic للكتابة والطباعة والكرافت.</p><p>رزمة مفيدة تستحق مكانًا قريبًا من يدك.</p>
color-blook-escape,title,Colour Block Escape Magic Trick,كتاب أنشطة من Magic — Block Escape Magic Trick
color-blook-escape,body_html,"<p>Colour Block Escape Magic Trick packed with things to do, colour and learn.</p><p>Keeps young minds busy on quiet afternoons and long car rides. From Magic.</p>",<p>كتاب أنشطة من Magic مليء بأنشطة التلوين والتعلم.</p><p>يشغل العقول الصغيرة في الأمسيات الهادئة والرحلات الطويلة.</p>
