Handle,Title,Body (HTML),Tags
motarro-cheque-file,Motarro Cheque File — Style 1,"<p>Motarro Cheque File to keep papers flat, sorted and safe.</p><p>Brings quick order to school hand-outs, bills and office documents. From Motarro.</p>","file, folder, office, organizer, motarro, Files & Folders"
motarro-elastic-rubber-band,Motarro Elastic Rubber Band,<p>Motarro Elastic Rubber Band — a practical helper for the desk.</p><p>One of those tools you reach for more often than you expect. From Motarro.</p>,"desk, office, stationery, motarro, Desk & Tools"
smart-gel-crayon-6pc-set,Y.Plus Smart Gel Crayons — 6 Piece Set,"<p>Y.Plus Smart Gel Crayons — 6 Piece Set — bold, easy-grip colour for little hands.</p><p>Ideal for toddlers and young artists at home or nursery. From Y.Plus.</p>","crayons, colouring, kids, y.plus+, Art & Craft"
elephant-18-col-pen,Y.Plus Elephant Colour Pens — 18 Colours,"<p>Y.Plus Elephant Colour Pens — 18 Colours for smooth, vivid colouring.</p><p>A solid choice for school bags and home art corners — easy to sharpen and comfortable to hold. From Y.Plus.</p>","colour pencils, colouring, art, school, y.plus+, Pens & Pencils"
smart-normal-color-color-pencil-24pcs-set,Y.Plus Smart Colour Pencils — 24 Pieces,"<p>Y.Plus Smart Colour Pencils — 24 Pieces for smooth, vivid colouring.</p><p>A solid choice for school bags and home art corners — easy to sharpen and comfortable to hold. From Y.Plus.</p>","colour pencils, colouring, art, school, y.plus+, Pens & Pencils"
eraser-pen,Y.Plus Eraser Pen — Classic,<p>Y.Plus Eraser Pen — Classic that rubs out cleanly without tearing the page.</p><p>One of those small things every pencil case needs. From Y.Plus.</p>,"eraser, school, stationery, y.plus+, Pens & Pencils"
smart-hb-pencil-12pc-triangular,Y.Plus Smart HB Pencils — 12 Triangular,<p>Y.Plus Smart HB Pencils — 12 Triangular for writing and sketching.</p><p>A classroom essential that sharpens cleanly and writes smoothly. From Y.Plus.</p>,"pencil, writing, school, y.plus+, Pens & Pencils"
croc-pencil-sharpner,Y.Plus Croc Pencil Sharpener,"<p>Y.Plus Croc Pencil Sharpener for a clean, even point every time.</p><p>Compact enough for any pencil case. From Y.Plus.</p>","sharpener, school, stationery, y.plus+, Pens & Pencils"
croc-eraser,Y.Plus Croc Eraser,<p>Y.Plus Croc Eraser that rubs out cleanly without tearing the page.</p><p>One of those small things every pencil case needs. From Y.Plus.</p>,"eraser, school, stationery, y.plus+, Desk & Tools"
small-eraser-line-jar,Y.Plus Small Erasers — Line Jar,<p>Y.Plus Small Erasers — Line Jar that rubs out cleanly without tearing the page.</p><p>One of those small things every pencil case needs. From Y.Plus.</p>,"eraser, school, stationery, y.plus+, Desk & Tools"
star-col-pencil-12pc,Y.Plus Star Colour Pencils — 12 Pieces,"<p>Y.Plus Star Colour Pencils — 12 Pieces for smooth, vivid colouring.</p><p>A solid choice for school bags and home art corners — easy to sharpen and comfortable to hold. From Y.Plus.</p>","colour pencils, colouring, art, school, y.plus+, Pens & Pencils"
smart-hb-pencil,Y.Plus Smart HB Pencil,<p>Y.Plus Smart HB Pencil for writing and sketching.</p><p>A classroom essential that sharpens cleanly and writes smoothly. From Y.Plus.</p>,"pencil, writing, school, y.plus+, Pens & Pencils"
monster-family-sticky-note,Monster Family Sticky Note,"<p>Monster Family Sticky Note for quick reminders, page markers and desk notes that peel off cleanly.</p><p>Handy for students and office desks alike — stick them on books, screens and planners. From Y.Plus.</p>","sticky notes, memo, office, school, y.plus+, Stickers & Sticky Notes"
elephant-6-col-pen,Y.Plus Elephant Colour Pens — 6 Colours,"<p>Y.Plus Elephant Colour Pens — 6 Colours for smooth, vivid colouring.</p><p>A solid choice for school bags and home art corners — easy to sharpen and comfortable to hold. From Y.Plus.</p>","colour pencils, colouring, art, school, y.plus+, Pens & Pencils"
easycut-scissors-130mm,Y.Plus EasyCut Scissors — 130 mm,"<p>Y.Plus EasyCut Scissors — 130 mm that cut cleanly and feel comfortable in hand.</p><p>Suits paper craft, school projects and everyday desk jobs. From Y.Plus.</p>","scissors, craft, office, y.plus+, Desk & Tools"
smart-color-pencil-12pcs,Y.Plus Smart Colour Pencils — 12 Pieces,"<p>Y.Plus Smart Colour Pencils — 12 Pieces for smooth, vivid colouring.</p><p>A solid choice for school bags and home art corners — easy to sharpen and comfortable to hold. From Y.Plus.</p>","colour pencils, colouring, art, school, y.plus+, Pens & Pencils"
white-board-doodle,Whiteboard Doodle Set,"<p>Whiteboard Doodle Set for writing, wiping and starting again.</p><p>Great for practice, planning and play. From Y.Plus.</p>","whiteboard, writing, kids, y.plus+, Desk & Tools"
a4-40-notebook-contact,Contact A4 Notebook — 40 Sheets,"<p>Contact A4 Notebook — 40 Sheets for notes, lists and ideas.</p><p>Good paper in a practical format — for school, work or the bedside table. From Contact.</p>","notebook, writing, school, office, a4, contact"
a4-clear-folder-14mic,Flamingo A4 Clear Folder — 14 Micron,"<p>Flamingo A4 Clear Folder — 14 Micron to keep papers flat, sorted and safe.</p><p>Brings quick order to school hand-outs, bills and office documents. From Flamingo.</p>","file, folder, office, organizer, a4, flamingo"
peanut-crayons-24-colour,Y.Plus Peanut Crayons — 24 Colours,"<p>Y.Plus Peanut Crayons — 24 Colours — bold, easy-grip colour for little hands.</p><p>Ideal for toddlers and young artists at home or nursery. From Y.Plus.</p>","crayons, colouring, kids, y.plus+, Art & Craft"
glue-stick-15gm,Flamingo Glue Stick — 15 g,"<p>Flamingo Glue Stick — 15 g that sticks paper and card cleanly.</p><p>A school-bag staple for projects, collages and quick fixes. From Flamingo.</p>","glue, craft, school, flamingo, Desk & Tools"
marine-animal-solid-watercolor-paint-set,Y.Plus Marine Animal Solid Watercolor Paint Set,"<p>Y.Plus Marine Animal Solid Watercolor Paint Set for bright, easy painting sessions.</p><p>Suits school projects and weekend art at home — just add water and paper. From Y.Plus.</p>","paint, watercolour, art, kids, y.plus+, Art & Craft"
eva-zipper-bag,Flamingo EVA Zipper Bag,"<p>Flamingo EVA Zipper Bag to keep papers flat, sorted and safe.</p><p>Brings quick order to school hand-outs, bills and office documents. From Flamingo.</p>","file, folder, office, organizer, flamingo, Files & Folders"
spinner-eraser-12pc-box,Y.Plus Spinner Erasers — Box of 12,<p>Y.Plus Spinner Erasers — Box of 12 that rubs out cleanly without tearing the page.</p><p>One of those small things every pencil case needs. From Y.Plus.</p>,"eraser, school, stationery, y.plus+, Desk & Tools"
squeaky-clean-wall-coloring-stickers,Squeaky Clean Wall Colouring Stickers,"<p>Squeaky Clean Wall Colouring Stickers — a fun sheet of peel-and-stick designs.</p><p>Great for decorating journals, laptops, school books and reward charts. An easy little gift for kids. From Y.Plus.</p>","stickers, kids, decoration, y.plus+, Stickers & Sticky Notes"
button-envelop-2-pocket,Flamingo Button Envelope 2 Pocket,"<p>Flamingo Button Envelope 2 Pocket to keep papers flat, sorted and safe.</p><p>Brings quick order to school hand-outs, bills and office documents. From Flamingo.</p>","file, folder, office, organizer, flamingo, Files & Folders"
button-envelop,Flamingo Button Envelope,"<p>Flamingo Button Envelope to keep papers flat, sorted and safe.</p><p>Brings quick order to school hand-outs, bills and office documents. From Flamingo.</p>","file, folder, office, organizer, flamingo, Files & Folders"
star-24col-set-w-shr,Y.Plus Star Colour Pencils — 24 Colours with Sharpener,"<p>Y.Plus Star Colour Pencils — 24 Colours with Sharpener for a clean, even point every time.</p><p>Compact enough for any pencil case. From Y.Plus.</p>","sharpener, school, stationery, y.plus+, Pens & Pencils"
elephant-12-super-washable,Y.Plus Elephant Super Washable Colour Pens — 12 Colours,"<p>Y.Plus Elephant Super Washable Colour Pens — 12 Colours for smooth, vivid colouring.</p><p>A solid choice for school bags and home art corners — easy to sharpen and comfortable to hold. From Y.Plus.</p>","colour pencils, colouring, art, school, y.plus+, Pens & Pencils"
peanut-crayons-fine-motor-box,Y.Plus Peanut Crayons — Fine Motor Box,"<p>Y.Plus Peanut Crayons — Fine Motor Box — bold, easy-grip colour for little hands.</p><p>Ideal for toddlers and young artists at home or nursery. From Y.Plus.</p>","crayons, colouring, kids, y.plus+, Art & Craft"
kw-cutting-knife-large,KW-triO Cutting Knife — Large,"<p>KW-triO Cutting Knife — Large for clean, precise cutting.</p><p>Keep one in the drawer for parcels, paper and craft board. Handle with care around children. From KW-triO.</p>","cutter, office, tools, kw.trio, Desk & Tools"
display-file-18-pocket,Flamingo Display File 18 Pocket,"<p>Flamingo Display File 18 Pocket to keep papers flat, sorted and safe.</p><p>Brings quick order to school hand-outs, bills and office documents. From Flamingo.</p>","file, folder, office, organizer, flamingo, Files & Folders"
zoo-ereaser,Y.Plus Zoo Eraser,<p>Y.Plus Zoo Eraser that rubs out cleanly without tearing the page.</p><p>One of those small things every pencil case needs. From Y.Plus.</p>,"eraser, school, stationery, y.plus+, Desk & Tools"
career-eraser,Y.Plus Career Eraser,<p>Y.Plus Career Eraser that rubs out cleanly without tearing the page.</p><p>One of those small things every pencil case needs. From Y.Plus.</p>,"eraser, school, stationery, y.plus+, Desk & Tools"
pocket-water-color,Y.Plus Pocket Watercolour Set,"<p>Y.Plus Pocket Watercolour Set for bright, easy painting sessions.</p><p>Suits school projects and weekend art at home — just add water and paper. From Y.Plus.</p>","paint, watercolour, art, kids, y.plus+, Art & Craft"
princess-solid-watercolor-paint-set,Y.Plus Princess Solid Watercolor Paint Set,"<p>Y.Plus Princess Solid Watercolor Paint Set for bright, easy painting sessions.</p><p>Suits school projects and weekend art at home — just add water and paper. From Y.Plus.</p>","paint, watercolour, art, kids, y.plus+, Art & Craft"
color-pencil-12in-metal-tube,Y.Plus Colour Pencils — 12 in a Metal Tube,"<p>Y.Plus Colour Pencils — 12 in a Metal Tube for smooth, vivid colouring.</p><p>A solid choice for school bags and home art corners — easy to sharpen and comfortable to hold. From Y.Plus.</p>","colour pencils, colouring, art, school, y.plus+, Pens & Pencils"
60ml-whiteboard-cleaner,Whiteboard Cleaner — 60 ml,"<p>Whiteboard Cleaner — 60 ml for writing, wiping and starting again.</p><p>Great for practice, planning and play. From Flamingo.</p>","whiteboard, writing, kids, flamingo, Desk & Tools"
scissors-8-5,Flamingo Scissors — 8.5 inch,"<p>Flamingo Scissors — 8.5 inch that cut cleanly and feel comfortable in hand.</p><p>Suits paper craft, school projects and everyday desk jobs. From Flamingo.</p>","scissors, craft, office, flamingo, Desk & Tools"
eyes-tube,Googly Eyes Tube,"<p>Googly Eyes Tube for craft boxes and school art projects.</p><p>Mix them into collages, models and DIY decorations. From Flamingo.</p>","craft, diy, art supplies, flamingo, Art & Craft"
kokuyo-a6-80sheets,Kokuyo A6 Notebook — 80 Sheets,"<p>Kokuyo A6 Notebook — 80 Sheets for notes, lists and ideas.</p><p>Good paper in a practical format — for school, work or the bedside table. From Kokuyo.</p>","notebook, writing, school, office, a6, kokuyo"
kokuyo-4mm-grid,Kokuyo Notebook — 4 mm Grid,"<p>Kokuyo Notebook — 4 mm Grid for notes, lists and ideas.</p><p>Good paper in a practical format — for school, work or the bedside table. From Kokuyo.</p>","notebook, writing, school, office, kokuyo, Notebooks & Books"
campus-notebook,Kokuyo Campus Notebook — Style 1,"<p>Kokuyo Campus Notebook for notes, lists and ideas.</p><p>Good paper in a practical format — for school, work or the bedside table. From Kokuyo.</p>","notebook, writing, school, office, kokuyo, Notebooks & Books"
nekoni-hamster,Nekoni Hamster,"<p>Nekoni Hamster — a fun sheet of peel-and-stick designs.</p><p>Great for decorating journals, laptops, school books and reward charts. An easy little gift for kids.</p>","stickers, kids, decoration, Stickers & Sticky Notes"
nekoni-wildlife,Nekoni Wildlife,"<p>Nekoni Wildlife — a fun sheet of peel-and-stick designs.</p><p>Great for decorating journals, laptops, school books and reward charts. An easy little gift for kids.</p>","stickers, kids, decoration, Stickers & Sticky Notes"
nekoni-sealife,Nekoni Sealife,"<p>Nekoni Sealife — a fun sheet of peel-and-stick designs.</p><p>Great for decorating journals, laptops, school books and reward charts. An easy little gift for kids.</p>","stickers, kids, decoration, Stickers & Sticky Notes"
nekoni-cat,Nekoni Cat — Style 1,"<p>Nekoni Cat — a fun sheet of peel-and-stick designs.</p><p>Great for decorating journals, laptops, school books and reward charts. An easy little gift for kids.</p>","stickers, kids, decoration, Stickers & Sticky Notes"
black-cat,Black Cat,"<p>Black Cat — a fun sheet of peel-and-stick designs.</p><p>Great for decorating journals, laptops, school books and reward charts. An easy little gift for kids.</p>","stickers, kids, decoration, Stickers & Sticky Notes"
nekoni-black-cat,Nekoni Black Cat,"<p>Nekoni Black Cat — a fun sheet of peel-and-stick designs.</p><p>Great for decorating journals, laptops, school books and reward charts. An easy little gift for kids.</p>","stickers, kids, decoration, Stickers & Sticky Notes"
nekoni-cat-dog,Nekoni Cat & Dog,"<p>Nekoni Cat & Dog — a fun sheet of peel-and-stick designs.</p><p>Great for decorating journals, laptops, school books and reward charts. An easy little gift for kids.</p>","stickers, kids, decoration, Stickers & Sticky Notes"
mickey-mouse,Mickey Mouse,"<p>Mickey Mouse — a fun sheet of peel-and-stick designs.</p><p>Great for decorating journals, laptops, school books and reward charts. An easy little gift for kids.</p>","stickers, kids, decoration, Stickers & Sticky Notes"
nekoni-lovley-kitty,Nekoni Lovely Kitty,"<p>Nekoni Lovely Kitty — a fun sheet of peel-and-stick designs.</p><p>Great for decorating journals, laptops, school books and reward charts. An easy little gift for kids.</p>","stickers, kids, decoration, Stickers & Sticky Notes"
moshi-moshi,Moshi Moshi Sticker Sheet — Style 1,"<p>Moshi Moshi Sticker Sheet — a fun sheet of peel-and-stick designs.</p><p>Great for decorating journals, laptops, school books and reward charts. An easy little gift for kids.</p>","stickers, kids, decoration, Stickers & Sticky Notes"
winnie-the-pooh,Winnie the Pooh,"<p>Winnie the Pooh — a fun sheet of peel-and-stick designs.</p><p>Great for decorating journals, laptops, school books and reward charts. An easy little gift for kids.</p>","stickers, kids, decoration, Stickers & Sticky Notes"
winnie-the-pooh-36pcs,Winnie the Pooh — 36 Pieces,"<p>Winnie the Pooh — 36 Pieces — a fun sheet of peel-and-stick designs.</p><p>Great for decorating journals, laptops, school books and reward charts. An easy little gift for kids.</p>","stickers, kids, decoration, Stickers & Sticky Notes"
mickey-mouse-36pcs,Mickey Mouse — 36 Pieces,"<p>Mickey Mouse — 36 Pieces — a fun sheet of peel-and-stick designs.</p><p>Great for decorating journals, laptops, school books and reward charts. An easy little gift for kids.</p>","stickers, kids, decoration, Stickers & Sticky Notes"
beautiful-life,“Beautiful Life” Sticker Sheet,"<p>“Beautiful Life” Sticker Sheet — a fun sheet of peel-and-stick designs.</p><p>Great for decorating journals, laptops, school books and reward charts. An easy little gift for kids.</p>","stickers, kids, decoration, Stickers & Sticky Notes"
moshi-moshi-2,Moshi Moshi Sticker Sheet — Style 2,"<p>Moshi Moshi Sticker Sheet — a fun sheet of peel-and-stick designs.</p><p>Great for decorating journals, laptops, school books and reward charts. An easy little gift for kids.</p>","stickers, kids, decoration, Stickers & Sticky Notes"
daily-life-of-cats,Daily Life of Cats,"<p>Daily Life of Cats — a fun sheet of peel-and-stick designs.</p><p>Great for decorating journals, laptops, school books and reward charts. An easy little gift for kids.</p>","stickers, kids, decoration, Stickers & Sticky Notes"
nekoni-mini,Nekoni Mini,"<p>Nekoni Mini — a fun sheet of peel-and-stick designs.</p><p>Great for decorating journals, laptops, school books and reward charts. An easy little gift for kids.</p>","stickers, kids, decoration, Stickers & Sticky Notes"
the-animal-family,The Animal Family,"<p>The Animal Family — a fun sheet of peel-and-stick designs.</p><p>Great for decorating journals, laptops, school books and reward charts. An easy little gift for kids.</p>","stickers, kids, decoration, Stickers & Sticky Notes"
nekoni-lovley-bunny,Nekoni Lovely Bunny,"<p>Nekoni Lovely Bunny — a fun sheet of peel-and-stick designs.</p><p>Great for decorating journals, laptops, school books and reward charts. An easy little gift for kids.</p>","stickers, kids, decoration, Stickers & Sticky Notes"
nekoni-lovely-puppy,Nekoni Lovely Puppy,"<p>Nekoni Lovely Puppy — a fun sheet of peel-and-stick designs.</p><p>Great for decorating journals, laptops, school books and reward charts. An easy little gift for kids.</p>","stickers, kids, decoration, Stickers & Sticky Notes"
gift-scratch-card,Gift Scratch Art Card Set,"<p>Gift Scratch Art Card Set — a make-it-yourself craft project.</p><p>Follow along, make something real, and keep it (or gift it).</p>","craft kit, diy, kids, Art & Craft"
to-make-each-day-count,To Make Each Day Count — Style 1,"<p>To Make Each Day Count — a fun sheet of peel-and-stick designs.</p><p>Great for decorating journals, laptops, school books and reward charts. An easy little gift for kids.</p>","stickers, kids, decoration, Stickers & Sticky Notes"
to-make-each-day-count-2,To Make Each Day Count — Style 2,"<p>To Make Each Day Count — a fun sheet of peel-and-stick designs.</p><p>Great for decorating journals, laptops, school books and reward charts. An easy little gift for kids.</p>","stickers, kids, decoration, Stickers & Sticky Notes"
to-make-each-day-count-3,To Make Each Day Count — Style 3,"<p>To Make Each Day Count — a fun sheet of peel-and-stick designs.</p><p>Great for decorating journals, laptops, school books and reward charts. An easy little gift for kids.</p>","stickers, kids, decoration, Stickers & Sticky Notes"
to-make-each-day-count-4,To Make Each Day Count — Style 4,"<p>To Make Each Day Count — a fun sheet of peel-and-stick designs.</p><p>Great for decorating journals, laptops, school books and reward charts. An easy little gift for kids.</p>","stickers, kids, decoration, Stickers & Sticky Notes"
to-make-each-day-count-5,To Make Each Day Count — Style 5,"<p>To Make Each Day Count — a fun sheet of peel-and-stick designs.</p><p>Great for decorating journals, laptops, school books and reward charts. An easy little gift for kids.</p>","stickers, kids, decoration, Stickers & Sticky Notes"
to-make-each-day-count-6,To Make Each Day Count — Style 6,"<p>To Make Each Day Count — a fun sheet of peel-and-stick designs.</p><p>Great for decorating journals, laptops, school books and reward charts. An easy little gift for kids.</p>","stickers, kids, decoration, Stickers & Sticky Notes"
art-smock-green,Mideer Art Smock — Green,<p>Mideer Art Smock — Green to keep clothes clean during painting.</p><p>Lets young artists get properly messy without the laundry drama. From Mideer.</p>,"art smock, painting, kids, mideer, Art & Craft"
finger-painting-tool-set,Mideer Finger Painting Tool Set,<p>Mideer Finger Painting Tool Set — a matched set that works together.</p><p>More useful (and better value) than buying the pieces separately. From Mideer.</p>,"set, stationery, gift, mideer, Art & Craft"
finger-paint-6-colors,Mideer Finger Paint — 6 Colours,"<p>Mideer Finger Paint — 6 Colours for bright, easy painting sessions.</p><p>Suits school projects and weekend art at home — just add water and paper. From Mideer.</p>","paint, watercolour, art, kids, mideer, Art & Craft"
finger-paint-12-colors,Mideer Finger Paint — 12 Colours,"<p>Mideer Finger Paint — 12 Colours for bright, easy painting sessions.</p><p>Suits school projects and weekend art at home — just add water and paper. From Mideer.</p>","paint, watercolour, art, kids, mideer, Art & Craft"
finger-paint-8-colors,Mideer Finger Paint — 8 Colours,"<p>Mideer Finger Paint — 8 Colours for bright, easy painting sessions.</p><p>Suits school projects and weekend art at home — just add water and paper. From Mideer.</p>","paint, watercolour, art, kids, mideer, Art & Craft"
esy-pencil-grip-6pcs,Easy Pencil Grips — 6 Pieces,<p>Easy Pencil Grips — 6 Pieces that slide onto a pencil to guide little fingers.</p><p>A gentle helper for children learning to write comfortably.</p>,"pencil grip, handwriting, kids, Learning & Activity"
one-piece-water-color-pen,One Piece Watercolour Pen Set,"<p>One Piece Watercolour Pen Set for bright, easy painting sessions.</p><p>Suits school projects and weekend art at home — just add water and paper.</p>","paint, watercolour, art, kids, Art & Craft"
lancer-clic,Lancer Clic Retractable Ballpoint Pen,"<p>Lancer Clic Retractable Ballpoint Pen for smooth, reliable everyday writing.</p><p>A dependable pick for school, office and signatures alike.</p>","pen, writing, school, office, Pens & Pencils"
pure-spirit-pencil-case-set,Pure Spirit Pencil Case Set,"<p>Pure Spirit Pencil Case Set to keep pens, pencils and small tools together.</p><p>Fits neatly in a school bag or on a desk — no more hunting for the sharpener.</p>","pencil case, organizer, school, Pens & Pencils"
one-piece-sticky-note,One Piece Sticky Notes,"<p>One Piece Sticky Notes for quick reminders, page markers and desk notes that peel off cleanly.</p><p>Handy for students and office desks alike — stick them on books, screens and planners.</p>","sticky notes, memo, office, school, Stickers & Sticky Notes"
pen-thai,Character Ballpoint Pen — Style 1,"<p>Character Ballpoint Pen for smooth, reliable everyday writing.</p><p>A dependable pick for school, office and signatures alike.</p>","pen, writing, school, office, Pens & Pencils"
erasable-highliter,Erasable Highlighter,"<p>Erasable Highlighter for marking what matters.</p><p>Bright, quick-drying colour for revision notes, documents and planners.</p>","highlighter, study, office, Pens & Pencils"
quantum-writing-with-technology,Quantum Ballpoint Pen,"<p>Quantum Ballpoint Pen for smooth, reliable everyday writing.</p><p>A dependable pick for school, office and signatures alike. From Dha Siamwalla Ltd.</p>","pen, writing, school, office, dha siamwalla ltd, Pens & Pencils"
compass-set,Geometry Compass Set,<p>Geometry Compass Set for geometry class and technical drawing.</p><p>Draws clean circles and arcs — a maths-set must-have.</p>,"compass, geometry, maths, school, Desk & Tools"
kirakoko-stickers-pink,Kirakoko Stickers Pink,"<p>Kirakoko Stickers Pink — a fun sheet of peel-and-stick designs.</p><p>Great for decorating journals, laptops, school books and reward charts. An easy little gift for kids.</p>","stickers, kids, decoration, Stickers & Sticky Notes"
kirakoko-stickers-blue,Kirakoko Stickers Blue,"<p>Kirakoko Stickers Blue — a fun sheet of peel-and-stick designs.</p><p>Great for decorating journals, laptops, school books and reward charts. An easy little gift for kids.</p>","stickers, kids, decoration, Stickers & Sticky Notes"
nekoni-36pcs,Nekoni — 36 Pieces,"<p>Nekoni — 36 Pieces — a fun sheet of peel-and-stick designs.</p><p>Great for decorating journals, laptops, school books and reward charts. An easy little gift for kids.</p>","stickers, kids, decoration, Stickers & Sticky Notes"
nekoni-cat-2,Nekoni Cat — Style 2,"<p>Nekoni Cat — a fun sheet of peel-and-stick designs.</p><p>Great for decorating journals, laptops, school books and reward charts. An easy little gift for kids.</p>","stickers, kids, decoration, Stickers & Sticky Notes"
nekoni-penguine,Nekoni Penguin,"<p>Nekoni Penguin — a fun sheet of peel-and-stick designs.</p><p>Great for decorating journals, laptops, school books and reward charts. An easy little gift for kids.</p>","stickers, kids, decoration, Stickers & Sticky Notes"
abc-cat-company,ABC Cat Company,"<p>ABC Cat Company — a fun sheet of peel-and-stick designs.</p><p>Great for decorating journals, laptops, school books and reward charts. An easy little gift for kids.</p>","stickers, kids, decoration, Stickers & Sticky Notes"
abc-autumn-letters,ABC Autumn Letters,"<p>ABC Autumn Letters — a fun sheet of peel-and-stick designs.</p><p>Great for decorating journals, laptops, school books and reward charts. An easy little gift for kids.</p>","stickers, kids, decoration, Stickers & Sticky Notes"
abc-letters-on-black,ABC Letters on Black,"<p>ABC Letters on Black — a fun sheet of peel-and-stick designs.</p><p>Great for decorating journals, laptops, school books and reward charts. An easy little gift for kids.</p>","stickers, kids, decoration, Stickers & Sticky Notes"
abc-sketchy-letters,ABC Sketchy Letters,"<p>ABC Sketchy Letters — a fun sheet of peel-and-stick designs.</p><p>Great for decorating journals, laptops, school books and reward charts. An easy little gift for kids.</p>","stickers, kids, decoration, Stickers & Sticky Notes"
abc-vivid,ABC Vivid,"<p>ABC Vivid — a fun sheet of peel-and-stick designs.</p><p>Great for decorating journals, laptops, school books and reward charts. An easy little gift for kids.</p>","stickers, kids, decoration, Stickers & Sticky Notes"
all-write,“All Write” Sticker Sheet,"<p>“All Write” Sticker Sheet — a fun sheet of peel-and-stick designs.</p><p>Great for decorating journals, laptops, school books and reward charts. An easy little gift for kids.</p>","stickers, kids, decoration, Stickers & Sticky Notes"
outer-space,Outer Space,"<p>Outer Space — a fun sheet of peel-and-stick designs.</p><p>Great for decorating journals, laptops, school books and reward charts. An easy little gift for kids.</p>","stickers, kids, decoration, Stickers & Sticky Notes"
bakery,Bakery,"<p>Bakery — a fun sheet of peel-and-stick designs.</p><p>Great for decorating journals, laptops, school books and reward charts. An easy little gift for kids.</p>","stickers, kids, decoration, Stickers & Sticky Notes"
panda,Panda,"<p>Panda — a fun sheet of peel-and-stick designs.</p><p>Great for decorating journals, laptops, school books and reward charts. An easy little gift for kids.</p>","stickers, kids, decoration, Stickers & Sticky Notes"
nekoni-pole,Nekoni Pole,"<p>Nekoni Pole — a fun sheet of peel-and-stick designs.</p><p>Great for decorating journals, laptops, school books and reward charts. An easy little gift for kids.</p>","stickers, kids, decoration, Stickers & Sticky Notes"
nekoni-cute,Nekoni Cute,"<p>Nekoni Cute — a fun sheet of peel-and-stick designs.</p><p>Great for decorating journals, laptops, school books and reward charts. An easy little gift for kids.</p>","stickers, kids, decoration, Stickers & Sticky Notes"
ghost-pop-out,Ghost Pop Out,"<p>Ghost Pop Out — a fun sheet of peel-and-stick designs.</p><p>Great for decorating journals, laptops, school books and reward charts. An easy little gift for kids.</p>","stickers, kids, decoration, Stickers & Sticky Notes"
neon-stickers,Neon Stickers,"<p>Neon Stickers — a fun sheet of peel-and-stick designs.</p><p>Great for decorating journals, laptops, school books and reward charts. An easy little gift for kids.</p>","stickers, kids, decoration, Stickers & Sticky Notes"
abc-funny-day,ABC Funny Day,"<p>ABC Funny Day — a fun sheet of peel-and-stick designs.</p><p>Great for decorating journals, laptops, school books and reward charts. An easy little gift for kids.</p>","stickers, kids, decoration, Stickers & Sticky Notes"
abc-ready-go,ABC Ready Go,"<p>ABC Ready Go — a fun sheet of peel-and-stick designs.</p><p>Great for decorating journals, laptops, school books and reward charts. An easy little gift for kids.</p>","stickers, kids, decoration, Stickers & Sticky Notes"
abc-have-a-nice-day,ABC Have a Nice Day,"<p>ABC Have a Nice Day — a fun sheet of peel-and-stick designs.</p><p>Great for decorating journals, laptops, school books and reward charts. An easy little gift for kids.</p>","stickers, kids, decoration, Stickers & Sticky Notes"
abc-like-balloon,ABC Like Balloon,"<p>ABC Like Balloon — a fun sheet of peel-and-stick designs.</p><p>Great for decorating journals, laptops, school books and reward charts. An easy little gift for kids.</p>","stickers, kids, decoration, Stickers & Sticky Notes"
one-piece,One Piece Character Pen,"<p>One Piece Character Pen for smooth, reliable everyday writing.</p><p>A dependable pick for school, office and signatures alike.</p>","pen, writing, school, office, Pens & Pencils"
pen-thai-2,Character Ballpoint Pen — Style 2,"<p>Character Ballpoint Pen for smooth, reliable everyday writing.</p><p>A dependable pick for school, office and signatures alike.</p>","pen, writing, school, office, Pens & Pencils"
mini-mon,Mini Monster Sticker Sheet,"<p>Mini Monster Sticker Sheet — a fun sheet of peel-and-stick designs.</p><p>Great for decorating journals, laptops, school books and reward charts. An easy little gift for kids.</p>","stickers, kids, decoration, Stickers & Sticky Notes"
pocket-planner,Pocket Planner,"<p>Pocket Planner to plan the day, week or month at a glance.</p><p>Helps students and busy people keep tasks visible and satisfying to tick off.</p>","planner, organizer, productivity, Planners & Diaries"
sticky-note-a555-02,Sticky Notes — Pastel Set,"<p>Sticky Notes — Pastel Set for quick reminders, page markers and desk notes that peel off cleanly.</p><p>Handy for students and office desks alike — stick them on books, screens and planners.</p>","sticky notes, memo, office, school, Stickers & Sticky Notes"
moshi-moshi-gel-pen,Moshi Moshi Gel Pen — Style 1,"<p>Moshi Moshi Gel Pen — smooth-flowing ink in a comfortable grip.</p><p>A favourite for note-taking, journaling and adding colour to study notes.</p>","gel pen, pens, writing, Pens & Pencils"
moshi-moshi-gel-pen-2,Moshi Moshi Gel Pen — Style 2,"<p>Moshi Moshi Gel Pen — smooth-flowing ink in a comfortable grip.</p><p>A favourite for note-taking, journaling and adding colour to study notes.</p>","gel pen, pens, writing, Pens & Pencils"
moshi-moshi-gel-pen-3,Moshi Moshi Gel Pen — Style 3,"<p>Moshi Moshi Gel Pen — smooth-flowing ink in a comfortable grip.</p><p>A favourite for note-taking, journaling and adding colour to study notes.</p>","gel pen, pens, writing, Pens & Pencils"
moshi-moshi-gel-pen-4,Moshi Moshi Gel Pen — Style 4,"<p>Moshi Moshi Gel Pen — smooth-flowing ink in a comfortable grip.</p><p>A favourite for note-taking, journaling and adding colour to study notes.</p>","gel pen, pens, writing, Pens & Pencils"
moshi-moshi-gel-pen-5,Moshi Moshi Gel Pen — Style 5,"<p>Moshi Moshi Gel Pen — smooth-flowing ink in a comfortable grip.</p><p>A favourite for note-taking, journaling and adding colour to study notes.</p>","gel pen, pens, writing, Pens & Pencils"
moshi-moshi-gel-pen-6,Moshi Moshi Gel Pen — Style 6,"<p>Moshi Moshi Gel Pen — smooth-flowing ink in a comfortable grip.</p><p>A favourite for note-taking, journaling and adding colour to study notes.</p>","gel pen, pens, writing, Pens & Pencils"
moshi-moshi-gel-pen-7,Moshi Moshi Gel Pen — Style 7,"<p>Moshi Moshi Gel Pen — smooth-flowing ink in a comfortable grip.</p><p>A favourite for note-taking, journaling and adding colour to study notes.</p>","gel pen, pens, writing, Pens & Pencils"
moshi-moshi-gel-pen-8,Moshi Moshi Gel Pen — Style 8,"<p>Moshi Moshi Gel Pen — smooth-flowing ink in a comfortable grip.</p><p>A favourite for note-taking, journaling and adding colour to study notes.</p>","gel pen, pens, writing, Pens & Pencils"
moshi-moshi-gel-pen-9,Moshi Moshi Gel Pen — Style 9,"<p>Moshi Moshi Gel Pen — smooth-flowing ink in a comfortable grip.</p><p>A favourite for note-taking, journaling and adding colour to study notes.</p>","gel pen, pens, writing, Pens & Pencils"
moshi-moshi-gel-pen-10,Moshi Moshi Gel Pen — Style 10,"<p>Moshi Moshi Gel Pen — smooth-flowing ink in a comfortable grip.</p><p>A favourite for note-taking, journaling and adding colour to study notes.</p>","gel pen, pens, writing, Pens & Pencils"
moshi-moshi-gel-pen-11,Moshi Moshi Gel Pen — Style 11,"<p>Moshi Moshi Gel Pen — smooth-flowing ink in a comfortable grip.</p><p>A favourite for note-taking, journaling and adding colour to study notes.</p>","gel pen, pens, writing, Pens & Pencils"
motarro-cheque-file-myd075,Motarro Cheque File — Style 2,"<p>Motarro Cheque File to keep papers flat, sorted and safe.</p><p>Brings quick order to school hand-outs, bills and office documents. From Motarro.</p>","file, folder, office, organizer, motarro, Art & Craft"
motarro-paint-brush-mp154-3,Motarro Paint Brush — Style 3,<p>Motarro Paint Brush for painting at school or home.</p><p>Holds colour well and cleans up easily. From Motarro.</p>,"paint brush, art, painting, motarro, Art & Craft"
motarro-paint-brush-mp154-5,Motarro Paint Brush — Style 5,<p>Motarro Paint Brush for painting at school or home.</p><p>Holds colour well and cleans up easily. From Motarro.</p>,"paint brush, art, painting, motarro, Art & Craft"
motarro-craft-beads-me128-8,Motarro Craft Beads — Style 8,"<p>Motarro Craft Beads for craft boxes and school art projects.</p><p>Mix them into collages, models and DIY decorations. From Motarro.</p>","craft, diy, art supplies, motarro, Art & Craft"
motarro-craft-beads-me128-4,Motarro Craft Beads — Style 4,"<p>Motarro Craft Beads for craft boxes and school art projects.</p><p>Mix them into collages, models and DIY decorations. From Motarro.</p>","craft, diy, art supplies, motarro, Art & Craft"
motarro-craft-beads-me128-6,Motarro Craft Beads — Style 6,"<p>Motarro Craft Beads for craft boxes and school art projects.</p><p>Mix them into collages, models and DIY decorations. From Motarro.</p>","craft, diy, art supplies, motarro, Art & Craft"
motarro-steel-ruler-15cm-myd067-15,Motarro Steel Ruler — 15 cm,"<p>Motarro Steel Ruler — 15 cm for accurate measuring and clean lines.</p><p>Made for pencil cases, drawing boards and toolboxes. From Motarro.</p>","ruler, measuring, school, motarro, Desk & Tools"
motarro-steel-ruler-30cm-myd067-30,Motarro Steel Ruler — 30 cm,"<p>Motarro Steel Ruler — 30 cm for accurate measuring and clean lines.</p><p>Made for pencil cases, drawing boards and toolboxes. From Motarro.</p>","ruler, measuring, school, motarro, Desk & Tools"
motarro-pegs-ma001-10,Motarro Pegs — Style 10,"<p>Motarro Pegs for craft boxes and school art projects.</p><p>Mix them into collages, models and DIY decorations. From Motarro.</p>","craft, diy, art supplies, motarro, Art & Craft"
motarro-pegs-ma001-4,Motarro Pegs — Style 4,"<p>Motarro Pegs for craft boxes and school art projects.</p><p>Mix them into collages, models and DIY decorations. From Motarro.</p>","craft, diy, art supplies, motarro, Art & Craft"
motarro-pegs-ma001-1,Motarro Pegs — Style 1,"<p>Motarro Pegs for craft boxes and school art projects.</p><p>Mix them into collages, models and DIY decorations. From Motarro.</p>","craft, diy, art supplies, motarro, Art & Craft"
motarro-pegs-ma001-8,Motarro Pegs — Style 8,"<p>Motarro Pegs for craft boxes and school art projects.</p><p>Mix them into collages, models and DIY decorations. From Motarro.</p>","craft, diy, art supplies, motarro, Art & Craft"
motarro-eva-zipper-bag-mq057-4,Motarro EVA Zipper Bag — Style 4,"<p>Motarro EVA Zipper Bag to keep papers flat, sorted and safe.</p><p>Brings quick order to school hand-outs, bills and office documents. From Motarro.</p>","file, folder, office, organizer, motarro, Files & Folders"
motarro-eva-zipper-bag-mq057-7,Motarro EVA Zipper Bag — Style 7,"<p>Motarro EVA Zipper Bag to keep papers flat, sorted and safe.</p><p>Brings quick order to school hand-outs, bills and office documents. From Motarro.</p>","file, folder, office, organizer, motarro, Files & Folders"
motarro-eva-zipper-bag-mq057-3,Motarro EVA Zipper Bag — Style 3,"<p>Motarro EVA Zipper Bag to keep papers flat, sorted and safe.</p><p>Brings quick order to school hand-outs, bills and office documents. From Motarro.</p>","file, folder, office, organizer, motarro, Files & Folders"
motarro-eva-zipper-bag-mq057-6,Motarro EVA Zipper Bag — Style 6,"<p>Motarro EVA Zipper Bag to keep papers flat, sorted and safe.</p><p>Brings quick order to school hand-outs, bills and office documents. From Motarro.</p>","file, folder, office, organizer, motarro, Files & Folders"
motarro-eva-zipper-bag-mq057-2,Motarro EVA Zipper Bag — Style 2,"<p>Motarro EVA Zipper Bag to keep papers flat, sorted and safe.</p><p>Brings quick order to school hand-outs, bills and office documents. From Motarro.</p>","file, folder, office, organizer, motarro, Files & Folders"
motarro-clay-tools-mp147,Motarro Clay Tools — Style 1,"<p>Motarro Clay Tools — soft, colourful and easy to shape.</p><p>Hours of screen-free making for kids; air-dries into keepable little creations. From Motarro.</p>","clay, modelling, craft, kids, motarro, Art & Craft"
motarro-pompom-me290-1,Motarro Pompom — Style 1,"<p>Motarro Pompom for craft boxes and school art projects.</p><p>Mix them into collages, models and DIY decorations. From Motarro.</p>","craft, diy, art supplies, motarro, Art & Craft"
motarro-pompom-me291-1,Motarro Pompom — Style 1 (2),"<p>Motarro Pompom for craft boxes and school art projects.</p><p>Mix them into collages, models and DIY decorations. From Motarro.</p>","craft, diy, art supplies, motarro, Art & Craft"
motarro-pompom-me290-3,Motarro Pompom — Style 3,"<p>Motarro Pompom for craft boxes and school art projects.</p><p>Mix them into collages, models and DIY decorations. From Motarro.</p>","craft, diy, art supplies, motarro, Art & Craft"
motarro-pompom-me290-6,Motarro Pompom — Style 6,"<p>Motarro Pompom for craft boxes and school art projects.</p><p>Mix them into collages, models and DIY decorations. From Motarro.</p>","craft, diy, art supplies, motarro, Art & Craft"
motarro-polystyrene-ball-me001-45,Motarro Polystyrene Craft Balls,"<p>Motarro Polystyrene Craft Balls for craft boxes and school art projects.</p><p>Mix them into collages, models and DIY decorations. From Motarro.</p>","craft, diy, art supplies, motarro, Art & Craft"
motarro-polystyrene-star-me002-20,Motarro Polystyrene Craft Stars,"<p>Motarro Polystyrene Craft Stars for craft boxes and school art projects.</p><p>Mix them into collages, models and DIY decorations. From Motarro.</p>","craft, diy, art supplies, motarro, Art & Craft"
motarro-flash-card-mathemetical-mu146-1,Motarro Flash Card Mathematical — Style 1,<p>Motarro Flash Card Mathematical — picture cards that make early learning feel like play.</p><p>A simple screen-free way for parents and teachers to build vocabulary with young children. From Motarro.</p>,"flash cards, learning, kids, educational, motarro, Learning & Activity"
motarro-flash-card-mathemetical-mu146-2,Motarro Flash Card Mathematical — Style 2,<p>Motarro Flash Card Mathematical — picture cards that make early learning feel like play.</p><p>A simple screen-free way for parents and teachers to build vocabulary with young children. From Motarro.</p>,"flash cards, learning, kids, educational, motarro, Learning & Activity"
motarro-flash-card-traffic-mu146-10,Motarro Flash Card Traffic,<p>Motarro Flash Card Traffic — picture cards that make early learning feel like play.</p><p>A simple screen-free way for parents and teachers to build vocabulary with young children. From Motarro.</p>,"flash cards, learning, kids, educational, motarro, Learning & Activity"
motarro-flash-card-animal-mu146-7,Motarro Flash Card Animal,<p>Motarro Flash Card Animal — picture cards that make early learning feel like play.</p><p>A simple screen-free way for parents and teachers to build vocabulary with young children. From Motarro.</p>,"flash cards, learning, kids, educational, motarro, Learning & Activity"
motarro-flash-card-fish-mu146-12,Motarro Flash Card Fish,<p>Motarro Flash Card Fish — picture cards that make early learning feel like play.</p><p>A simple screen-free way for parents and teachers to build vocabulary with young children. From Motarro.</p>,"flash cards, learning, kids, educational, motarro, Learning & Activity"
motarro-mini-wooden-me565-1,Motarro Mini Wooden Craft Set,"<p>Motarro Mini Wooden Craft Set for craft boxes and school art projects.</p><p>Mix them into collages, models and DIY decorations. From Motarro.</p>","craft, diy, art supplies, motarro, Desk & Tools"
motarro-scissor-mi019-19,Motarro Craft Scissors,"<p>Motarro Craft Scissors that cut cleanly and feel comfortable in hand.</p><p>Suits paper craft, school projects and everyday desk jobs. From Motarro.</p>","scissors, craft, office, motarro, Stickers & Sticky Notes"
motarro-sticky-notes-mu046-1,Motarro Sticky Notes — Style 1,"<p>Motarro Sticky Notes for quick reminders, page markers and desk notes that peel off cleanly.</p><p>Handy for students and office desks alike — stick them on books, screens and planners. From Motarro.</p>","sticky notes, memo, office, school, motarro, Stickers & Sticky Notes"
motarro-sticky-notes-mu046-3,Motarro Sticky Notes — Style 3,"<p>Motarro Sticky Notes for quick reminders, page markers and desk notes that peel off cleanly.</p><p>Handy for students and office desks alike — stick them on books, screens and planners. From Motarro.</p>","sticky notes, memo, office, school, motarro, Stickers & Sticky Notes"
motarro-education-card-mu171-3,Motarro Education Card — Style 3,<p>Motarro Education Card — picture cards that make early learning feel like play.</p><p>A simple screen-free way for parents and teachers to build vocabulary with young children. From Motarro.</p>,"flash cards, learning, kids, educational, motarro, Learning & Activity"
motarro-education-card-mu171-4,Motarro Education Card — Style 4,<p>Motarro Education Card — picture cards that make early learning feel like play.</p><p>A simple screen-free way for parents and teachers to build vocabulary with young children. From Motarro.</p>,"flash cards, learning, kids, educational, motarro, Learning & Activity"
motarro-painting-toys-myd287-1,Motarro Painting Toys — Style 1,"<p>Motarro Painting Toys for craft boxes and school art projects.</p><p>Mix them into collages, models and DIY decorations. From Motarro.</p>","craft, diy, art supplies, motarro, Art & Craft"
motarro-painting-toys-myd287-2,Motarro Painting Toys — Style 2,"<p>Motarro Painting Toys for craft boxes and school art projects.</p><p>Mix them into collages, models and DIY decorations. From Motarro.</p>","craft, diy, art supplies, motarro, Art & Craft"
motarro-pencil-pouch-mx014,Motarro Pencil Pouch,"<p>Motarro Pencil Pouch to keep pens, pencils and small tools together.</p><p>Fits neatly in a school bag or on a desk — no more hunting for the sharpener. From Motarro.</p>","pencil case, organizer, school, motarro, Pens & Pencils"
motarro-clay-tools-mp216,Motarro Clay Tools — Style 2,"<p>Motarro Clay Tools — soft, colourful and easy to shape.</p><p>Hours of screen-free making for kids; air-dries into keepable little creations. From Motarro.</p>","clay, modelling, craft, kids, motarro, Art & Craft"
motarro-painting-palette-round-mp166-1,Motarro Painting Palette Round — Style 1,"<p>Motarro Painting Palette Round for mixing colours while you paint.</p><p>Easy to hold, easy to rinse. From Motarro.</p>","palette, painting, art, motarro, Art & Craft"
motarro-painting-palette-round-mp166-2,Motarro Painting Palette Round — Style 2,"<p>Motarro Painting Palette Round for mixing colours while you paint.</p><p>Easy to hold, easy to rinse. From Motarro.</p>","palette, painting, art, motarro, Art & Craft"
motarro-shaped-punch-me428-1,Motarro Craft Shape Punch,<p>Motarro Craft Shape Punch — a practical helper for the desk.</p><p>One of those tools you reach for more often than you expect. From Motarro.</p>,"desk, office, stationery, motarro, Desk & Tools"
motarro-transparent-tape-disp-mt012-6,Motarro Transparent Tape with Dispenser,"<p>Motarro Transparent Tape with Dispenser for sticking, sealing and decorating.</p><p>Handy on every desk and in every craft box. From Motarro.</p>","tape, office, craft, motarro, Desk & Tools"
motarro-non-sharpening-pencil-lt-13041,Motarro Non-Sharpening Pencil — Style 13041,<p>Motarro Non-Sharpening Pencil for writing and sketching.</p><p>A classroom essential that sharpens cleanly and writes smoothly. From Motarro.</p>,"pencil, writing, school, motarro, Pens & Pencils"
motarro-non-sharpening-pencil-lt-1316,Motarro Non-Sharpening Pencil — Style 2,<p>Motarro Non-Sharpening Pencil for writing and sketching.</p><p>A classroom essential that sharpens cleanly and writes smoothly. From Motarro.</p>,"pencil, writing, school, motarro, Pens & Pencils"
motarro-steel-ruler-50cm-myd067-50,Motarro Steel Ruler — 50 cm,"<p>Motarro Steel Ruler — 50 cm for accurate measuring and clean lines.</p><p>Made for pencil cases, drawing boards and toolboxes. From Motarro.</p>","ruler, measuring, school, motarro, Desk & Tools"
motarro-coloured-paper-100-sheet-mu268-1,Motarro Coloured Paper — 100 Sheets,"<p>Motarro Coloured Paper — 100 Sheets for writing, printing and craft.</p><p>A useful stack to keep within arm's reach. From Motarro.</p>","paper, office, craft, motarro, Notebooks & Books"
motarro-glit-eva-sponge-sticker-me151-01,Motarro Glitter EVA Sponge Stickers,"<p>Motarro Glitter EVA Sponge Stickers — a fun sheet of peel-and-stick designs.</p><p>Great for decorating journals, laptops, school books and reward charts. An easy little gift for kids. From Motarro.</p>","stickers, kids, decoration, motarro, Stickers & Sticky Notes"
motarro-adhesive-labels-colour-myd066-1,Motarro Adhesive Labels Colour — Style 1,"<p>Motarro Adhesive Labels Colour — a fun sheet of peel-and-stick designs.</p><p>Great for decorating journals, laptops, school books and reward charts. An easy little gift for kids. From Motarro.</p>","stickers, kids, decoration, motarro, Stickers & Sticky Notes"
motarro-adhesive-labels-colour-myd066-2,Motarro Adhesive Labels Colour — Style 2,"<p>Motarro Adhesive Labels Colour — a fun sheet of peel-and-stick designs.</p><p>Great for decorating journals, laptops, school books and reward charts. An easy little gift for kids. From Motarro.</p>","stickers, kids, decoration, motarro, Stickers & Sticky Notes"
motarro-adhesive-labels-colour-myd066-3,Motarro Adhesive Labels Colour — Style 3,"<p>Motarro Adhesive Labels Colour — a fun sheet of peel-and-stick designs.</p><p>Great for decorating journals, laptops, school books and reward charts. An easy little gift for kids. From Motarro.</p>","stickers, kids, decoration, motarro, Stickers & Sticky Notes"
motarro-adhesive-labels-colour-myd066-4,Motarro Adhesive Labels Colour — Style 4,"<p>Motarro Adhesive Labels Colour — a fun sheet of peel-and-stick designs.</p><p>Great for decorating journals, laptops, school books and reward charts. An easy little gift for kids. From Motarro.</p>","stickers, kids, decoration, motarro, Stickers & Sticky Notes"
motarro-adhesive-labels-colour-myd066-6,Motarro Adhesive Labels Colour — Style 6,"<p>Motarro Adhesive Labels Colour — a fun sheet of peel-and-stick designs.</p><p>Great for decorating journals, laptops, school books and reward charts. An easy little gift for kids. From Motarro.</p>","stickers, kids, decoration, motarro, Stickers & Sticky Notes"
motarro-wooden-stick-me010c,Motarro Wooden Stick — Style 1,"<p>Motarro Wooden Stick for craft boxes and school art projects.</p><p>Mix them into collages, models and DIY decorations. From Motarro.</p>","craft, diy, art supplies, motarro, Art & Craft"
motarro-wooden-stick-me019c,Motarro Wooden Stick — Style 2,"<p>Motarro Wooden Stick for craft boxes and school art projects.</p><p>Mix them into collages, models and DIY decorations. From Motarro.</p>","craft, diy, art supplies, motarro, Art & Craft"
motarro-reading-stick-mi102-1,Motarro Reading Pointer Stick,"<p>Motarro Reading Pointer Stick for craft boxes and school art projects.</p><p>Mix them into collages, models and DIY decorations. From Motarro.</p>","craft, diy, art supplies, motarro, Art & Craft"
motarro-wooden-stick-me014c,Motarro Wooden Stick — Style 3,"<p>Motarro Wooden Stick for craft boxes and school art projects.</p><p>Mix them into collages, models and DIY decorations. From Motarro.</p>","craft, diy, art supplies, motarro, Art & Craft"
motarro-wooden-stick-me013c,Motarro Wooden Stick — Style 4,"<p>Motarro Wooden Stick for craft boxes and school art projects.</p><p>Mix them into collages, models and DIY decorations. From Motarro.</p>","craft, diy, art supplies, motarro, Art & Craft"
motarro-wooden-stick-me009c,Motarro Wooden Stick — Style 5,"<p>Motarro Wooden Stick for craft boxes and school art projects.</p><p>Mix them into collages, models and DIY decorations. From Motarro.</p>","craft, diy, art supplies, motarro, Art & Craft"
motarro-wooden-stick-me011c,Motarro Wooden Stick — Style 6,"<p>Motarro Wooden Stick for craft boxes and school art projects.</p><p>Mix them into collages, models and DIY decorations. From Motarro.</p>","craft, diy, art supplies, motarro, Art & Craft"
motarro-decorative-eyes-me027-24,Motarro Decorative Eyes — Style 24,"<p>Motarro Decorative Eyes for craft boxes and school art projects.</p><p>Mix them into collages, models and DIY decorations. From Motarro.</p>","craft, diy, art supplies, motarro, Art & Craft"
motarro-decorative-eyes-me027-12,Motarro Decorative Eyes — Style 12,"<p>Motarro Decorative Eyes for craft boxes and school art projects.</p><p>Mix them into collages, models and DIY decorations. From Motarro.</p>","craft, diy, art supplies, motarro, Art & Craft"
motarro-decorative-eyes-me028-18,Motarro Decorative Eyes — Style 18,"<p>Motarro Decorative Eyes for craft boxes and school art projects.</p><p>Mix them into collages, models and DIY decorations. From Motarro.</p>","craft, diy, art supplies, motarro, Learning & Activity"
science-experiment-suite-kx-2020,Science Experiment Kit,"<p>Science Experiment Kit — hands-on science that feels like play.</p><p>Curious kids follow the steps, see real results and learn why it works. From Motarro.</p>","science kit, stem, kids, educational, motarro, Learning & Activity"
motarro-didactic-electric-kit-mb001-2,Motarro Educational Electric Circuit Kit,"<p>Motarro Educational Electric Circuit Kit — hands-on science that feels like play.</p><p>Curious kids follow the steps, see real results and learn why it works. From Motarro.</p>","science kit, stem, kids, educational, motarro, Learning & Activity"
motarro-scientific-magnet-1917,Motarro Scientific Magnet Set,"<p>Motarro Scientific Magnet Set — hands-on science that feels like play.</p><p>Curious kids follow the steps, see real results and learn why it works. From Motarro.</p>","science kit, stem, kids, educational, motarro, Art & Craft"
motarro-wooden-cubes-me022,Motarro Wooden Cubes,"<p>Motarro Wooden Cubes for craft boxes and school art projects.</p><p>Mix them into collages, models and DIY decorations. From Motarro.</p>","craft, diy, art supplies, motarro, Art & Craft"
motarro-wooden-cylinder-me024c,Motarro Wooden Cylinder,"<p>Motarro Wooden Cylinder for craft boxes and school art projects.</p><p>Mix them into collages, models and DIY decorations. From Motarro.</p>","craft, diy, art supplies, motarro, Art & Craft"
italo-jute-rope-hb-52,Italo Jute Rope,"<p>Italo Jute Rope for craft boxes and school art projects.</p><p>Mix them into collages, models and DIY decorations. From Motarro.</p>","craft, diy, art supplies, motarro, Notebooks & Books"
motarro-sketch-pad-mp128-3,Motarro Sketch Pad,"<p>Motarro Sketch Pad ready for drawing and doodling.</p><p>Loose, creative space for pencils, crayons and light colour. From Motarro.</p>","sketch pad, drawing, art, motarro, Stickers & Sticky Notes"
motarro-adhesive-labels-mu031-14,Motarro Adhesive Labels — Style 14,"<p>Motarro Adhesive Labels — a fun sheet of peel-and-stick designs.</p><p>Great for decorating journals, laptops, school books and reward charts. An easy little gift for kids. From Motarro.</p>","stickers, kids, decoration, motarro, Stickers & Sticky Notes"
motarro-adhesive-labels-mu287-6,Motarro Adhesive Labels — Style 6,"<p>Motarro Adhesive Labels — a fun sheet of peel-and-stick designs.</p><p>Great for decorating journals, laptops, school books and reward charts. An easy little gift for kids. From Motarro.</p>","stickers, kids, decoration, motarro, Stickers & Sticky Notes"
motarro-adhesive-labels-mu287-8,Motarro Adhesive Labels — Style 8,"<p>Motarro Adhesive Labels — a fun sheet of peel-and-stick designs.</p><p>Great for decorating journals, laptops, school books and reward charts. An easy little gift for kids. From Motarro.</p>","stickers, kids, decoration, motarro, Stickers & Sticky Notes"
motarro-adhesive-labels-mu287-9,Motarro Adhesive Labels — Style 9,"<p>Motarro Adhesive Labels — a fun sheet of peel-and-stick designs.</p><p>Great for decorating journals, laptops, school books and reward charts. An easy little gift for kids. From Motarro.</p>","stickers, kids, decoration, motarro, Stickers & Sticky Notes"
motarro-document-book-cf-43360,Motarro Document Book,<p>Motarro Document Book — facts and fun between two covers.</p><p>A lovely gift for curious readers. From Motarro.</p>,"book, reading, kids, motarro, Notebooks & Books"
motarro-document-bag-fc-myd016-1,Motarro Document Bag — Full Size,"<p>Motarro Document Bag — Full Size to keep papers flat, sorted and safe.</p><p>Brings quick order to school hand-outs, bills and office documents. From Motarro.</p>","file, folder, office, organizer, motarro, Files & Folders"
motarro-file-folder-mq025,Motarro File Folder,"<p>Motarro File Folder to keep papers flat, sorted and safe.</p><p>Brings quick order to school hand-outs, bills and office documents. From Motarro.</p>","file, folder, office, organizer, motarro, Files & Folders"
motarro-cover-folder-mq013-8,Motarro Cover Folder — Style 8,"<p>Motarro Cover Folder to keep papers flat, sorted and safe.</p><p>Brings quick order to school hand-outs, bills and office documents. From Motarro.</p>","file, folder, office, organizer, motarro, Files & Folders"
motarro-cover-folder-mq014-1,Motarro Cover Folder — Style 1,"<p>Motarro Cover Folder to keep papers flat, sorted and safe.</p><p>Brings quick order to school hand-outs, bills and office documents. From Motarro.</p>","file, folder, office, organizer, motarro, Files & Folders"
motarro-air-clay-1x36-me400-3,Motarro Air-Dry Clay,"<p>Motarro Air-Dry Clay — soft, colourful and easy to shape.</p><p>Hours of screen-free making for kids; air-dries into keepable little creations. From Motarro.</p>","clay, modelling, craft, kids, motarro, Art & Craft"
neon-spiral-notebook-a5-10mm-square,FIS Neon Spiral Notebook A5 10 mm Square,"<p>FIS Neon Spiral Notebook A5 10 mm Square for notes, lists and ideas.</p><p>Good paper in a practical format — for school, work or the bedside table. From FIS.</p>","notebook, writing, school, office, a5, fis"
hard-cover-spiral-notebook-9x7-blue,"FIS Hard Cover Spiral Notebook — 9×7, Blue","<p>FIS Hard Cover Spiral Notebook — 9×7, Blue for notes, lists and ideas.</p><p>Good paper in a practical format — for school, work or the bedside table. From FIS.</p>","notebook, writing, school, office, fis, Notebooks & Books"
hard-cover-spiral-notebook-a5,FIS Hard Cover Spiral Notebook A5,"<p>FIS Hard Cover Spiral Notebook A5 for notes, lists and ideas.</p><p>Good paper in a practical format — for school, work or the bedside table. From FIS.</p>","notebook, writing, school, office, a5, fis"
hard-cover-spiral-notebook-black,FIS Hard Cover Spiral Notebook Black,"<p>FIS Hard Cover Spiral Notebook Black for notes, lists and ideas.</p><p>Good paper in a practical format — for school, work or the bedside table. From FIS.</p>","notebook, writing, school, office, fis, Notebooks & Books"
hard-cover-a5-notebook,FIS Hard Cover A5 Notebook,"<p>FIS Hard Cover A5 Notebook for notes, lists and ideas.</p><p>Good paper in a practical format — for school, work or the bedside table. From FIS.</p>","notebook, writing, school, office, a5, fis"
spiral-hard-cover-note-a4,FIS A4 Hard Cover Spiral Notebook,"<p>FIS A4 Hard Cover Spiral Notebook for notes, lists and ideas.</p><p>Good paper in a practical format — for school, work or the bedside table. From FIS.</p>","notebook, writing, school, office, a4, fis"
water-color-with-brush,Techno Water Colour with Brush,<p>Techno Water Colour with Brush for painting at school or home.</p><p>Holds colour well and cleans up easily. From Techno.</p>,"paint brush, art, painting, techno, Art & Craft"
pp-neon-spiral-notebook,FIS Neon Spiral Notebook — PP Cover,"<p>FIS Neon Spiral Notebook — PP Cover for notes, lists and ideas.</p><p>Good paper in a practical format — for school, work or the bedside table. From FIS.</p>","notebook, writing, school, office, fis, Notebooks & Books"
washi-tape-8884,Techno Washi Tape — Design 8884,"<p>Techno Washi Tape — decorative paper tape that tears by hand and repositions without marking.</p><p>Perfect for journals, gift wrapping and craft projects. A little roll that makes everything prettier. From Techno.</p>","washi tape, craft, journaling, techno, Art & Craft"
pp-cover-notebook,FIS Notebook — PP Cover,"<p>FIS Notebook — PP Cover for notes, lists and ideas.</p><p>Good paper in a practical format — for school, work or the bedside table. From FIS.</p>","notebook, writing, school, office, fis, Notebooks & Books"
washi-tape-8880,Techno Washi Tape — Design 8880,"<p>Techno Washi Tape — decorative paper tape that tears by hand and repositions without marking.</p><p>Perfect for journals, gift wrapping and craft projects. A little roll that makes everything prettier. From Techno.</p>","washi tape, craft, journaling, techno, Art & Craft"
washi-tape-8883,Techno Washi Tape — Design 8883,"<p>Techno Washi Tape — decorative paper tape that tears by hand and repositions without marking.</p><p>Perfect for journals, gift wrapping and craft projects. A little roll that makes everything prettier. From Techno.</p>","washi tape, craft, journaling, techno, Art & Craft"
washi-tape-8889,Techno Washi Tape — Design 8889,"<p>Techno Washi Tape — decorative paper tape that tears by hand and repositions without marking.</p><p>Perfect for journals, gift wrapping and craft projects. A little roll that makes everything prettier. From Techno.</p>","washi tape, craft, journaling, techno, Art & Craft"
washi-tape-8881,Techno Washi Tape — Design 8881,"<p>Techno Washi Tape — decorative paper tape that tears by hand and repositions without marking.</p><p>Perfect for journals, gift wrapping and craft projects. A little roll that makes everything prettier. From Techno.</p>","washi tape, craft, journaling, techno, Art & Craft"
hard-cover-a4-spiral-blue,FIS Hard Cover A4 Spiral Blue,"<p>FIS Hard Cover A4 Spiral Blue for notes, lists and ideas.</p><p>Good paper in a practical format — for school, work or the bedside table. From FIS.</p>","notebook, writing, school, office, a4, fis"
stilo-highliter-neon,Stilo Neon Highlighter,"<p>Stilo Neon Highlighter for marking what matters.</p><p>Bright, quick-drying colour for revision notes, documents and planners. From Stilo.</p>","highlighter, study, office, stilo, Pens & Pencils"
white-glue-80ml,Techno White Glue 80 ml,"<p>Techno White Glue 80 ml that sticks paper and card cleanly.</p><p>A school-bag staple for projects, collages and quick fixes. From Techno.</p>","glue, craft, school, techno, Desk & Tools"
white-glue-120-ml,Techno White Glue 120 ml,"<p>Techno White Glue 120 ml that sticks paper and card cleanly.</p><p>A school-bag staple for projects, collages and quick fixes. From Techno.</p>","glue, craft, school, techno, Desk & Tools"
white-glue-40-ml,Techno White Glue 40 ml,"<p>Techno White Glue 40 ml that sticks paper and card cleanly.</p><p>A school-bag staple for projects, collages and quick fixes. From Techno.</p>","glue, craft, school, techno, Desk & Tools"
punched-pocket,Techno Punched Pockets,"<p>Techno Punched Pockets to keep papers flat, sorted and safe.</p><p>Brings quick order to school hand-outs, bills and office documents. From Techno.</p>","file, folder, office, organizer, techno, Files & Folders"
monami-calligraphy-pen,Monami Calligraphy Pen,"<p>Monami Calligraphy Pen for smooth, reliable everyday writing.</p><p>A dependable pick for school, office and signatures alike. From Monami.</p>","pen, writing, school, office, monami, Pens & Pencils"
sticky-note-5148,Techno Sticky Notes,"<p>Techno Sticky Notes for quick reminders, page markers and desk notes that peel off cleanly.</p><p>Handy for students and office desks alike — stick them on books, screens and planners. From Techno.</p>","sticky notes, memo, office, school, techno, Stickers & Sticky Notes"
foamy-sun-star-clouds,"Foam Shapes — Sun, Stars & Clouds","<p>Foam Shapes — Sun, Stars & Clouds for craft boxes and school art projects.</p><p>Mix them into collages, models and DIY decorations. From Techno.</p>","craft, diy, art supplies, techno, Art & Craft"
goggly-eyes,Techno Googly Eyes,"<p>Techno Googly Eyes for craft boxes and school art projects.</p><p>Mix them into collages, models and DIY decorations. From Techno.</p>","craft, diy, art supplies, techno, Art & Craft"
magnifying-glass,Techno Magnifying Glass,"<p>Techno Magnifying Glass — hands-on science that feels like play.</p><p>Curious kids follow the steps, see real results and learn why it works. From Techno.</p>","science kit, stem, kids, educational, techno, Learning & Activity"
foamy-glitter,Techno Foamy Glitter,"<p>Techno Foamy Glitter for craft boxes and school art projects.</p><p>Mix them into collages, models and DIY decorations. From Techno.</p>","craft, diy, art supplies, techno, Art & Craft"
pipe-cleaner,Techno Pipe Cleaner,"<p>Techno Pipe Cleaner for craft boxes and school art projects.</p><p>Mix them into collages, models and DIY decorations. From Techno.</p>","craft, diy, art supplies, techno, Art & Craft"
zip-lock-a5,FIS A5 Zip-Lock Bag,"<p>FIS A5 Zip-Lock Bag to keep papers flat, sorted and safe.</p><p>Brings quick order to school hand-outs, bills and office documents. From FIS.</p>","file, folder, office, organizer, a5, fis"
magnifying-glass-small,Techno Magnifying Glass Small,"<p>Techno Magnifying Glass Small — hands-on science that feels like play.</p><p>Curious kids follow the steps, see real results and learn why it works. From Techno.</p>","science kit, stem, kids, educational, techno, Learning & Activity"
pipe-cleaner-glittery,Techno Pipe Cleaner Glittery,"<p>Techno Pipe Cleaner Glittery for craft boxes and school art projects.</p><p>Mix them into collages, models and DIY decorations. From Techno.</p>","craft, diy, art supplies, techno, Art & Craft"
record-card-2-side-ruler-5x3-inch,"FIS Record Cards — Ruled Both Sides, 5×3 inch","<p>FIS Record Cards — Ruled Both Sides, 5×3 inch for writing, printing and craft.</p><p>A useful stack to keep within arm's reach. From FIS.</p>","paper, office, craft, fis, Notebooks & Books"
magnet-mix-design,Mixed Design Magnet Set,"<p>Mixed Design Magnet Set — hands-on science that feels like play.</p><p>Curious kids follow the steps, see real results and learn why it works.</p>","science kit, stem, kids, educational, Learning & Activity"
modeling-clay,Dozen Modeling Clay,"<p>Dozen Modeling Clay — soft, colourful and easy to shape.</p><p>Hours of screen-free making for kids; air-dries into keepable little creations. From Dozen.</p>","clay, modelling, craft, kids, dozen, Art & Craft"
record-card-2-side-ruler-6x4-inch,"FIS Record Cards — Ruled Both Sides, 6×4 inch","<p>FIS Record Cards — Ruled Both Sides, 6×4 inch for writing, printing and craft.</p><p>A useful stack to keep within arm's reach. From FIS.</p>","paper, office, craft, fis, Notebooks & Books"
farm-animals-stickers,FIS Farm Animals Stickers,"<p>FIS Farm Animals Stickers — a fun sheet of peel-and-stick designs.</p><p>Great for decorating journals, laptops, school books and reward charts. An easy little gift for kids. From FIS.</p>","stickers, kids, decoration, fis, Stickers & Sticky Notes"
fruits-2-stickers,FIS Fruits 2 Stickers,"<p>FIS Fruits 2 Stickers — a fun sheet of peel-and-stick designs.</p><p>Great for decorating journals, laptops, school books and reward charts. An easy little gift for kids. From FIS.</p>","stickers, kids, decoration, fis, Stickers & Sticky Notes"
human-body-parts-stickers,FIS Human Body Parts Stickers,"<p>FIS Human Body Parts Stickers — a fun sheet of peel-and-stick designs.</p><p>Great for decorating journals, laptops, school books and reward charts. An easy little gift for kids. From FIS.</p>","stickers, kids, decoration, fis, Stickers & Sticky Notes"
learning-numbers-stickers,FIS Learning Numbers Stickers,"<p>FIS Learning Numbers Stickers — a fun sheet of peel-and-stick designs.</p><p>Great for decorating journals, laptops, school books and reward charts. An easy little gift for kids. From FIS.</p>","stickers, kids, decoration, fis, Stickers & Sticky Notes"
baby-animals-stickers,FIS Baby Animals Stickers,"<p>FIS Baby Animals Stickers — a fun sheet of peel-and-stick designs.</p><p>Great for decorating journals, laptops, school books and reward charts. An easy little gift for kids. From FIS.</p>","stickers, kids, decoration, fis, Stickers & Sticky Notes"
birds-1-stickers,FIS Birds 1 Stickers,"<p>FIS Birds 1 Stickers — a fun sheet of peel-and-stick designs.</p><p>Great for decorating journals, laptops, school books and reward charts. An easy little gift for kids. From FIS.</p>","stickers, kids, decoration, fis, Stickers & Sticky Notes"
cute-kitty-ball-pen,Montex Cute Kitty Ballpoint Pen,"<p>Montex Cute Kitty Ballpoint Pen for smooth, reliable everyday writing.</p><p>A dependable pick for school, office and signatures alike. From Montex.</p>","pen, writing, school, office, montex, Pens & Pencils"
slime-kit-3pcs-card,Slime Kit — 3 Pieces,"<p>Slime Kit — 3 Pieces with everything needed in one box.</p><p>A ready-made activity for weekends, holidays and gifts. From M.Y..</p>","kit, activity, gift, m.y, Art & Craft"
cutter-2501,FIS Utility Cutter,"<p>FIS Utility Cutter for clean, precise cutting.</p><p>Keep one in the drawer for parcels, paper and craft board. Handle with care around children. From FIS.</p>","cutter, office, tools, fis, Desk & Tools"
cutter-18mm,FIS Utility Cutter — 18 mm Blade,"<p>FIS Utility Cutter — 18 mm Blade for clean, precise cutting.</p><p>Keep one in the drawer for parcels, paper and craft board. Handle with care around children. From FIS.</p>","cutter, office, tools, fis, Desk & Tools"
de-guang-stationery,De Guang Document Organiser,"<p>De Guang Document Organiser to keep papers flat, sorted and safe.</p><p>Brings quick order to school hand-outs, bills and office documents.</p>","file, folder, office, organizer, Files & Folders"
kizuna-mppa-502,Elephant Kizuna Notebook (MPPA-502),"<p>Elephant Kizuna Notebook (MPPA-502) for notes, lists and ideas.</p><p>Good paper in a practical format — for school, work or the bedside table. From Elephant.</p>","notebook, writing, school, office, elephant, Notebooks & Books"
kizuna-mppa-503,Elephant Kizuna Notebook (MPPA-503),"<p>Elephant Kizuna Notebook (MPPA-503) for notes, lists and ideas.</p><p>Good paper in a practical format — for school, work or the bedside table. From Elephant.</p>","notebook, writing, school, office, elephant, Notebooks & Books"
elephant-mra-502,Elephant Notebook (MRA-502),"<p>Elephant Notebook (MRA-502) for notes, lists and ideas.</p><p>Good paper in a practical format — for school, work or the bedside table. From Elephant.</p>","notebook, writing, school, office, elephant, Notebooks & Books"
notebook-a7,FIS Notebook A7,"<p>FIS Notebook A7 for notes, lists and ideas.</p><p>Good paper in a practical format — for school, work or the bedside table. From FIS.</p>","notebook, writing, school, office, a7, fis"
notebook-a6-rainbow,FIS Notebook A6 Rainbow,"<p>FIS Notebook A6 Rainbow for notes, lists and ideas.</p><p>Good paper in a practical format — for school, work or the bedside table. From FIS.</p>","notebook, writing, school, office, a6, fis"
notebook-a6-black,FIS Notebook A6 Black,"<p>FIS Notebook A6 Black for notes, lists and ideas.</p><p>Good paper in a practical format — for school, work or the bedside table. From FIS.</p>","notebook, writing, school, office, a6, fis"
paint-book-school,FIS Paint Book School,"<p>FIS Paint Book School full of pictures waiting for colour.</p><p>A calm, screen-free activity for young children. From FIS.</p>","colouring book, kids, art, fis, Art & Craft"
coloring-book-boat,FIS Colouring Book Boat,"<p>FIS Colouring Book Boat full of pictures waiting for colour.</p><p>A calm, screen-free activity for young children. From FIS.</p>","colouring book, kids, art, fis, Art & Craft"
coloring-book-16-pages,FIS Colouring Book 16 Pages,"<p>FIS Colouring Book 16 Pages full of pictures waiting for colour.</p><p>A calm, screen-free activity for young children. From FIS.</p>","colouring book, kids, art, fis, Art & Craft"
adel-soft-eraser,Adel Soft Eraser — Style 1,<p>Adel Soft Eraser that rubs out cleanly without tearing the page.</p><p>One of those small things every pencil case needs. From FIS.</p>,"eraser, school, stationery, fis, Desk & Tools"
coloring-book-the-uglu-duckling,Colouring Book — The Ugly Duckling,"<p>Colouring Book — The Ugly Duckling full of pictures waiting for colour.</p><p>A calm, screen-free activity for young children. From FIS.</p>","colouring book, kids, art, fis, Art & Craft"
kizuna-a5-squares,Elephant Kizuna A5 Notebook — Squared,"<p>Elephant Kizuna A5 Notebook — Squared for notes, lists and ideas.</p><p>Good paper in a practical format — for school, work or the bedside table. From Elephant.</p>","notebook, writing, school, office, a5, elephant"
kizuna-a5-wppa-504,Elephant Kizuna A5 Notebook (WPPA-504),"<p>Elephant Kizuna A5 Notebook (WPPA-504) for notes, lists and ideas.</p><p>Good paper in a practical format — for school, work or the bedside table. From Elephant.</p>","notebook, writing, school, office, a5, elephant"
sooofa,Kokuyo Sooofa Soft-Ring Notebook,"<p>Kokuyo Sooofa Soft-Ring Notebook for notes, lists and ideas.</p><p>Good paper in a practical format — for school, work or the bedside table. From Kokuyo.</p>","notebook, writing, school, office, kokuyo, Notebooks & Books"
mellow-ring-with-index,Elephant Mellow Ring Notebook with Index,"<p>Elephant Mellow Ring Notebook with Index for notes, lists and ideas.</p><p>Good paper in a practical format — for school, work or the bedside table. From Elephant.</p>","notebook, writing, school, office, elephant, Notebooks & Books"
kizuna-wppb-502-grid,Elephant Kizuna B5 Notebook — Grid (WPPB-502),"<p>Elephant Kizuna B5 Notebook — Grid (WPPB-502) for notes, lists and ideas.</p><p>Good paper in a practical format — for school, work or the bedside table. From Elephant.</p>","notebook, writing, school, office, b5, elephant"
kizuna-wppb-502,Elephant Kizuna B5 Notebook (WPPB-502),"<p>Elephant Kizuna B5 Notebook (WPPB-502) for notes, lists and ideas.</p><p>Good paper in a practical format — for school, work or the bedside table. From Elephant.</p>","notebook, writing, school, office, b5, elephant"
kizuna-series-b5-wppb-504,Elephant Kizuna B5 Notebook (WPPB-504),"<p>Elephant Kizuna B5 Notebook (WPPB-504) for notes, lists and ideas.</p><p>Good paper in a practical format — for school, work or the bedside table. From Elephant.</p>","notebook, writing, school, office, b5, elephant"
notebook-wpp-121t,Elephant Notebook (WPP-121T),"<p>Elephant Notebook (WPP-121T) for notes, lists and ideas.</p><p>Good paper in a practical format — for school, work or the bedside table. From Elephant.</p>","notebook, writing, school, office, elephant, Notebooks & Books"
kokuyo-snoopy,Kokuyo Snoopy Notebook — Style 1,"<p>Kokuyo Snoopy Notebook for notes, lists and ideas.</p><p>Good paper in a practical format — for school, work or the bedside table. From Kokuyo.</p>","notebook, writing, school, office, kokuyo, Notebooks & Books"
begin-elephant,Elephant Begin Notebook,"<p>Elephant Begin Notebook for notes, lists and ideas.</p><p>Good paper in a practical format — for school, work or the bedside table. From Elephant.</p>","notebook, writing, school, office, elephant, Notebooks & Books"
snoopy,Snoopy Notebook,"<p>Snoopy Notebook for notes, lists and ideas.</p><p>Good paper in a practical format — for school, work or the bedside table.</p>","notebook, writing, school, office, Notebooks & Books"
kokuyo-snoopy-2,Kokuyo Snoopy Notebook — Style 2,"<p>Kokuyo Snoopy Notebook for notes, lists and ideas.</p><p>Good paper in a practical format — for school, work or the bedside table. From Kokuyo.</p>","notebook, writing, school, office, kokuyo, Notebooks & Books"
notebook-a5,Notebook A5 — Style 1,"<p>Notebook A5 for notes, lists and ideas.</p><p>Good paper in a practical format — for school, work or the bedside table.</p>","notebook, writing, school, office, a5, Notebooks & Books"
brunch-brother,Brunch Brother Notebook,"<p>Brunch Brother Notebook for notes, lists and ideas.</p><p>Good paper in a practical format — for school, work or the bedside table.</p>","notebook, writing, school, office, Notebooks & Books"
happiness-notebook,Happiness Notebook,"<p>Happiness Notebook for notes, lists and ideas.</p><p>Good paper in a practical format — for school, work or the bedside table.</p>","notebook, writing, school, office, Notebooks & Books"
notebook-cat,Elephant Notebook Cat,"<p>Elephant Notebook Cat for notes, lists and ideas.</p><p>Good paper in a practical format — for school, work or the bedside table. From Elephant.</p>","notebook, writing, school, office, elephant, Notebooks & Books"
notebook-a5-2,Notebook A5 — Style 2,"<p>Notebook A5 for notes, lists and ideas.</p><p>Good paper in a practical format — for school, work or the bedside table.</p>","notebook, writing, school, office, a5, Notebooks & Books"
catmemo,Double A Catmemo Sticky Notes,"<p>Double A Catmemo Sticky Notes for quick reminders, page markers and desk notes that peel off cleanly.</p><p>Handy for students and office desks alike — stick them on books, screens and planners. From Double A.</p>","sticky notes, memo, office, school, double a, Stickers & Sticky Notes"
saxa-poche,Kokuyo Saxa Poche Compact Scissors — Style 1,"<p>Kokuyo Saxa Poche Compact Scissors that cut cleanly and feel comfortable in hand.</p><p>Suits paper craft, school projects and everyday desk jobs. From Kokuyo.</p>","scissors, craft, office, kokuyo, Desk & Tools"
portable-scissors,Kokuyo Campus Portable Scissors,"<p>Kokuyo Campus Portable Scissors that cut cleanly and feel comfortable in hand.</p><p>Suits paper craft, school projects and everyday desk jobs. From Campus.</p>","scissors, craft, office, campus, Desk & Tools"
eraser,Campus Eraser,<p>Campus Eraser that rubs out cleanly without tearing the page.</p><p>One of those small things every pencil case needs. From Campus.</p>,"eraser, school, stationery, campus, Desk & Tools"
elephant,Galaxy Pastel Desk Accessory,<p>Galaxy Pastel Desk Accessory — a practical helper for the desk.</p><p>One of those tools you reach for more often than you expect. From Galaxy Pastel.</p>,"desk, office, stationery, galaxy pastel, Desk & Tools"
karu-cut,Kokuyo Karu Cut Washi Tape Cutter,"<p>Kokuyo Karu Cut Washi Tape Cutter — decorative paper tape that tears by hand and repositions without marking.</p><p>Perfect for journals, gift wrapping and craft projects. A little roll that makes everything prettier.</p>","washi tape, craft, journaling, Desk & Tools"
kokuyo,Campus Desk Accessory,<p>Campus Desk Accessory — a practical helper for the desk.</p><p>One of those tools you reach for more often than you expect. From Campus.</p>,"desk, office, stationery, campus, Desk & Tools"
elephant-correction-tape,Elephant Correction Tape,"<p>Elephant Correction Tape for tidy, instant corrections.</p><p>Glides on dry so you can write over it straight away. From Elephant.</p>","correction tape, office, school, elephant, Desk & Tools"
campus-correction-tape,Kokuyo Campus Correction Tape,"<p>Kokuyo Campus Correction Tape for tidy, instant corrections.</p><p>Glides on dry so you can write over it straight away. From Kokuyo.</p>","correction tape, office, school, kokuyo, Desk & Tools"
fis-metal-sharpener,FIS Metal Sharpener,"<p>FIS Metal Sharpener for a clean, even point every time.</p><p>Compact enough for any pencil case. From FIS.</p>","sharpener, school, stationery, fis, Pens & Pencils"
fis-cutter-knife,FIS Cutter Knife,"<p>FIS Cutter Knife for clean, precise cutting.</p><p>Keep one in the drawer for parcels, paper and craft board. Handle with care around children. From FIS.</p>","cutter, office, tools, fis, Desk & Tools"
pet-sticky-note,Moshi Moshi Pet Sticky Note,"<p>Moshi Moshi Pet Sticky Note for quick reminders, page markers and desk notes that peel off cleanly.</p><p>Handy for students and office desks alike — stick them on books, screens and planners. From Moshi Moshi.</p>","sticky notes, memo, office, school, moshi moshi, Stickers & Sticky Notes"
kw-trio-stapler,KW-triO Stapler,<p>KW-triO Stapler for fastening pages quickly.</p><p>A compact essential for home offices and school projects. From KW-triO.</p>,"stapler, office, desk, kw.trio, Desk & Tools"
begin-elephant-2,Elephant Begin Stationery Set — Style 2,"<p>Elephant Begin Stationery Set — a ready-to-give set, no assembly needed.</p><p>Take the guesswork out of gifting for birthdays, school rewards and small thank-yous. From Elephant.</p>","gift set, gift, bundle, elephant, Gift Sets & Bundles"
stick-up-glue-stick,Stick Up Glue Stick,"<p>Stick Up Glue Stick that sticks paper and card cleanly.</p><p>A school-bag staple for projects, collages and quick fixes. From Stick Up.</p>","glue, craft, school, stick up, Desk & Tools"
campus-word-cards,Campus Word Cards,<p>Campus Word Cards — picture cards that make early learning feel like play.</p><p>A simple screen-free way for parents and teachers to build vocabulary with young children. From Campus.</p>,"flash cards, learning, kids, educational, campus, Learning & Activity"
everyo-gel-pen,Deli Everyo Gel Pen — Style 1,"<p>Deli Everyo Gel Pen — smooth-flowing ink in a comfortable grip.</p><p>A favourite for note-taking, journaling and adding colour to study notes. From Deli.</p>","gel pen, pens, writing, deli, Pens & Pencils"
elephant-weekly-plan,Elephant Weekly Planner Pad — Style 1,"<p>Elephant Weekly Planner Pad to plan the day, week or month at a glance.</p><p>Helps students and busy people keep tasks visible and satisfying to tick off. From Elephant.</p>","planner, organizer, productivity, elephant, Planners & Diaries"
elephant-to-do-list,Elephant To-Do List Pad,"<p>Elephant To-Do List Pad to plan the day, week or month at a glance.</p><p>Helps students and busy people keep tasks visible and satisfying to tick off. From Elephant.</p>","planner, organizer, productivity, elephant, Planners & Diaries"
everyo-gel-pen-2,Deli Everyo Gel Pen — Style 2,"<p>Deli Everyo Gel Pen — smooth-flowing ink in a comfortable grip.</p><p>A favourite for note-taking, journaling and adding colour to study notes. From Deli.</p>","gel pen, pens, writing, deli, Pens & Pencils"
everyo-gel-pen-3,Deli Everyo Gel Pen — Style 3,"<p>Deli Everyo Gel Pen — smooth-flowing ink in a comfortable grip.</p><p>A favourite for note-taking, journaling and adding colour to study notes. From Deli.</p>","gel pen, pens, writing, deli, Pens & Pencils"
sticky-note,Sticky Notes Set,"<p>Sticky Notes Set for quick reminders, page markers and desk notes that peel off cleanly.</p><p>Handy for students and office desks alike — stick them on books, screens and planners.</p>","sticky notes, memo, office, school, Stickers & Sticky Notes"
elephant-weeky-plan,Elephant Weekly Planner Pad — Style 2,"<p>Elephant Weekly Planner Pad to plan the day, week or month at a glance.</p><p>Helps students and busy people keep tasks visible and satisfying to tick off. From Elephant.</p>","planner, organizer, productivity, elephant, Planners & Diaries"
elephant-monthly-plan,Elephant Monthly Planner Pad,"<p>Elephant Monthly Planner Pad to plan the day, week or month at a glance.</p><p>Helps students and busy people keep tasks visible and satisfying to tick off. From Elephant.</p>","planner, organizer, productivity, elephant, Planners & Diaries"
campus-note-book,Kokuyo Campus Notebook — Style 2,"<p>Kokuyo Campus Notebook for notes, lists and ideas.</p><p>Good paper in a practical format — for school, work or the bedside table. From Kokuyo.</p>","notebook, writing, school, office, kokuyo, Notebooks & Books"
bx-v5,Pilot V5 Hi-Tecpoint Rollerball Pen — Style 1,"<p>Pilot V5 Hi-Tecpoint Rollerball Pen for smooth, reliable everyday writing.</p><p>A dependable pick for school, office and signatures alike. From Pilot.</p>","pen, writing, school, office, pilot, Pens & Pencils"
bx-v5-2,Pilot V5 Hi-Tecpoint Rollerball Pen — Style 2,"<p>Pilot V5 Hi-Tecpoint Rollerball Pen for smooth, reliable everyday writing.</p><p>A dependable pick for school, office and signatures alike. From Pilot.</p>","pen, writing, school, office, pilot, Pens & Pencils"
bx-v5-3,Pilot V5 Hi-Tecpoint Rollerball Pen — Style 3,"<p>Pilot V5 Hi-Tecpoint Rollerball Pen for smooth, reliable everyday writing.</p><p>A dependable pick for school, office and signatures alike. From Pilot.</p>","pen, writing, school, office, pilot, Pens & Pencils"
bx-v5-4,Pilot V5 Hi-Tecpoint Rollerball Pen — Style 4,"<p>Pilot V5 Hi-Tecpoint Rollerball Pen for smooth, reliable everyday writing.</p><p>A dependable pick for school, office and signatures alike. From Pilot.</p>","pen, writing, school, office, pilot, Pens & Pencils"
big-ideas-start-small,Double A “Big Ideas Start Small” Sticky Notes,"<p>Double A “Big Ideas Start Small” Sticky Notes for quick reminders, page markers and desk notes that peel off cleanly.</p><p>Handy for students and office desks alike — stick them on books, screens and planners. From Double A.</p>","sticky notes, memo, office, school, double a, Stickers & Sticky Notes"
elephant-2,Elephant Planner Pad,"<p>Elephant Planner Pad to plan the day, week or month at a glance.</p><p>Helps students and busy people keep tasks visible and satisfying to tick off. From Elephant.</p>","planner, organizer, productivity, elephant, Planners & Diaries"
uhu-stick,UHU Glue Stick,"<p>UHU Glue Stick that sticks paper and card cleanly.</p><p>A school-bag staple for projects, collages and quick fixes. From UHU.</p>","glue, craft, school, uhu, Desk & Tools"
saxa-poche-2,Kokuyo Saxa Poche Compact Scissors — Style 2,"<p>Kokuyo Saxa Poche Compact Scissors that cut cleanly and feel comfortable in hand.</p><p>Suits paper craft, school projects and everyday desk jobs. From Kokuyo.</p>","scissors, craft, office, kokuyo, Desk & Tools"
saxa-poche-3,Kokuyo Saxa Poche Compact Scissors — Style 3,"<p>Kokuyo Saxa Poche Compact Scissors that cut cleanly and feel comfortable in hand.</p><p>Suits paper craft, school projects and everyday desk jobs. From Kokuyo.</p>","scissors, craft, office, kokuyo, Desk & Tools"
saxa-poche-4,Kokuyo Saxa Poche Compact Scissors — Style 4,"<p>Kokuyo Saxa Poche Compact Scissors that cut cleanly and feel comfortable in hand.</p><p>Suits paper craft, school projects and everyday desk jobs. From Kokuyo.</p>","scissors, craft, office, kokuyo, Desk & Tools"
lego-pencil-box,LEGO Pencil Box,"<p>LEGO Pencil Box to keep pens, pencils and small tools together.</p><p>Fits neatly in a school bag or on a desk — no more hunting for the sharpener. From LEGO.</p>","pencil case, organizer, school, lego, Learning & Activity"
lego-10pcs-marker,LEGO Markers — 10 Pieces,"<p>LEGO Markers — 10 Pieces for bold lines and bright colouring.</p><p>Great for posters, projects and creative time with the kids. From LEGO.</p>","markers, colouring, art, lego, Learning & Activity"
catmo-sticky-note,Catmemo Cat Sticky Notes,"<p>Catmemo Cat Sticky Notes for quick reminders, page markers and desk notes that peel off cleanly.</p><p>Handy for students and office desks alike — stick them on books, screens and planners. From Catmemo.</p>","sticky notes, memo, office, school, catmemo, Stickers & Sticky Notes"
basic-the-dinosaur-color-pencil,Basic Dinosaur Colour Pencils,"<p>Basic Dinosaur Colour Pencils for smooth, vivid colouring.</p><p>A solid choice for school bags and home art corners — easy to sharpen and comfortable to hold. From Basic.</p>","colour pencils, colouring, art, school, basic, Pens & Pencils"
begin-elephant-3,Elephant Begin Stationery Set — Style 2 (2),"<p>Elephant Begin Stationery Set — a ready-to-give set, no assembly needed.</p><p>Take the guesswork out of gifting for birthdays, school rewards and small thank-yous. From Elephant.</p>","gift set, gift, bundle, elephant, Gift Sets & Bundles"
begin-elephant-4,Elephant Begin Stationery Set — Style 3,"<p>Elephant Begin Stationery Set — a ready-to-give set, no assembly needed.</p><p>Take the guesswork out of gifting for birthdays, school rewards and small thank-yous. From Elephant.</p>","gift set, gift, bundle, elephant, Gift Sets & Bundles"
lego-3pcs-marker,LEGO Markers — 3 Pieces,"<p>LEGO Markers — 3 Pieces for bold lines and bright colouring.</p><p>Great for posters, projects and creative time with the kids. From LEGO.</p>","markers, colouring, art, lego, Learning & Activity"
lego-note-book,LEGO Notebook Gift Set,"<p>LEGO Notebook Gift Set — a ready-to-give set, no assembly needed.</p><p>Take the guesswork out of gifting for birthdays, school rewards and small thank-yous. From LEGO.</p>","gift set, gift, bundle, lego, Gift Sets & Bundles"
lego-note-book-2,LEGO Notebook — Style 2,"<p>LEGO Notebook for notes, lists and ideas.</p><p>Good paper in a practical format — for school, work or the bedside table. From LEGO.</p>","notebook, writing, school, office, lego, Learning & Activity"
lego-note-book-3,LEGO Notebook — Style 3,"<p>LEGO Notebook for notes, lists and ideas.</p><p>Good paper in a practical format — for school, work or the bedside table. From LEGO.</p>","notebook, writing, school, office, lego, Learning & Activity"
lego-coloring-pencil-12pcs,LEGO Colouring Pencils — 12 Pieces,<p>LEGO Colouring Pencils — 12 Pieces for writing and sketching.</p><p>A classroom essential that sharpens cleanly and writes smoothly. From LEGO.</p>,"pencil, writing, school, lego, Learning & Activity"
lego-note-book-and-pen,LEGO Notebook & Pen Set — Style 1,"<p>LEGO Notebook & Pen Set — a ready-to-give set, no assembly needed.</p><p>Take the guesswork out of gifting for birthdays, school rewards and small thank-yous. From LEGO.</p>","gift set, gift, bundle, lego, Gift Sets & Bundles"
lego-note-book-and-pen-2,LEGO Notebook & Pen Set — Style 2,"<p>LEGO Notebook & Pen Set — a ready-to-give set, no assembly needed.</p><p>Take the guesswork out of gifting for birthdays, school rewards and small thank-yous. From LEGO.</p>","gift set, gift, bundle, lego, Gift Sets & Bundles"
lego-note-book-and-pen-3,LEGO Notebook & Pen Set — Style 3,"<p>LEGO Notebook & Pen Set — a ready-to-give set, no assembly needed.</p><p>Take the guesswork out of gifting for birthdays, school rewards and small thank-yous. From LEGO.</p>","gift set, gift, bundle, lego, Gift Sets & Bundles"
lego-note-book-and-pen-4,LEGO Notebook & Pen Set — Style 4,"<p>LEGO Notebook & Pen Set — a ready-to-give set, no assembly needed.</p><p>Take the guesswork out of gifting for birthdays, school rewards and small thank-yous. From LEGO.</p>","gift set, gift, bundle, lego, Gift Sets & Bundles"
lego-note-book-and-pen-5,LEGO Notebook & Pen Set — Style 5,"<p>LEGO Notebook & Pen Set — a ready-to-give set, no assembly needed.</p><p>Take the guesswork out of gifting for birthdays, school rewards and small thank-yous. From LEGO.</p>","gift set, gift, bundle, lego, Gift Sets & Bundles"
lego-3pcs-pen,LEGO Pens — 3 Pieces,"<p>LEGO Pens — 3 Pieces for smooth, reliable everyday writing.</p><p>A dependable pick for school, office and signatures alike. From LEGO.</p>","pen, writing, school, office, lego, Learning & Activity"
lego-10pcs-marker-2,"LEGO Markers — 10 Pieces, Style 2","<p>LEGO Markers — 10 Pieces, Style 2 for bold lines and bright colouring.</p><p>Great for posters, projects and creative time with the kids. From LEGO.</p>","markers, colouring, art, lego, Learning & Activity"
lego-note-book-and-pen-6,LEGO Notebook & Pen Set — Style 6,"<p>LEGO Notebook & Pen Set — a ready-to-give set, no assembly needed.</p><p>Take the guesswork out of gifting for birthdays, school rewards and small thank-yous. From LEGO.</p>","gift set, gift, bundle, lego, Gift Sets & Bundles"
lego-pal-pen,LEGO Pal Pen — Style 1,"<p>LEGO Pal Pen for smooth, reliable everyday writing.</p><p>A dependable pick for school, office and signatures alike. From LEGO.</p>","pen, writing, school, office, lego, Learning & Activity"
lego-pal-pen-2,LEGO Pal Pen — Style 2,"<p>LEGO Pal Pen for smooth, reliable everyday writing.</p><p>A dependable pick for school, office and signatures alike. From LEGO.</p>","pen, writing, school, office, lego, Learning & Activity"
lego-pal-pen-3,LEGO Pal Pen — Style 3,"<p>LEGO Pal Pen for smooth, reliable everyday writing.</p><p>A dependable pick for school, office and signatures alike. From LEGO.</p>","pen, writing, school, office, lego, Learning & Activity"
lego-mini-fugures-sticky-note,LEGO Minifigures Sticky Notes,"<p>LEGO Minifigures Sticky Notes for quick reminders, page markers and desk notes that peel off cleanly.</p><p>Handy for students and office desks alike — stick them on books, screens and planners. From LEGO.</p>","sticky notes, memo, office, school, lego, Stickers & Sticky Notes"
lego-space-sticky-note,LEGO Space Sticky Notes,"<p>LEGO Space Sticky Notes for quick reminders, page markers and desk notes that peel off cleanly.</p><p>Handy for students and office desks alike — stick them on books, screens and planners. From LEGO.</p>","sticky notes, memo, office, school, lego, Stickers & Sticky Notes"
lego-ruler,LEGO Ruler,"<p>LEGO Ruler for accurate measuring and clean lines.</p><p>Made for pencil cases, drawing boards and toolboxes. From LEGO.</p>","ruler, measuring, school, lego, Learning & Activity"
lego-creativity-set,LEGO Creativity Stationery Set — Style 1,"<p>LEGO Creativity Stationery Set — a ready-to-give set, no assembly needed.</p><p>Take the guesswork out of gifting for birthdays, school rewards and small thank-yous. From LEGO.</p>","gift set, gift, bundle, lego, Gift Sets & Bundles"
lego-creativity-set-2,LEGO Creativity Stationery Set — Style 2,"<p>LEGO Creativity Stationery Set — a ready-to-give set, no assembly needed.</p><p>Take the guesswork out of gifting for birthdays, school rewards and small thank-yous. From LEGO.</p>","gift set, gift, bundle, lego, Gift Sets & Bundles"
lego-creativity-set-3,LEGO Creativity Stationery Set — Style 3,"<p>LEGO Creativity Stationery Set — a ready-to-give set, no assembly needed.</p><p>Take the guesswork out of gifting for birthdays, school rewards and small thank-yous. From LEGO.</p>","gift set, gift, bundle, lego, Gift Sets & Bundles"
lego-combination-lock-diary-set,LEGO Diary Set with Combination Lock,"<p>LEGO Diary Set with Combination Lock — a ready-to-give set, no assembly needed.</p><p>Take the guesswork out of gifting for birthdays, school rewards and small thank-yous. From LEGO.</p>","gift set, gift, bundle, lego, Gift Sets & Bundles"
limited-campus-sisors,Kokuyo Campus Scissors — Limited Edition,"<p>Kokuyo Campus Scissors — Limited Edition that cut cleanly and feel comfortable in hand.</p><p>Suits paper craft, school projects and everyday desk jobs. From Kokuyo.</p>","scissors, craft, office, kokuyo, Desk & Tools"
elephant-eraser-and-highlighter,Elephant Eraser and Highlighter,"<p>Elephant Eraser and Highlighter — a ready-to-give set, no assembly needed.</p><p>Take the guesswork out of gifting for birthdays, school rewards and small thank-yous. From Elephant.</p>","gift set, gift, bundle, elephant, Gift Sets & Bundles"
karu-cut-tape-cutter-bage,Kokuyo Karu Cut Washi Tape Cutter — Beige,"<p>Kokuyo Karu Cut Washi Tape Cutter — Beige — decorative paper tape that tears by hand and repositions without marking.</p><p>Perfect for journals, gift wrapping and craft projects. A little roll that makes everything prettier.</p>","washi tape, craft, journaling, Files & Folders"
karu-cut-tape-cutter-yellow,Kokuyo Karu Cut Washi Tape Cutter — Yellow,"<p>Kokuyo Karu Cut Washi Tape Cutter — Yellow — decorative paper tape that tears by hand and repositions without marking.</p><p>Perfect for journals, gift wrapping and craft projects. A little roll that makes everything prettier.</p>","washi tape, craft, journaling, Desk & Tools"
karu-cut-tape-cutter-blue,Kokuyo Karu Cut Washi Tape Cutter — Blue,"<p>Kokuyo Karu Cut Washi Tape Cutter — Blue — decorative paper tape that tears by hand and repositions without marking.</p><p>Perfect for journals, gift wrapping and craft projects. A little roll that makes everything prettier.</p>","washi tape, craft, journaling, Desk & Tools"
mideer-pease-crayons,Mideer Pease Crayons,"<p>Mideer Pease Crayons — bold, easy-grip colour for little hands.</p><p>Ideal for toddlers and young artists at home or nursery. From Mideer.</p>","crayons, colouring, kids, mideer, Art & Craft"
clixo-x-timothy-good-man-9pcs,Clixo × Timothy Goodman Magnetic Building Set — 9 Pieces,<p>Clixo × Timothy Goodman Magnetic Building Set — 9 Pieces — a matched set that works together.</p><p>More useful (and better value) than buying the pieces separately. From Clixo.</p>,"set, stationery, gift, clixo, Art & Craft"
muji-double-ring-notebook,Muji Double Ring Notebook,"<p>Muji Double Ring Notebook for notes, lists and ideas.</p><p>Good paper in a practical format — for school, work or the bedside table. From Muji.</p>","notebook, writing, school, office, muji, Notebooks & Books"
chicro-large-leather-pencil-pink-and-per,Chica Ro Large Leather Pencil Case — Pink,"<p>Chica Ro Large Leather Pencil Case — Pink to keep pens, pencils and small tools together.</p><p>Fits neatly in a school bag or on a desk — no more hunting for the sharpener. From Chica Ro.</p>","pencil case, organizer, school, chica ro, Pens & Pencils"
adel-soft-eraser-2,Adel Soft Eraser — Style 2,<p>Adel Soft Eraser that rubs out cleanly without tearing the page.</p><p>One of those small things every pencil case needs. From Adel.</p>,"eraser, school, stationery, adel, Desk & Tools"
diy-your-own-slime,DIY Slime Making Kit,"<p>DIY Slime Making Kit with everything needed in one box.</p><p>A ready-made activity for weekends, holidays and gifts.</p>","kit, activity, gift, Art & Craft"
y-plus-eraser-pen,Y.Plus Eraser Pen,<p>Y.Plus Eraser Pen that rubs out cleanly without tearing the page.</p><p>One of those small things every pencil case needs. From Y.Plus.</p>,"eraser, school, stationery, y.plus, Pens & Pencils"
hello-kitty-pen,Hello Kitty Pen,"<p>Hello Kitty Pen for smooth, reliable everyday writing.</p><p>A dependable pick for school, office and signatures alike.</p>","pen, writing, school, office, Pens & Pencils"
neon-snap-bracelets,Neon Snap Bracelets Set,"<p>Neon Snap Bracelets Set — a ready-to-give set, no assembly needed.</p><p>Take the guesswork out of gifting for birthdays, school rewards and small thank-yous.</p>","gift set, gift, bundle, Gift Sets & Bundles"
milly-and-cat-note-book,Milly and Cat Note Book — Style 1,<p>Milly and Cat Note Book — facts and fun between two covers.</p><p>A lovely gift for curious readers.</p>,"book, reading, kids, Notebooks & Books"
one-pice-sabo-note-book,One Piece Sabo Notebook,"<p>One Piece Sabo Notebook for notes, lists and ideas.</p><p>Good paper in a practical format — for school, work or the bedside table.</p>","notebook, writing, school, office, Notebooks & Books"
one-pice-ace-note-book,One Piece Ace Notebook,"<p>One Piece Ace Notebook for notes, lists and ideas.</p><p>Good paper in a practical format — for school, work or the bedside table.</p>","notebook, writing, school, office, Notebooks & Books"
milly-and-cat-note-book-2,Milly and Cat Note Book — Style 2,<p>Milly and Cat Note Book — facts and fun between two covers.</p><p>A lovely gift for curious readers.</p>,"book, reading, kids, Notebooks & Books"
masterart-blacklead-pencil,Masterart Black-Lead Pencils — Style 1,<p>Masterart Black-Lead Pencils for writing and sketching.</p><p>A classroom essential that sharpens cleanly and writes smoothly. From Masterart.</p>,"pencil, writing, school, masterart, Pens & Pencils"
jiehui-cube-3nd,Jiehui Magic Cube Puzzle,"<p>Jiehui Magic Cube Puzzle to twist, solve and master.</p><p>Builds patience and problem-solving — dangerously moreish. From Jiehuitoys.</p>","puzzle, brain teaser, kids, jiehuitoys, Learning & Activity"
cube-magic,Magic Cube Puzzle,"<p>Magic Cube Puzzle to twist, solve and master.</p><p>Builds patience and problem-solving — dangerously moreish. From Ledongzhan.</p>","puzzle, brain teaser, kids, ledongzhan, Learning & Activity"
minicombination-lock-book-kuromi,Kuromi Mini Notebook with Combination Lock,"<p>Kuromi Mini Notebook with Combination Lock — a ready-to-give set, no assembly needed.</p><p>Take the guesswork out of gifting for birthdays, school rewards and small thank-yous.</p>","gift set, gift, bundle, Gift Sets & Bundles"
bsoku-super-light-clay,Baoku Super Light Modelling Clay,"<p>Baoku Super Light Modelling Clay — soft, colourful and easy to shape.</p><p>Hours of screen-free making for kids; air-dries into keepable little creations. From Baoku.</p>","clay, modelling, craft, kids, baoku, Art & Craft"
masterart-blacklead-pencil-2,Masterart Black-Lead Pencils — Style 2,<p>Masterart Black-Lead Pencils for writing and sketching.</p><p>A classroom essential that sharpens cleanly and writes smoothly. From Masterart.</p>,"pencil, writing, school, masterart, Pens & Pencils"
flamingo-erasable-color-pencils-72-colors,Flamingo Erasable Colour Pencils — 72 Colours,"<p>Flamingo Erasable Colour Pencils — 72 Colours for smooth, vivid colouring.</p><p>A solid choice for school bags and home art corners — easy to sharpen and comfortable to hold. From Flamingo.</p>","colour pencils, colouring, art, school, flamingo, Pens & Pencils"
paint-your-own-squishy-animal-park,Asia Books Paint Your Own Squishy Animal Park,"<p>Asia Books Paint Your Own Squishy Animal Park for bright, easy painting sessions.</p><p>Suits school projects and weekend art at home — just add water and paper. From Asia Books.</p>","paint, watercolour, art, kids, asia books, Art & Craft"
paint-your-own-squishy-dinosaur-land,Asia Books Paint Your Own Squishy Dinosaur Land,"<p>Asia Books Paint Your Own Squishy Dinosaur Land for bright, easy painting sessions.</p><p>Suits school projects and weekend art at home — just add water and paper. From Asia Books.</p>","paint, watercolour, art, kids, asia books, Art & Craft"
dino-crafts,Asia Books Dino Crafts,"<p>Asia Books Dino Crafts for craft boxes and school art projects.</p><p>Mix them into collages, models and DIY decorations. From Asia Books.</p>","craft, diy, art supplies, asia books, Art & Craft"
reward-chart-and-sticker,Reward Chart & Sticker Set — Style 1,"<p>Reward Chart & Sticker Set — a ready-to-give set, no assembly needed.</p><p>Take the guesswork out of gifting for birthdays, school rewards and small thank-yous. From Asia Books.</p>","gift set, gift, bundle, asia books, Gift Sets & Bundles"
reward-chart-and-sticker-2,Reward Chart & Sticker Set — Style 2,"<p>Reward Chart & Sticker Set — a ready-to-give set, no assembly needed.</p><p>Take the guesswork out of gifting for birthdays, school rewards and small thank-yous. From Asia Books.</p>","gift set, gift, bundle, asia books, Gift Sets & Bundles"
yq-rulur,YQ Ruler,"<p>YQ Ruler for accurate measuring and clean lines.</p><p>Made for pencil cases, drawing boards and toolboxes. From YQ.</p>","ruler, measuring, school, yq, Desk & Tools"
black-wood-triangle-pencil,FIS Black Wood Triangular Pencil,<p>FIS Black Wood Triangular Pencil for writing and sketching.</p><p>A classroom essential that sharpens cleanly and writes smoothly. From FIS.</p>,"pencil, writing, school, fis, Pens & Pencils"
kurumi-pencils,Kuromi Pencils,<p>Kuromi Pencils for writing and sketching.</p><p>A classroom essential that sharpens cleanly and writes smoothly.</p>,"pencil, writing, school, Pens & Pencils"
stitch-pencils,Stitch Pencils,<p>Stitch Pencils for writing and sketching.</p><p>A classroom essential that sharpens cleanly and writes smoothly.</p>,"pencil, writing, school, Pens & Pencils"
fis-executive-envelopes-laid-bond-paper,FIS Executive Envelopes — Laid Bond Paper,"<p>FIS Executive Envelopes — Laid Bond Paper to keep papers flat, sorted and safe.</p><p>Brings quick order to school hand-outs, bills and office documents. From FIS.</p>","file, folder, office, organizer, fis, Notebooks & Books"
smart-coloring-book-fire-fighters,Smart Colouring Book Fire Fighters,"<p>Smart Colouring Book Fire Fighters full of pictures waiting for colour.</p><p>A calm, screen-free activity for young children. From Smart.</p>","colouring book, kids, art, smart, Notebooks & Books"
my-little-pony-erasable-pen,My Little Pony Erasable Pen,"<p>My Little Pony Erasable Pen for smooth, reliable everyday writing.</p><p>A dependable pick for school, office and signatures alike.</p>","pen, writing, school, office, Pens & Pencils"
deli-stick-up-glue-gun,Deli Stick Up Glue Gun,"<p>Deli Stick Up Glue Gun for quick-setting craft and repair jobs.</p><p>Melts glue sticks fast for card, fabric and decoration projects — adult supervision for young makers. From Deli.</p>","glue gun, craft, diy, deli, Art & Craft"
neon-colour-activity-set,Hinkler Neon Colour Activity Set,"<p>Hinkler Neon Colour Activity Set packed with things to do, colour and learn.</p><p>Keeps young minds busy on quiet afternoons and long car rides. From Hinkler.</p>","activity, kids, learning, hinkler, Learning & Activity"
colorful-eva-woodlike-blocks-60-pcs,Toy Hero Colourful EVA Building Blocks — 60 Pieces,"<p>Toy Hero Colourful EVA Building Blocks — 60 Pieces for open-ended building play.</p><p>Light, safe pieces that grow imagination and motor skills. From Toy Hero.</p>","building blocks, kids, play, toy hero, Learning & Activity"
experiment-set,Hi5 Science Experiment Set,"<p>Hi5 Science Experiment Set — hands-on science that feels like play.</p><p>Curious kids follow the steps, see real results and learn why it works. From Hi5.</p>","science kit, stem, kids, educational, hi5, Learning & Activity"
crystal-growing,Hi5 Crystal Growing Kit — Small,"<p>Hi5 Crystal Growing Kit — Small — hands-on science that feels like play.</p><p>Curious kids follow the steps, see real results and learn why it works. From Hi5.</p>","science kit, stem, kids, educational, hi5, Learning & Activity"
magical-molecules,Hi5 Magical Molecules Science Kit,"<p>Hi5 Magical Molecules Science Kit — hands-on science that feels like play.</p><p>Curious kids follow the steps, see real results and learn why it works. From Hi5.</p>","science kit, stem, kids, educational, hi5, Learning & Activity"
solar-street-lamp,Hi5 Solar Street Lamp Science Kit,"<p>Hi5 Solar Street Lamp Science Kit — hands-on science that feels like play.</p><p>Curious kids follow the steps, see real results and learn why it works. From Hi5.</p>","science kit, stem, kids, educational, hi5, Learning & Activity"
wind-up-light,Hi5 Wind-Up Light Science Kit,"<p>Hi5 Wind-Up Light Science Kit — hands-on science that feels like play.</p><p>Curious kids follow the steps, see real results and learn why it works. From Hi5.</p>","science kit, stem, kids, educational, hi5, Learning & Activity"
dig-discover-dinosaurs,Hi5 Dig & Discover Dinosaurs Kit,"<p>Hi5 Dig & Discover Dinosaurs Kit with everything needed in one box.</p><p>A ready-made activity for weekends, holidays and gifts. From Hi5.</p>","kit, activity, gift, hi5, Learning & Activity"
zap-build-your-own-super-rockets,Hi5 ZAP! Build Your Own Super Rockets Kit,"<p>Hi5 ZAP! Build Your Own Super Rockets Kit — hands-on science that feels like play.</p><p>Curious kids follow the steps, see real results and learn why it works. From Hi5.</p>","science kit, stem, kids, educational, hi5, Learning & Activity"
fidget-toy-creation-lab,Hi5 Fidget Toy Creation Lab,"<p>Hi5 Fidget Toy Creation Lab with everything needed in one box.</p><p>A ready-made activity for weekends, holidays and gifts. From Hi5.</p>","kit, activity, gift, hi5, Learning & Activity"
crystal-growing-kit,Hi5 Crystal Growing Kit — Large,"<p>Hi5 Crystal Growing Kit — Large — hands-on science that feels like play.</p><p>Curious kids follow the steps, see real results and learn why it works. From Hi5.</p>","science kit, stem, kids, educational, hi5, Learning & Activity"
zap-bouncy-balls,Hi5 ZAP! Make Your Own Bouncy Balls Kit,"<p>Hi5 ZAP! Make Your Own Bouncy Balls Kit with everything needed in one box.</p><p>A ready-made activity for weekends, holidays and gifts. From Hi5.</p>","kit, activity, gift, hi5, Learning & Activity"
zap-extra-diy-putty-lab,Hi5 ZAP! Extra DIY Putty Lab,"<p>Hi5 ZAP! Extra DIY Putty Lab with everything needed in one box.</p><p>A ready-made activity for weekends, holidays and gifts. From Hi5.</p>","kit, activity, gift, hi5, Art & Craft"
zap-extra-crystal-world,Hi5 ZAP! Extra Crystal World Kit,"<p>Hi5 ZAP! Extra Crystal World Kit — hands-on science that feels like play.</p><p>Curious kids follow the steps, see real results and learn why it works. From Hi5.</p>","science kit, stem, kids, educational, hi5, Learning & Activity"
inkredibles-adorable-axolotls-magic-ink,Inkredibles Adorable Axolotls Magic Ink Book,<p>Inkredibles Adorable Axolotls Magic Ink Book — facts and fun between two covers.</p><p>A lovely gift for curious readers. From Hi5.</p>,"book, reading, kids, hi5, Learning & Activity"
building-blocks-puzzle-train-first-alphapet,Hi5 Building Blocks Puzzle Train First Alphabet — Style 1,"<p>Hi5 Building Blocks Puzzle Train First Alphabet to twist, solve and master.</p><p>Builds patience and problem-solving — dangerously moreish. From Hi5.</p>","puzzle, brain teaser, kids, hi5, Learning & Activity"
building-blocks-puzzle-train-first-alphapet-2,Hi5 Building Blocks Puzzle Train First Alphabet — Style 2,"<p>Hi5 Building Blocks Puzzle Train First Alphabet to twist, solve and master.</p><p>Builds patience and problem-solving — dangerously moreish. From Hi5.</p>","puzzle, brain teaser, kids, hi5, Learning & Activity"
zap-pom-pom-friends,Hi5 ZAP! Pom-Pom Friends Kit,"<p>Hi5 ZAP! Pom-Pom Friends Kit with everything needed in one box.</p><p>A ready-made activity for weekends, holidays and gifts. From Hi5.</p>","kit, activity, gift, hi5, Learning & Activity"
pom-pom-animal-kit-panda,Hi5 Pom Animal Kit-panda,"<p>Hi5 Pom Animal Kit-panda with everything needed in one box.</p><p>A ready-made activity for weekends, holidays and gifts. From Hi5.</p>","kit, activity, gift, hi5, Learning & Activity"
pom-pom-animal-kit-rabbit,Hi5 Pom Animal Kit-rabbit,"<p>Hi5 Pom Animal Kit-rabbit with everything needed in one box.</p><p>A ready-made activity for weekends, holidays and gifts. From Hi5.</p>","kit, activity, gift, hi5, Learning & Activity"
pom-pom-animal-kit-alpaca,Hi5 Pom Animal Kit-alpaca,"<p>Hi5 Pom Animal Kit-alpaca with everything needed in one box.</p><p>A ready-made activity for weekends, holidays and gifts. From Hi5.</p>","kit, activity, gift, hi5, Learning & Activity"
pom-pom-animal-kit-fox,Hi5 Pom Animal Kit-fox,"<p>Hi5 Pom Animal Kit-fox with everything needed in one box.</p><p>A ready-made activity for weekends, holidays and gifts. From Hi5.</p>","kit, activity, gift, hi5, Learning & Activity"
african-adventure-colouring-activity-set,Hi5 African Adventure Colouring & Activity Set,"<p>Hi5 African Adventure Colouring & Activity Set packed with things to do, colour and learn.</p><p>Keeps young minds busy on quiet afternoons and long car rides. From Hi5.</p>","activity, kids, learning, hi5, Learning & Activity"
discover-the-dinosaurs-colouring-activity-set,Hi5 Discover the Dinosaurs Colouring & Activity Set,"<p>Hi5 Discover the Dinosaurs Colouring & Activity Set packed with things to do, colour and learn.</p><p>Keeps young minds busy on quiet afternoons and long car rides. From Hi5.</p>","activity, kids, learning, hi5, Learning & Activity"
the-very-hungry-caterpiller-activity-set,The Very Hungry Caterpillar Colouring & Activity Set,"<p>The Very Hungry Caterpillar Colouring & Activity Set packed with things to do, colour and learn.</p><p>Keeps young minds busy on quiet afternoons and long car rides. From Hi5.</p>","activity, kids, learning, hi5, Learning & Activity"
the-very-hungry-caterpiller-finger-prints,Hi5 The Very Hungry Caterpillar Finger Prints,"<p>Hi5 The Very Hungry Caterpillar Finger Prints packed with things to do, colour and learn.</p><p>Keeps young minds busy on quiet afternoons and long car rides. From Hi5.</p>","activity, kids, learning, hi5, Learning & Activity"
under-the-sea-finger-prints,Hi5 Under the Sea Finger Prints,"<p>Hi5 Under the Sea Finger Prints packed with things to do, colour and learn.</p><p>Keeps young minds busy on quiet afternoons and long car rides. From Hi5.</p>","activity, kids, learning, hi5, Learning & Activity"
on-the-farm-finger-prints,Hi5 On the Farm Finger Prints,"<p>Hi5 On the Farm Finger Prints packed with things to do, colour and learn.</p><p>Keeps young minds busy on quiet afternoons and long car rides. From Hi5.</p>","activity, kids, learning, hi6, Learning & Activity"
magical-rainbowland-finger-prints,Hi5 Magical Rainbowland Finger Prints,"<p>Hi5 Magical Rainbowland Finger Prints packed with things to do, colour and learn.</p><p>Keeps young minds busy on quiet afternoons and long car rides. From Hi5.</p>","activity, kids, learning, hi7, Learning & Activity"
adorable-axolotls-colouring-activity-set,Hi5 Adorable Axolotls Colouring & Activity Set,"<p>Hi5 Adorable Axolotls Colouring & Activity Set packed with things to do, colour and learn.</p><p>Keeps young minds busy on quiet afternoons and long car rides. From Hi5.</p>","activity, kids, learning, hi5, Learning & Activity"
zap-kawaii-rock-painting-kiy,Hi5 ZAP! Kawaii Rock Painting Kit,"<p>Hi5 ZAP! Kawaii Rock Painting Kit with everything needed in one box.</p><p>A ready-made activity for weekends, holidays and gifts. From Hi5.</p>","kit, activity, gift, hi5, Art & Craft"
zap-frienship-bracelet,Hi5 ZAP! Friendship Bracelet Kit,"<p>Hi5 ZAP! Friendship Bracelet Kit with everything needed in one box.</p><p>A ready-made activity for weekends, holidays and gifts. From Hi5.</p>","kit, activity, gift, hi5, Learning & Activity"
my-roar-some-dinosaurs-puzzle-activity-book,Hi5 My Roar-some Dinosaurs Puzzle & Activity Book,"<p>Hi5 My Roar-some Dinosaurs Puzzle & Activity Book packed with things to do, colour and learn.</p><p>Keeps young minds busy on quiet afternoons and long car rides. From Hi5.</p>","activity, kids, learning, hi5, Learning & Activity"
craft-maker-cross-stitch-kit,Hi5 Craft Maker Cross-stitch Kit,"<p>Hi5 Craft Maker Cross-stitch Kit with everything needed in one box.</p><p>A ready-made activity for weekends, holidays and gifts. From Hi5.</p>","kit, activity, gift, hi5, Art & Craft"
incredible-but-true-bugs-insects,Incredible But True — Bugs & Insects Book,<p>Incredible But True — Bugs & Insects Book — facts and fun between two covers.</p><p>A lovely gift for curious readers. From Hi5.</p>,"book, reading, kids, hi5, Notebooks & Books"
incredible-but-true-space,Incredible But True — Space Book,<p>Incredible But True — Space Book — facts and fun between two covers.</p><p>A lovely gift for curious readers. From Hi5.</p>,"book, reading, kids, hi5, Notebooks & Books"
incredible-but-true-animals,Incredible But True — Animals Book,<p>Incredible But True — Animals Book — facts and fun between two covers.</p><p>A lovely gift for curious readers. From Hi5.</p>,"book, reading, kids, hi5, Notebooks & Books"
incredible-but-true-dinasours,Incredible But True — Dinosaurs Book,<p>Incredible But True — Dinosaurs Book — facts and fun between two covers.</p><p>A lovely gift for curious readers. From Hi5.</p>,"book, reading, kids, hi5, Notebooks & Books"
naruto-gift-box,Naruto Stationery Gift Box,"<p>Naruto Stationery Gift Box — a ready-to-give set, no assembly needed.</p><p>Take the guesswork out of gifting for birthdays, school rewards and small thank-yous. From Hi5.</p>","gift set, gift, bundle, hi5, Art & Craft"
preschool,Hi5 Preschool Activity Book — Style 1,"<p>Hi5 Preschool Activity Book packed with things to do, colour and learn.</p><p>Keeps young minds busy on quiet afternoons and long car rides. From Hi5.</p>","activity, kids, learning, hi5, Notebooks & Books"
preschool-2,Hi5 Preschool Activity Book — Style 2,"<p>Hi5 Preschool Activity Book packed with things to do, colour and learn.</p><p>Keeps young minds busy on quiet afternoons and long car rides. From Hi5.</p>","activity, kids, learning, hi5, Notebooks & Books"
preschool-3,Hi5 Preschool Activity Book — Style 3,"<p>Hi5 Preschool Activity Book packed with things to do, colour and learn.</p><p>Keeps young minds busy on quiet afternoons and long car rides. From Hi5.</p>","activity, kids, learning, hi5, Notebooks & Books"
preschool-4,Hi5 Preschool Activity Book — Style 4,"<p>Hi5 Preschool Activity Book packed with things to do, colour and learn.</p><p>Keeps young minds busy on quiet afternoons and long car rides. From Hi5.</p>","activity, kids, learning, hi5, Notebooks & Books"
preschool-5,Hi5 Preschool Activity Book — Style 5,"<p>Hi5 Preschool Activity Book packed with things to do, colour and learn.</p><p>Keeps young minds busy on quiet afternoons and long car rides. From Hi5.</p>","activity, kids, learning, hi5, Notebooks & Books"
preschool-6,Hi5 Preschool Activity Book — Style 6,"<p>Hi5 Preschool Activity Book packed with things to do, colour and learn.</p><p>Keeps young minds busy on quiet afternoons and long car rides. From Hi5.</p>","activity, kids, learning, hi5, Notebooks & Books"
how-viruses-work,How Viruses Work — Science Kit,"<p>How Viruses Work — Science Kit — hands-on science that feels like play.</p><p>Curious kids follow the steps, see real results and learn why it works. From Hi5.</p>","science kit, stem, kids, educational, hi5, Learning & Activity"
how-buoyancy-works,How Buoyancy Works — Science Kit,"<p>How Buoyancy Works — Science Kit — hands-on science that feels like play.</p><p>Curious kids follow the steps, see real results and learn why it works. From Hi5.</p>","science kit, stem, kids, educational, hi5, Learning & Activity"
how-inertia-works,How Inertia Works — Science Kit,"<p>How Inertia Works — Science Kit — hands-on science that feels like play.</p><p>Curious kids follow the steps, see real results and learn why it works. From Hi5.</p>","science kit, stem, kids, educational, hi5, Learning & Activity"
bandit-ball-and-color-vision,Bandit Ball & Colour Vision Magic Trick,"<p>Bandit Ball & Colour Vision Magic Trick packed with things to do, colour and learn.</p><p>Keeps young minds busy on quiet afternoons and long car rides. From Magic.</p>","activity, kids, learning, magic, Learning & Activity"
card-tricks,Card Tricks Magic Set,"<p>Card Tricks Magic Set for writing, printing and craft.</p><p>A useful stack to keep within arm's reach. From Magic.</p>","paper, office, craft, magic, Learning & Activity"
color-blook-escape,Colour Block Escape Magic Trick,"<p>Colour Block Escape Magic Trick packed with things to do, colour and learn.</p><p>Keeps young minds busy on quiet afternoons and long car rides. From Magic.</p>","activity, kids, learning, magic, Learning & Activity"
