Handle,Title,Body (HTML),Vendor,Type,Tags,Published,Option1 Name,Option1 Value,Variant SKU,Variant Barcode,Variant Grams,Variant Inventory Tracker,Variant Inventory Policy,Variant Fulfillment Service,Variant Price,Variant Requires Shipping,Variant Taxable,Status
motarro-cheque-file,Motarro Cheque File,"<p>Motarro Cheque File by Motarro. Available at Tiny Inks, Abu Dhabi.</p><p>Delivery across Abu Dhabi in 1–2 business days and the rest of the UAE in 2–4. Free gift wrap on every order.</p>",Motarro,Files & Folders,"Files & Folders, Files, Motarro",TRUE,Title,Default Title,6926393377199,6926393377199,200,,deny,manual,8.0,TRUE,TRUE,active
motarro-elastic-rubber-band,Motarro Elastic Rubber Band,"<p>Motarro Elastic Rubber Band by Motarro. Available at Tiny Inks, Abu Dhabi.</p><p>Delivery across Abu Dhabi in 1–2 business days and the rest of the UAE in 2–4. Free gift wrap on every order.</p>",Motarro,Desk & Tools,"Desk & Tools, Rubber Band, Motarro",TRUE,Title,Default Title,6973387081877,6973387081877,200,,deny,manual,6.0,TRUE,TRUE,active
smart-gel-crayon-6pc-set,Smart Gel Crayon 6PC Set,"<p>Smart Gel Crayon 6PC Set by Y.Plus+. Available at Tiny Inks, Abu Dhabi.</p><p>Delivery across Abu Dhabi in 1–2 business days and the rest of the UAE in 2–4. Free gift wrap on every order.</p>",Y.Plus+,Art & Craft,"Art & Craft, Crayons, Y.Plus+",TRUE,Title,Default Title,6973157019642,6973157019642,200,,deny,manual,8.5,TRUE,TRUE,active
elephant-18-col-pen,Elephant 18 Col Pen,"<p>Elephant 18 Col Pen by Y.Plus+. Available at Tiny Inks, Abu Dhabi.</p><p>Delivery across Abu Dhabi in 1–2 business days and the rest of the UAE in 2–4. Free gift wrap on every order.</p>",Y.Plus+,Pens & Pencils,"Pens & Pencils, Washable Pen, Y.Plus+",TRUE,Title,Default Title,4711678077398,4711678077398,200,,deny,manual,12.0,TRUE,TRUE,active
smart-normal-color-color-pencil-24pcs-set,Smart Normal Color Color Pencil 24PCS Set,"<p>Smart Normal Color Color Pencil 24PCS Set by Y.Plus+. Available at Tiny Inks, Abu Dhabi.</p><p>Delivery across Abu Dhabi in 1–2 business days and the rest of the UAE in 2–4. Free gift wrap on every order.</p>",Y.Plus+,Pens & Pencils,"Pens & Pencils, Colour Pencil, Y.Plus+",TRUE,Title,Default Title,6973157019574,6973157019574,200,,deny,manual,12.0,TRUE,TRUE,active
eraser-pen,Eraser Pen,"<p>Eraser Pen by Y.Plus+. Available at Tiny Inks, Abu Dhabi.</p><p>Delivery across Abu Dhabi in 1–2 business days and the rest of the UAE in 2–4. Free gift wrap on every order.</p>",Y.Plus+,Pens & Pencils,"Pens & Pencils, Eraser, Y.Plus+",TRUE,Title,Default Title,6973157013534,6973157013534,200,,deny,manual,5.0,TRUE,TRUE,active
smart-hb-pencil-12pc-triangular,Smart Hb Pencil 12PC Triangular,"<p>Smart Hb Pencil 12PC Triangular by Y.Plus+. Available at Tiny Inks, Abu Dhabi.</p><p>Delivery across Abu Dhabi in 1–2 business days and the rest of the UAE in 2–4. Free gift wrap on every order.</p>",Y.Plus+,Pens & Pencils,"Pens & Pencils, Pencil, Y.Plus+",TRUE,Title,Default Title,6973157019628,6973157019628,200,,deny,manual,5.0,TRUE,TRUE,active
croc-pencil-sharpner,Croc Pencil Sharpner,"<p>Croc Pencil Sharpner by Y.Plus+. Available at Tiny Inks, Abu Dhabi.</p><p>Delivery across Abu Dhabi in 1–2 business days and the rest of the UAE in 2–4. Free gift wrap on every order.</p>",Y.Plus+,Pens & Pencils,"Pens & Pencils, Sharpner, Y.Plus+",TRUE,Title,Default Title,6973157014968,6973157014968,200,,deny,manual,4.0,TRUE,TRUE,active
croc-eraser,Croc Eraser,"<p>Croc Eraser by Y.Plus+. Available at Tiny Inks, Abu Dhabi.</p><p>Delivery across Abu Dhabi in 1–2 business days and the rest of the UAE in 2–4. Free gift wrap on every order.</p>",Y.Plus+,Desk & Tools,"Desk & Tools, Eraser, Y.Plus+",TRUE,Title,Default Title,6973157014975,6973157014975,200,,deny,manual,2.5,TRUE,TRUE,active
small-eraser-line-jar,Small Eraser Line Jar,"<p>Small Eraser Line Jar by Y.Plus+. Available at Tiny Inks, Abu Dhabi.</p><p>Delivery across Abu Dhabi in 1–2 business days and the rest of the UAE in 2–4. Free gift wrap on every order.</p>",Y.Plus+,Desk & Tools,"Desk & Tools, Eraser, Y.Plus+",TRUE,Title,Default Title,6973157011363,6973157011363,200,,deny,manual,2.5,TRUE,TRUE,active
star-col-pencil-12pc,Star Col Pencil 12PC,"<p>Star Col Pencil 12PC by Y.Plus+. Available at Tiny Inks, Abu Dhabi.</p><p>Delivery across Abu Dhabi in 1–2 business days and the rest of the UAE in 2–4. Free gift wrap on every order.</p>",Y.Plus+,Pens & Pencils,"Pens & Pencils, Colour Pencil, Y.Plus+",TRUE,Title,Default Title,6973157012896,6973157012896,200,,deny,manual,7.0,TRUE,TRUE,active
smart-hb-pencil,Smart Hb Pencil,"<p>Smart Hb Pencil by Y.Plus+. Available at Tiny Inks, Abu Dhabi.</p><p>Delivery across Abu Dhabi in 1–2 business days and the rest of the UAE in 2–4. Free gift wrap on every order.</p>",Y.Plus+,Pens & Pencils,"Pens & Pencils, Pencil, Y.Plus+",TRUE,Title,Default Title,6973157018829,6973157018829,200,,deny,manual,5.0,TRUE,TRUE,active
monster-family-sticky-note,Monster Family Sticky Note,"<p>Monster Family Sticky Note by Y.Plus+. Available at Tiny Inks, Abu Dhabi.</p><p>Delivery across Abu Dhabi in 1–2 business days and the rest of the UAE in 2–4. Free gift wrap on every order.</p>",Y.Plus+,Stickers & Sticky Notes,"Stickers & Sticky Notes, Sticky Note, Y.Plus+",TRUE,Title,Default Title,6973157018232,6973157018232,200,,deny,manual,4.0,TRUE,TRUE,active
elephant-6-col-pen,Elephant 6 Col Pen,"<p>Elephant 6 Col Pen by Y.Plus+. Available at Tiny Inks, Abu Dhabi.</p><p>Delivery across Abu Dhabi in 1–2 business days and the rest of the UAE in 2–4. Free gift wrap on every order.</p>",Y.Plus+,Pens & Pencils,"Pens & Pencils, Washable Pen, Y.Plus+",TRUE,Title,Default Title,4711678077374,4711678077374,200,,deny,manual,5.0,TRUE,TRUE,active
easycut-scissors-130mm,Easycut Scissors 130MM,"<p>Easycut Scissors 130MM by Y.Plus+. Available at Tiny Inks, Abu Dhabi.</p><p>Delivery across Abu Dhabi in 1–2 business days and the rest of the UAE in 2–4. Free gift wrap on every order.</p>",Y.Plus+,Desk & Tools,"Desk & Tools, Scissors, Y.Plus+",TRUE,Title,Default Title,6973157015316,6973157015316,200,,deny,manual,4.0,TRUE,TRUE,active
smart-color-pencil-12pcs,Smart Color Pencil 12PCS,"<p>Smart Color Pencil 12PCS by Y.Plus+. Available at Tiny Inks, Abu Dhabi.</p><p>Delivery across Abu Dhabi in 1–2 business days and the rest of the UAE in 2–4. Free gift wrap on every order.</p>",Y.Plus+,Pens & Pencils,"Pens & Pencils, Colour Pencil, Y.Plus+",TRUE,Title,Default Title,6973157019567,6973157019567,200,,deny,manual,8.0,TRUE,TRUE,active
white-board-doodle,White Board Doodle,"<p>White Board Doodle by Y.Plus+. Available at Tiny Inks, Abu Dhabi.</p><p>Delivery across Abu Dhabi in 1–2 business days and the rest of the UAE in 2–4. Free gift wrap on every order.</p>",Y.Plus+,Desk & Tools,"Desk & Tools, White Board, Y.Plus+",TRUE,Title,Default Title,6973157016665,6973157016665,200,,deny,manual,10.0,TRUE,TRUE,active
a4-40-notebook-contact,A4-40 Notebook Contact,"<p>A4-40 Notebook Contact by Contact. Available at Tiny Inks, Abu Dhabi.</p><p>Delivery across Abu Dhabi in 1–2 business days and the rest of the UAE in 2–4. Free gift wrap on every order.</p>",Contact,Notebooks & Books,"Notebooks & Books, Notebook, Contact",TRUE,Title,Default Title,4969757129258,4969757129258,200,,deny,manual,3.0,TRUE,TRUE,active
a4-clear-folder-14mic,A4 Clear Folder (14MIC),"<p>A4 Clear Folder (14MIC) by Flamingo. Available at Tiny Inks, Abu Dhabi.</p><p>Delivery across Abu Dhabi in 1–2 business days and the rest of the UAE in 2–4. Free gift wrap on every order.</p>",Flamingo,Files & Folders,"Files & Folders, Folder, Flamingo",TRUE,Title,Default Title,4255778641429,4255778641429,200,,deny,manual,7.0,TRUE,TRUE,active
peanut-crayons-24-colour,Peanut Crayons 24 Colour,"<p>Peanut Crayons 24 Colour by Y.Plus+. Available at Tiny Inks, Abu Dhabi.</p><p>Delivery across Abu Dhabi in 1–2 business days and the rest of the UAE in 2–4. Free gift wrap on every order.</p>",Y.Plus+,Art & Craft,"Art & Craft, Crayons, Y.Plus+",TRUE,Title,Default Title,4711678080831,4711678080831,200,,deny,manual,17.0,TRUE,TRUE,active
glue-stick-15gm,Glue Stick - 15GM,"<p>Glue Stick - 15GM by Flamingo. Available at Tiny Inks, Abu Dhabi.</p><p>Delivery across Abu Dhabi in 1–2 business days and the rest of the UAE in 2–4. Free gift wrap on every order.</p>",Flamingo,Desk & Tools,"Desk & Tools, Glue, Flamingo",TRUE,Title,Default Title,8802946502080,8802946502080,200,,deny,manual,2.5,TRUE,TRUE,active
marine-animal-solid-watercolor-paint-set,Marine Animal Solid Watercolor Paint Set,"<p>Marine Animal Solid Watercolor Paint Set by Y.Plus+. Available at Tiny Inks, Abu Dhabi.</p><p>Delivery across Abu Dhabi in 1–2 business days and the rest of the UAE in 2–4. Free gift wrap on every order.</p>",Y.Plus+,Art & Craft,"Art & Craft, Coloring Activity, Y.Plus+",TRUE,Title,Default Title,6978292120246,6978292120246,200,,deny,manual,13.0,TRUE,TRUE,active
eva-zipper-bag,Eva Zipper Bag,"<p>Eva Zipper Bag by Flamingo. Available at Tiny Inks, Abu Dhabi.</p><p>Delivery across Abu Dhabi in 1–2 business days and the rest of the UAE in 2–4. Free gift wrap on every order.</p>",Flamingo,Files & Folders,"Files & Folders, Folder, Flamingo",TRUE,Title,Default Title,4255778644420,4255778644420,200,,deny,manual,5.5,TRUE,TRUE,active
spinner-eraser-12pc-box,Spinner Eraser 12PC Box,"<p>Spinner Eraser 12PC Box by Y.Plus+. Available at Tiny Inks, Abu Dhabi.</p><p>Delivery across Abu Dhabi in 1–2 business days and the rest of the UAE in 2–4. Free gift wrap on every order.</p>",Y.Plus+,Desk & Tools,"Desk & Tools, Eraser, Y.Plus+",TRUE,Title,Default Title,6973157014180,6973157014180,200,,deny,manual,2.5,TRUE,TRUE,active
squeaky-clean-wall-coloring-stickers,Squeaky Clean Wall Coloring Stickers,"<p>Squeaky Clean Wall Coloring Stickers by Y.Plus+. Available at Tiny Inks, Abu Dhabi.</p><p>Delivery across Abu Dhabi in 1–2 business days and the rest of the UAE in 2–4. Free gift wrap on every order.</p>",Y.Plus+,Stickers & Sticky Notes,"Stickers & Sticky Notes, Coloring Activity, Y.Plus+",TRUE,Title,Default Title,6973157012100,6973157012100,200,,deny,manual,14.0,TRUE,TRUE,active
button-envelop-2-pocket,Button Envelop 2 Pocket,"<p>Button Envelop 2 Pocket by Flamingo. Available at Tiny Inks, Abu Dhabi.</p><p>Delivery across Abu Dhabi in 1–2 business days and the rest of the UAE in 2–4. Free gift wrap on every order.</p>",Flamingo,Files & Folders,"Files & Folders, Folder, Flamingo",TRUE,Title,Default Title,4255778643867,4255778643867,200,,deny,manual,1.5,TRUE,TRUE,active
button-envelop,Button Envelop,"<p>Button Envelop by Flamingo. Available at Tiny Inks, Abu Dhabi.</p><p>Delivery across Abu Dhabi in 1–2 business days and the rest of the UAE in 2–4. Free gift wrap on every order.</p>",Flamingo,Files & Folders,"Files & Folders, Folder, Flamingo",TRUE,Title,Default Title,4255778643881,4255778643881,200,,deny,manual,1.9,TRUE,TRUE,active
star-24col-set-w-shr,Star 24COL Set W/shr,"<p>Star 24COL Set W/shr by Y.Plus+. Available at Tiny Inks, Abu Dhabi.</p><p>Delivery across Abu Dhabi in 1–2 business days and the rest of the UAE in 2–4. Free gift wrap on every order.</p>",Y.Plus+,Pens & Pencils,"Pens & Pencils, Colour Pencil, Y.Plus+",TRUE,Title,Default Title,6973157012902,6973157012902,200,,deny,manual,14.0,TRUE,TRUE,active
elephant-12-super-washable,Elephant 12 Super Washable,"<p>Elephant 12 Super Washable by Y.Plus+. Available at Tiny Inks, Abu Dhabi.</p><p>Delivery across Abu Dhabi in 1–2 business days and the rest of the UAE in 2–4. Free gift wrap on every order.</p>",Y.Plus+,Pens & Pencils,"Pens & Pencils, Washable Pen, Y.Plus+",TRUE,Title,Default Title,4711678080985,4711678080985,200,,deny,manual,14.0,TRUE,TRUE,active
peanut-crayons-fine-motor-box,Peanut Crayons Fine Motor Box,"<p>Peanut Crayons Fine Motor Box by Y.Plus+. Available at Tiny Inks, Abu Dhabi.</p><p>Delivery across Abu Dhabi in 1–2 business days and the rest of the UAE in 2–4. Free gift wrap on every order.</p>",Y.Plus+,Art & Craft,"Art & Craft, Organizer, Y.Plus+",TRUE,Title,Default Title,600609870785,600609870785,200,,deny,manual,32.0,TRUE,TRUE,active
kw-cutting-knife-large,Kw Cutting Knife-large,"<p>Kw Cutting Knife-large by Kw.Trio. Available at Tiny Inks, Abu Dhabi.</p><p>Delivery across Abu Dhabi in 1–2 business days and the rest of the UAE in 2–4. Free gift wrap on every order.</p>",Kw.Trio,Desk & Tools,"Desk & Tools, Cutter, Kw.Trio",TRUE,Title,Default Title,4714218150070,4714218150070,200,,deny,manual,7.0,TRUE,TRUE,active
display-file-18-pocket,Display File 18 Pocket,"<p>Display File 18 Pocket by Flamingo. Available at Tiny Inks, Abu Dhabi.</p><p>Delivery across Abu Dhabi in 1–2 business days and the rest of the UAE in 2–4. Free gift wrap on every order.</p>",Flamingo,Files & Folders,"Files & Folders, Folder, Flamingo",TRUE,Title,Default Title,6920277470730,6920277470730,200,,deny,manual,8.0,TRUE,TRUE,active
zoo-ereaser,Zoo Ereaser,"<p>Zoo Ereaser by Y.Plus+. Available at Tiny Inks, Abu Dhabi.</p><p>Delivery across Abu Dhabi in 1–2 business days and the rest of the UAE in 2–4. Free gift wrap on every order.</p>",Y.Plus+,Desk & Tools,"Desk & Tools, Eraser, Y.Plus+",TRUE,Title,Default Title,6973157018522,6973157018522,200,,deny,manual,1.5,TRUE,TRUE,active
career-eraser,Career Eraser,"<p>Career Eraser by Y.Plus+. Available at Tiny Inks, Abu Dhabi.</p><p>Delivery across Abu Dhabi in 1–2 business days and the rest of the UAE in 2–4. Free gift wrap on every order.</p>",Y.Plus+,Desk & Tools,"Desk & Tools, Eraser, Y.Plus+",TRUE,Title,Default Title,6973157018515,6973157018515,200,,deny,manual,1.5,TRUE,TRUE,active
pocket-water-color,Pocket Water Color,"<p>Pocket Water Color by Y.Plus+. Available at Tiny Inks, Abu Dhabi.</p><p>Delivery across Abu Dhabi in 1–2 business days and the rest of the UAE in 2–4. Free gift wrap on every order.</p>",Y.Plus+,Art & Craft,"Art & Craft, Water Color, Y.Plus+",TRUE,Title,Default Title,6973157019093,6973157019093,200,,deny,manual,15.0,TRUE,TRUE,active
princess-solid-watercolor-paint-set,Princess Solid Watercolor Paint Set,"<p>Princess Solid Watercolor Paint Set by Y.Plus+. Available at Tiny Inks, Abu Dhabi.</p><p>Delivery across Abu Dhabi in 1–2 business days and the rest of the UAE in 2–4. Free gift wrap on every order.</p>",Y.Plus+,Art & Craft,"Art & Craft, Coloring Activity, Y.Plus+",TRUE,Title,Default Title,6978292120239,6978292120239,200,,deny,manual,13.0,TRUE,TRUE,active
color-pencil-12in-metal-tube,Color Pencil 12IN Metal Tube,"<p>Color Pencil 12IN Metal Tube by Y.Plus+. Available at Tiny Inks, Abu Dhabi.</p><p>Delivery across Abu Dhabi in 1–2 business days and the rest of the UAE in 2–4. Free gift wrap on every order.</p>",Y.Plus+,Pens & Pencils,"Pens & Pencils, Colour Pencil, Y.Plus+",TRUE,Title,Default Title,4711678077237,4711678077237,200,,deny,manual,10.0,TRUE,TRUE,active
60ml-whiteboard-cleaner,60ML Whiteboard Cleaner,"<p>60ML Whiteboard Cleaner by Flamingo. Available at Tiny Inks, Abu Dhabi.</p><p>Delivery across Abu Dhabi in 1–2 business days and the rest of the UAE in 2–4. Free gift wrap on every order.</p>",Flamingo,Desk & Tools,"Desk & Tools, White Board, Flamingo",TRUE,Title,Default Title,4255778601263,4255778601263,200,,deny,manual,4.0,TRUE,TRUE,active
scissors-8-5,"Scissors 8.5""","<p>Scissors 8.5"" by Flamingo. Available at Tiny Inks, Abu Dhabi.</p><p>Delivery across Abu Dhabi in 1–2 business days and the rest of the UAE in 2–4. Free gift wrap on every order.</p>",Flamingo,Desk & Tools,"Desk & Tools, Scissors, Flamingo",TRUE,Title,Default Title,6947503093792,6947503093792,200,,deny,manual,8.0,TRUE,TRUE,active
eyes-tube,Eyes Tube,"<p>Eyes Tube by Flamingo. Available at Tiny Inks, Abu Dhabi.</p><p>Delivery across Abu Dhabi in 1–2 business days and the rest of the UAE in 2–4. Free gift wrap on every order.</p>",Flamingo,Art & Craft,"Art & Craft, Art&Craft, Flamingo",TRUE,Title,Default Title,6973583940213,6973583940213,200,,deny,manual,12.0,TRUE,TRUE,active
kokuyo-a6-80sheets,Kokuyo A6 80SHEETS,"<p>Kokuyo A6 80SHEETS by Kokuyo. Available at Tiny Inks, Abu Dhabi.</p><p>Delivery across Abu Dhabi in 1–2 business days and the rest of the UAE in 2–4. Free gift wrap on every order.</p>",Kokuyo,Notebooks & Books,"Notebooks & Books, Notebook, Kokuyo",TRUE,Title,Default Title,4901480407289,4901480407289,200,,deny,manual,26.0,TRUE,TRUE,active
kokuyo-4mm-grid,Kokuyo 4MM Grid,"<p>Kokuyo 4MM Grid by Kokuyo. Available at Tiny Inks, Abu Dhabi.</p><p>Delivery across Abu Dhabi in 1–2 business days and the rest of the UAE in 2–4. Free gift wrap on every order.</p>",Kokuyo,Notebooks & Books,"Notebooks & Books, Notebook, Kokuyo",TRUE,Title,Default Title,4901480367507,4901480367507,200,,deny,manual,72.0,TRUE,TRUE,active
campus-notebook,Campus Notebook,"<p>Campus Notebook by Kokuyo. Available at Tiny Inks, Abu Dhabi.</p><p>Delivery across Abu Dhabi in 1–2 business days and the rest of the UAE in 2–4. Free gift wrap on every order.</p>",Kokuyo,Notebooks & Books,"Notebooks & Books, Notebook, Kokuyo",TRUE,Title,Default Title,4901480385372,4901480385372,200,,deny,manual,21.0,TRUE,TRUE,active
nekoni-hamster,Nekoni Hamster,"<p>Nekoni Hamster. Available at Tiny Inks, Abu Dhabi.</p><p>Delivery across Abu Dhabi in 1–2 business days and the rest of the UAE in 2–4. Free gift wrap on every order.</p>",Tiny Inks,Stickers & Sticky Notes,"Stickers & Sticky Notes, Stickers, Origin: Thailand",TRUE,Title,Default Title,1400000681329,1400000681329,200,,deny,manual,7.0,TRUE,TRUE,active
nekoni-wildlife,Nekoni Wildlife,"<p>Nekoni Wildlife. Available at Tiny Inks, Abu Dhabi.</p><p>Delivery across Abu Dhabi in 1–2 business days and the rest of the UAE in 2–4. Free gift wrap on every order.</p>",Tiny Inks,Stickers & Sticky Notes,"Stickers & Sticky Notes, Stickers, Origin: Thailand",TRUE,Title,Default Title,1400000681305,1400000681305,200,,deny,manual,7.0,TRUE,TRUE,active
nekoni-sealife,Nekoni Sealife,"<p>Nekoni Sealife. Available at Tiny Inks, Abu Dhabi.</p><p>Delivery across Abu Dhabi in 1–2 business days and the rest of the UAE in 2–4. Free gift wrap on every order.</p>",Tiny Inks,Stickers & Sticky Notes,"Stickers & Sticky Notes, Stickers, Origin: Thailand",TRUE,Title,Default Title,1400000681299,1400000681299,200,,deny,manual,7.0,TRUE,TRUE,active
nekoni-cat,Nekoni Cat,"<p>Nekoni Cat. Available at Tiny Inks, Abu Dhabi.</p><p>Delivery across Abu Dhabi in 1–2 business days and the rest of the UAE in 2–4. Free gift wrap on every order.</p>",Tiny Inks,Stickers & Sticky Notes,"Stickers & Sticky Notes, Stickers, Origin: Thailand",TRUE,Title,Default Title,1400000681312,1400000681312,200,,deny,manual,7.0,TRUE,TRUE,active
black-cat,Black Cat,"<p>Black Cat. Available at Tiny Inks, Abu Dhabi.</p><p>Delivery across Abu Dhabi in 1–2 business days and the rest of the UAE in 2–4. Free gift wrap on every order.</p>",Tiny Inks,Stickers & Sticky Notes,"Stickers & Sticky Notes, Stickers, Origin: Thailand",TRUE,Title,Default Title,6999030231109,6999030231109,200,,deny,manual,4.0,TRUE,TRUE,active
nekoni-black-cat,Nekoni Black Cat,"<p>Nekoni Black Cat. Available at Tiny Inks, Abu Dhabi.</p><p>Delivery across Abu Dhabi in 1–2 business days and the rest of the UAE in 2–4. Free gift wrap on every order.</p>",Tiny Inks,Stickers & Sticky Notes,"Stickers & Sticky Notes, Stickers, Origin: Thailand",TRUE,Title,Default Title,1400000681282,1400000681282,200,,deny,manual,7.0,TRUE,TRUE,active
nekoni-cat-dog,Nekoni Cat&dog,"<p>Nekoni Cat&dog. Available at Tiny Inks, Abu Dhabi.</p><p>Delivery across Abu Dhabi in 1–2 business days and the rest of the UAE in 2–4. Free gift wrap on every order.</p>",Tiny Inks,Stickers & Sticky Notes,"Stickers & Sticky Notes, Stickers, Origin: Thailand",TRUE,Title,Default Title,1400000681275,1400000681275,200,,deny,manual,7.0,TRUE,TRUE,active
mickey-mouse,Mickey Mouse,"<p>Mickey Mouse. Available at Tiny Inks, Abu Dhabi.</p><p>Delivery across Abu Dhabi in 1–2 business days and the rest of the UAE in 2–4. Free gift wrap on every order.</p>",Tiny Inks,Stickers & Sticky Notes,"Stickers & Sticky Notes, Stickers, Origin: Thailand",TRUE,Title,Default Title,8859739673403,8859739673403,200,,deny,manual,7.0,TRUE,TRUE,active
nekoni-lovley-kitty,Nekoni Lovley Kitty,"<p>Nekoni Lovley Kitty. Available at Tiny Inks, Abu Dhabi.</p><p>Delivery across Abu Dhabi in 1–2 business days and the rest of the UAE in 2–4. Free gift wrap on every order.</p>",Tiny Inks,Stickers & Sticky Notes,"Stickers & Sticky Notes, Stickers, Origin: Thailand",TRUE,Title,Default Title,6941348513477,6941348513477,200,,deny,manual,5.0,TRUE,TRUE,active
moshi-moshi,Moshi Moshi,"<p>Moshi Moshi. Available at Tiny Inks, Abu Dhabi.</p><p>Delivery across Abu Dhabi in 1–2 business days and the rest of the UAE in 2–4. Free gift wrap on every order.</p>",Tiny Inks,Stickers & Sticky Notes,"Stickers & Sticky Notes, Stickers, Origin: Thailand",TRUE,Title,Default Title,1400000621615,1400000621615,200,,deny,manual,7.0,TRUE,TRUE,active
winnie-the-pooh,Winnie the Pooh,"<p>Winnie the Pooh. Available at Tiny Inks, Abu Dhabi.</p><p>Delivery across Abu Dhabi in 1–2 business days and the rest of the UAE in 2–4. Free gift wrap on every order.</p>",Tiny Inks,Stickers & Sticky Notes,"Stickers & Sticky Notes, Stickers, Origin: Thailand",TRUE,Title,Default Title,8859739673656,8859739673656,200,,deny,manual,6.0,TRUE,TRUE,active
winnie-the-pooh-36pcs,Winnie the Pooh 36PCS,"<p>Winnie the Pooh 36PCS. Available at Tiny Inks, Abu Dhabi.</p><p>Delivery across Abu Dhabi in 1–2 business days and the rest of the UAE in 2–4. Free gift wrap on every order.</p>",Tiny Inks,Stickers & Sticky Notes,"Stickers & Sticky Notes, Stickers, Origin: Thailand",TRUE,Title,Default Title,8859739673687,8859739673687,200,,deny,manual,15.0,TRUE,TRUE,active
mickey-mouse-36pcs,Mickey Mouse 36PCS,"<p>Mickey Mouse 36PCS. Available at Tiny Inks, Abu Dhabi.</p><p>Delivery across Abu Dhabi in 1–2 business days and the rest of the UAE in 2–4. Free gift wrap on every order.</p>",Tiny Inks,Stickers & Sticky Notes,"Stickers & Sticky Notes, Stickers, Origin: Thailand",TRUE,Title,Default Title,8859739673427,8859739673427,200,,deny,manual,15.0,TRUE,TRUE,active
beautiful-life,Beautiful > Life,"<p>Beautiful > Life. Available at Tiny Inks, Abu Dhabi.</p><p>Delivery across Abu Dhabi in 1–2 business days and the rest of the UAE in 2–4. Free gift wrap on every order.</p>",Tiny Inks,Stickers & Sticky Notes,"Stickers & Sticky Notes, Stickers, Origin: Thailand",TRUE,Title,Default Title,6912345674584,6912345674584,200,,deny,manual,13.0,TRUE,TRUE,active
moshi-moshi-2,Moshi Moshi,"<p>Moshi Moshi. Available at Tiny Inks, Abu Dhabi.</p><p>Delivery across Abu Dhabi in 1–2 business days and the rest of the UAE in 2–4. Free gift wrap on every order.</p>",Tiny Inks,Stickers & Sticky Notes,"Stickers & Sticky Notes, Stickers, Origin: Thailand",TRUE,Title,Default Title,8859829620409,8859829620409,200,,deny,manual,4.0,TRUE,TRUE,active
daily-life-of-cats,Daily Life of Cats,"<p>Daily Life of Cats. Available at Tiny Inks, Abu Dhabi.</p><p>Delivery across Abu Dhabi in 1–2 business days and the rest of the UAE in 2–4. Free gift wrap on every order.</p>",Tiny Inks,Stickers & Sticky Notes,"Stickers & Sticky Notes, Stickers, Origin: Thailand",TRUE,Title,Default Title,6920250911021,6920250911021,200,,deny,manual,7.0,TRUE,TRUE,active
nekoni-mini,Nekoni Mini,"<p>Nekoni Mini. Available at Tiny Inks, Abu Dhabi.</p><p>Delivery across Abu Dhabi in 1–2 business days and the rest of the UAE in 2–4. Free gift wrap on every order.</p>",Tiny Inks,Stickers & Sticky Notes,"Stickers & Sticky Notes, Stickers, Origin: Thailand",TRUE,Title,Default Title,6941348506233,6941348506233,200,,deny,manual,8.0,TRUE,TRUE,active
the-animal-family,The Animal Family,"<p>The Animal Family. Available at Tiny Inks, Abu Dhabi.</p><p>Delivery across Abu Dhabi in 1–2 business days and the rest of the UAE in 2–4. Free gift wrap on every order.</p>",Tiny Inks,Stickers & Sticky Notes,"Stickers & Sticky Notes, Stickers, Origin: Thailand",TRUE,Title,Default Title,1400000614785,1400000614785,200,,deny,manual,4.0,TRUE,TRUE,active
nekoni-lovley-bunny,Nekoni Lovley Bunny,"<p>Nekoni Lovley Bunny. Available at Tiny Inks, Abu Dhabi.</p><p>Delivery across Abu Dhabi in 1–2 business days and the rest of the UAE in 2–4. Free gift wrap on every order.</p>",Tiny Inks,Stickers & Sticky Notes,"Stickers & Sticky Notes, Stickers, Origin: Thailand",TRUE,Title,Default Title,6941348513491,6941348513491,200,,deny,manual,5.0,TRUE,TRUE,active
nekoni-lovely-puppy,Nekoni Lovely Puppy,"<p>Nekoni Lovely Puppy. Available at Tiny Inks, Abu Dhabi.</p><p>Delivery across Abu Dhabi in 1–2 business days and the rest of the UAE in 2–4. Free gift wrap on every order.</p>",Tiny Inks,Stickers & Sticky Notes,"Stickers & Sticky Notes, Stickers, Origin: Thailand",TRUE,Title,Default Title,6941348513460,6941348513460,200,,deny,manual,5.0,TRUE,TRUE,active
gift-scratch-card,Gift Scratch Card,"<p>Gift Scratch Card. Available at Tiny Inks, Abu Dhabi.</p><p>Delivery across Abu Dhabi in 1–2 business days and the rest of the UAE in 2–4. Free gift wrap on every order.</p>",Tiny Inks,Art & Craft,"Art & Craft, Diy, Origin: Thailand",TRUE,Title,Default Title,6932147883625,6932147883625,200,,deny,manual,20.0,TRUE,TRUE,active
to-make-each-day-count,To Make Each Day Count,"<p>To Make Each Day Count. Available at Tiny Inks, Abu Dhabi.</p><p>Delivery across Abu Dhabi in 1–2 business days and the rest of the UAE in 2–4. Free gift wrap on every order.</p>",Tiny Inks,Stickers & Sticky Notes,"Stickers & Sticky Notes, Stickers, Origin: Thailand",TRUE,Title,Default Title,6942138200058,6942138200058,200,,deny,manual,5.0,TRUE,TRUE,active
to-make-each-day-count-2,To Make Each Day Count,"<p>To Make Each Day Count. Available at Tiny Inks, Abu Dhabi.</p><p>Delivery across Abu Dhabi in 1–2 business days and the rest of the UAE in 2–4. Free gift wrap on every order.</p>",Tiny Inks,Stickers & Sticky Notes,"Stickers & Sticky Notes, Stickers, Origin: Thailand",TRUE,Title,Default Title,6942138200065,6942138200065,200,,deny,manual,5.0,TRUE,TRUE,active
to-make-each-day-count-3,To Make Each Day Count,"<p>To Make Each Day Count. Available at Tiny Inks, Abu Dhabi.</p><p>Delivery across Abu Dhabi in 1–2 business days and the rest of the UAE in 2–4. Free gift wrap on every order.</p>",Tiny Inks,Stickers & Sticky Notes,"Stickers & Sticky Notes, Stickers, Origin: Thailand",TRUE,Title,Default Title,6942138200089,6942138200089,200,,deny,manual,5.0,TRUE,TRUE,active
to-make-each-day-count-4,To Make Each Day Count,"<p>To Make Each Day Count. Available at Tiny Inks, Abu Dhabi.</p><p>Delivery across Abu Dhabi in 1–2 business days and the rest of the UAE in 2–4. Free gift wrap on every order.</p>",Tiny Inks,Stickers & Sticky Notes,"Stickers & Sticky Notes, Stickers, Origin: Thailand",TRUE,Title,Default Title,6942138200041,6942138200041,200,,deny,manual,5.0,TRUE,TRUE,active
to-make-each-day-count-5,To Make Each Day Count,"<p>To Make Each Day Count. Available at Tiny Inks, Abu Dhabi.</p><p>Delivery across Abu Dhabi in 1–2 business days and the rest of the UAE in 2–4. Free gift wrap on every order.</p>",Tiny Inks,Stickers & Sticky Notes,"Stickers & Sticky Notes, Stickers, Origin: Thailand",TRUE,Title,Default Title,6942138200096,6942138200096,200,,deny,manual,5.0,TRUE,TRUE,active
to-make-each-day-count-6,To Make Each Day Count,"<p>To Make Each Day Count. Available at Tiny Inks, Abu Dhabi.</p><p>Delivery across Abu Dhabi in 1–2 business days and the rest of the UAE in 2–4. Free gift wrap on every order.</p>",Tiny Inks,Stickers & Sticky Notes,"Stickers & Sticky Notes, Stickers, Origin: Thailand",TRUE,Title,Default Title,6942138200072,6942138200072,200,,deny,manual,5.0,TRUE,TRUE,active
art-smock-green,Art Smock - Green,"<p>Art Smock - Green by Mideer. Available at Tiny Inks, Abu Dhabi.</p><p>Delivery across Abu Dhabi in 1–2 business days and the rest of the UAE in 2–4. Free gift wrap on every order.</p>",Mideer,Art & Craft,"Art & Craft, Art&Craft, Mideer",TRUE,Title,Default Title,6936352515425,6936352515425,200,,deny,manual,42.0,TRUE,TRUE,active
finger-painting-tool-set,Finger Painting Tool Set,"<p>Finger Painting Tool Set by Mideer. Available at Tiny Inks, Abu Dhabi.</p><p>Delivery across Abu Dhabi in 1–2 business days and the rest of the UAE in 2–4. Free gift wrap on every order.</p>",Mideer,Art & Craft,"Art & Craft, Art&Craft, Mideer",TRUE,Title,Default Title,6936352563013,6936352563013,200,,deny,manual,30.0,TRUE,TRUE,active
finger-paint-6-colors,Finger Paint 6 Colors,"<p>Finger Paint 6 Colors by Mideer. Available at Tiny Inks, Abu Dhabi.</p><p>Delivery across Abu Dhabi in 1–2 business days and the rest of the UAE in 2–4. Free gift wrap on every order.</p>",Mideer,Art & Craft,"Art & Craft, Art&Craft, Mideer",TRUE,Title,Default Title,6936352541653,6936352541653,200,,deny,manual,30.0,TRUE,TRUE,active
finger-paint-12-colors,Finger Paint 12 Colors,"<p>Finger Paint 12 Colors by Mideer. Available at Tiny Inks, Abu Dhabi.</p><p>Delivery across Abu Dhabi in 1–2 business days and the rest of the UAE in 2–4. Free gift wrap on every order.</p>",Mideer,Art & Craft,"Art & Craft, Art&Craft, Mideer",TRUE,Title,Default Title,6936352541660,6936352541660,200,,deny,manual,60.0,TRUE,TRUE,active
finger-paint-8-colors,Finger Paint 8 Colors,"<p>Finger Paint 8 Colors by Mideer. Available at Tiny Inks, Abu Dhabi.</p><p>Delivery across Abu Dhabi in 1–2 business days and the rest of the UAE in 2–4. Free gift wrap on every order.</p>",Mideer,Art & Craft,"Art & Craft, Art&Craft, Mideer",TRUE,Title,Default Title,6936352541103,6936352541103,200,,deny,manual,33.8,TRUE,TRUE,active
esy-pencil-grip-6pcs,Esy Pencil Grip 6PCS,"<p>Esy Pencil Grip 6PCS. Available at Tiny Inks, Abu Dhabi.</p><p>Delivery across Abu Dhabi in 1–2 business days and the rest of the UAE in 2–4. Free gift wrap on every order.</p>",Tiny Inks,Learning & Activity,"Learning & Activity, Learning Aid, Origin: Thailand",TRUE,Title,Default Title,8857121719210,8857121719210,200,,deny,manual,8.5,TRUE,TRUE,active
one-piece-water-color-pen,One Piece Water Color Pen,"<p>One Piece Water Color Pen. Available at Tiny Inks, Abu Dhabi.</p><p>Delivery across Abu Dhabi in 1–2 business days and the rest of the UAE in 2–4. Free gift wrap on every order.</p>",Tiny Inks,Art & Craft,"Art & Craft, Pen, Origin: Thailand",TRUE,Title,Default Title,6942109558614,6942109558614,200,,deny,manual,39.0,TRUE,TRUE,active
lancer-clic,Lancer Clic,"<p>Lancer Clic. Available at Tiny Inks, Abu Dhabi.</p><p>Delivery across Abu Dhabi in 1–2 business days and the rest of the UAE in 2–4. Free gift wrap on every order.</p>",Tiny Inks,Pens & Pencils,"Pens & Pencils, Pen, Origin: Thailand",TRUE,Title,Default Title,17400046,17400046,200,,deny,manual,2.5,TRUE,TRUE,active
pure-spirit-pencil-case-set,Pure Spirit Pencil Case Set,"<p>Pure Spirit Pencil Case Set. Available at Tiny Inks, Abu Dhabi.</p><p>Delivery across Abu Dhabi in 1–2 business days and the rest of the UAE in 2–4. Free gift wrap on every order.</p>",Tiny Inks,Pens & Pencils,"Pens & Pencils, Pencil, Origin: Thailand",TRUE,Title,Default Title,23235601,23235601,200,,deny,manual,12.0,TRUE,TRUE,active
one-piece-sticky-note,One Piece Sticky Note,"<p>One Piece Sticky Note. Available at Tiny Inks, Abu Dhabi.</p><p>Delivery across Abu Dhabi in 1–2 business days and the rest of the UAE in 2–4. Free gift wrap on every order.</p>",Tiny Inks,Stickers & Sticky Notes,"Stickers & Sticky Notes, Sticky Note, Origin: Thailand",TRUE,Title,Default Title,6942109562277,6942109562277,200,,deny,manual,8.0,TRUE,TRUE,active
pen-thai,Pen Thai,"<p>Pen Thai. Available at Tiny Inks, Abu Dhabi.</p><p>Delivery across Abu Dhabi in 1–2 business days and the rest of the UAE in 2–4. Free gift wrap on every order.</p>",Tiny Inks,Pens & Pencils,"Pens & Pencils, Pen, Origin: Thailand",TRUE,Title,Default Title,6973186240161,6973186240161,200,,deny,manual,5.0,TRUE,TRUE,active
erasable-highliter,Erasable Highliter,"<p>Erasable Highliter. Available at Tiny Inks, Abu Dhabi.</p><p>Delivery across Abu Dhabi in 1–2 business days and the rest of the UAE in 2–4. Free gift wrap on every order.</p>",Tiny Inks,Pens & Pencils,"Pens & Pencils, Highlighter, Origin: Thailand",TRUE,Title,Default Title,6976926139145,6976926139145,200,,deny,manual,20.0,TRUE,TRUE,active
quantum-writing-with-technology,Quantum Writing with Technology,"<p>Quantum Writing with Technology by Dha Siamwalla Ltd. Available at Tiny Inks, Abu Dhabi.</p><p>Delivery across Abu Dhabi in 1–2 business days and the rest of the UAE in 2–4. Free gift wrap on every order.</p>",Dha Siamwalla Ltd,Pens & Pencils,"Pens & Pencils, Pencil, Dha Siamwalla Ltd",TRUE,Title,Default Title,8851907109905,8851907109905,200,,deny,manual,8.5,TRUE,TRUE,active
compass-set,Compass Set,"<p>Compass Set. Available at Tiny Inks, Abu Dhabi.</p><p>Delivery across Abu Dhabi in 1–2 business days and the rest of the UAE in 2–4. Free gift wrap on every order.</p>",Tiny Inks,Desk & Tools,"Desk & Tools, Geometry, Origin: Thailand",TRUE,Title,Default Title,6957038180188,6957038180188,200,,deny,manual,20.0,TRUE,TRUE,active
kirakoko-stickers-pink,Kirakoko Stickers Pink,"<p>Kirakoko Stickers Pink. Available at Tiny Inks, Abu Dhabi.</p><p>Delivery across Abu Dhabi in 1–2 business days and the rest of the UAE in 2–4. Free gift wrap on every order.</p>",Tiny Inks,Stickers & Sticky Notes,"Stickers & Sticky Notes, Stickers, Origin: Thailand",TRUE,Title,Default Title,6976511160493,6976511160493,200,,deny,manual,5.0,TRUE,TRUE,active
kirakoko-stickers-blue,Kirakoko Stickers Blue,"<p>Kirakoko Stickers Blue. Available at Tiny Inks, Abu Dhabi.</p><p>Delivery across Abu Dhabi in 1–2 business days and the rest of the UAE in 2–4. Free gift wrap on every order.</p>",Tiny Inks,Stickers & Sticky Notes,"Stickers & Sticky Notes, Stickers, Origin: Thailand",TRUE,Title,Default Title,6976511160509,6976511160509,200,,deny,manual,5.0,TRUE,TRUE,active
nekoni-36pcs,Nekoni 36PCS,"<p>Nekoni 36PCS. Available at Tiny Inks, Abu Dhabi.</p><p>Delivery across Abu Dhabi in 1–2 business days and the rest of the UAE in 2–4. Free gift wrap on every order.</p>",Tiny Inks,Stickers & Sticky Notes,"Stickers & Sticky Notes, Stickers, Origin: Thailand",TRUE,Title,Default Title,6941348505465,6941348505465,200,,deny,manual,6.0,TRUE,TRUE,active
nekoni-cat-2,Nekoni Cat,"<p>Nekoni Cat. Available at Tiny Inks, Abu Dhabi.</p><p>Delivery across Abu Dhabi in 1–2 business days and the rest of the UAE in 2–4. Free gift wrap on every order.</p>",Tiny Inks,Stickers & Sticky Notes,"Stickers & Sticky Notes, Stickers, Origin: Thailand",TRUE,Title,Default Title,6941348509111,6941348509111,200,,deny,manual,6.0,TRUE,TRUE,active
nekoni-penguine,Nekoni Penguine,"<p>Nekoni Penguine. Available at Tiny Inks, Abu Dhabi.</p><p>Delivery across Abu Dhabi in 1–2 business days and the rest of the UAE in 2–4. Free gift wrap on every order.</p>",Tiny Inks,Stickers & Sticky Notes,"Stickers & Sticky Notes, Stickers, Origin: Thailand",TRUE,Title,Default Title,6941348504147,6941348504147,200,,deny,manual,6.0,TRUE,TRUE,active
abc-cat-company,Abc Cat Company,"<p>Abc Cat Company. Available at Tiny Inks, Abu Dhabi.</p><p>Delivery across Abu Dhabi in 1–2 business days and the rest of the UAE in 2–4. Free gift wrap on every order.</p>",Tiny Inks,Stickers & Sticky Notes,"Stickers & Sticky Notes, Stickers, Origin: Thailand",TRUE,Title,Default Title,8859171622809,8859171622809,200,,deny,manual,6.0,TRUE,TRUE,active
abc-autumn-letters,Abc Autumn Letters,"<p>Abc Autumn Letters. Available at Tiny Inks, Abu Dhabi.</p><p>Delivery across Abu Dhabi in 1–2 business days and the rest of the UAE in 2–4. Free gift wrap on every order.</p>",Tiny Inks,Stickers & Sticky Notes,"Stickers & Sticky Notes, Stickers, Origin: Thailand",TRUE,Title,Default Title,8859171622885,8859171622885,200,,deny,manual,6.0,TRUE,TRUE,active
abc-letters-on-black,Abc Letters On Black,"<p>Abc Letters On Black. Available at Tiny Inks, Abu Dhabi.</p><p>Delivery across Abu Dhabi in 1–2 business days and the rest of the UAE in 2–4. Free gift wrap on every order.</p>",Tiny Inks,Stickers & Sticky Notes,"Stickers & Sticky Notes, Stickers, Origin: Thailand",TRUE,Title,Default Title,8859171622892,8859171622892,200,,deny,manual,6.0,TRUE,TRUE,active
abc-sketchy-letters,Abc Sketchy Letters,"<p>Abc Sketchy Letters. Available at Tiny Inks, Abu Dhabi.</p><p>Delivery across Abu Dhabi in 1–2 business days and the rest of the UAE in 2–4. Free gift wrap on every order.</p>",Tiny Inks,Stickers & Sticky Notes,"Stickers & Sticky Notes, Stickers, Origin: Thailand",TRUE,Title,Default Title,8859171622915,8859171622915,200,,deny,manual,6.0,TRUE,TRUE,active
abc-vivid,Abc Vivid,"<p>Abc Vivid. Available at Tiny Inks, Abu Dhabi.</p><p>Delivery across Abu Dhabi in 1–2 business days and the rest of the UAE in 2–4. Free gift wrap on every order.</p>",Tiny Inks,Stickers & Sticky Notes,"Stickers & Sticky Notes, Stickers, Origin: Thailand",TRUE,Title,Default Title,8859171622922,8859171622922,200,,deny,manual,6.0,TRUE,TRUE,active
all-write,All Write,"<p>All Write. Available at Tiny Inks, Abu Dhabi.</p><p>Delivery across Abu Dhabi in 1–2 business days and the rest of the UAE in 2–4. Free gift wrap on every order.</p>",Tiny Inks,Stickers & Sticky Notes,"Stickers & Sticky Notes, Stickers, Origin: Thailand",TRUE,Title,Default Title,8851215825436,8851215825436,200,,deny,manual,4.0,TRUE,TRUE,active
outer-space,Outer Space,"<p>Outer Space. Available at Tiny Inks, Abu Dhabi.</p><p>Delivery across Abu Dhabi in 1–2 business days and the rest of the UAE in 2–4. Free gift wrap on every order.</p>",Tiny Inks,Stickers & Sticky Notes,"Stickers & Sticky Notes, Stickers, Origin: Thailand",TRUE,Title,Default Title,6941348505243,6941348505243,200,,deny,manual,6.0,TRUE,TRUE,active
bakery,Bakery,"<p>Bakery. Available at Tiny Inks, Abu Dhabi.</p><p>Delivery across Abu Dhabi in 1–2 business days and the rest of the UAE in 2–4. Free gift wrap on every order.</p>",Tiny Inks,Stickers & Sticky Notes,"Stickers & Sticky Notes, Stickers, Origin: Thailand",TRUE,Title,Default Title,6970803855470,6970803855470,200,,deny,manual,5.0,TRUE,TRUE,active
panda,Panda,"<p>Panda. Available at Tiny Inks, Abu Dhabi.</p><p>Delivery across Abu Dhabi in 1–2 business days and the rest of the UAE in 2–4. Free gift wrap on every order.</p>",Tiny Inks,Stickers & Sticky Notes,"Stickers & Sticky Notes, Stickers, Origin: Thailand",TRUE,Title,Default Title,6970803855494,6970803855494,200,,deny,manual,5.0,TRUE,TRUE,active
nekoni-pole,Nekoni Pole,"<p>Nekoni Pole. Available at Tiny Inks, Abu Dhabi.</p><p>Delivery across Abu Dhabi in 1–2 business days and the rest of the UAE in 2–4. Free gift wrap on every order.</p>",Tiny Inks,Stickers & Sticky Notes,"Stickers & Sticky Notes, Stickers, Origin: Thailand",TRUE,Title,Default Title,6941348513200,6941348513200,200,,deny,manual,5.0,TRUE,TRUE,active
nekoni-cute,Nekoni Cute,"<p>Nekoni Cute. Available at Tiny Inks, Abu Dhabi.</p><p>Delivery across Abu Dhabi in 1–2 business days and the rest of the UAE in 2–4. Free gift wrap on every order.</p>",Tiny Inks,Stickers & Sticky Notes,"Stickers & Sticky Notes, Stickers, Origin: Thailand",TRUE,Title,Default Title,6941348513194,6941348513194,200,,deny,manual,6.0,TRUE,TRUE,active
ghost-pop-out,Ghost Pop Out,"<p>Ghost Pop Out. Available at Tiny Inks, Abu Dhabi.</p><p>Delivery across Abu Dhabi in 1–2 business days and the rest of the UAE in 2–4. Free gift wrap on every order.</p>",Tiny Inks,Stickers & Sticky Notes,"Stickers & Sticky Notes, Stickers, Origin: Thailand",TRUE,Title,Default Title,6921004496450,6921004496450,200,,deny,manual,11.0,TRUE,TRUE,active
neon-stickers,Neon Stickers,"<p>Neon Stickers. Available at Tiny Inks, Abu Dhabi.</p><p>Delivery across Abu Dhabi in 1–2 business days and the rest of the UAE in 2–4. Free gift wrap on every order.</p>",Tiny Inks,Stickers & Sticky Notes,"Stickers & Sticky Notes, Stickers, Origin: Thailand",TRUE,Title,Default Title,6921004470450,6921004470450,200,,deny,manual,5.0,TRUE,TRUE,active
abc-funny-day,Abc Funny Day,"<p>Abc Funny Day. Available at Tiny Inks, Abu Dhabi.</p><p>Delivery across Abu Dhabi in 1–2 business days and the rest of the UAE in 2–4. Free gift wrap on every order.</p>",Tiny Inks,Stickers & Sticky Notes,"Stickers & Sticky Notes, Stickers, Origin: Thailand",TRUE,Title,Default Title,8859171623257,8859171623257,200,,deny,manual,5.0,TRUE,TRUE,active
abc-ready-go,Abc Ready Go,"<p>Abc Ready Go. Available at Tiny Inks, Abu Dhabi.</p><p>Delivery across Abu Dhabi in 1–2 business days and the rest of the UAE in 2–4. Free gift wrap on every order.</p>",Tiny Inks,Stickers & Sticky Notes,"Stickers & Sticky Notes, Stickers, Origin: Thailand",TRUE,Title,Default Title,8859171623271,8859171623271,200,,deny,manual,5.0,TRUE,TRUE,active
abc-have-a-nice-day,Abc Have a Nice Day,"<p>Abc Have a Nice Day. Available at Tiny Inks, Abu Dhabi.</p><p>Delivery across Abu Dhabi in 1–2 business days and the rest of the UAE in 2–4. Free gift wrap on every order.</p>",Tiny Inks,Stickers & Sticky Notes,"Stickers & Sticky Notes, Stickers, Origin: Thailand",TRUE,Title,Default Title,6921004491592,6921004491592,200,,deny,manual,5.0,TRUE,TRUE,active
abc-like-balloon,Abc Like Balloon,"<p>Abc Like Balloon. Available at Tiny Inks, Abu Dhabi.</p><p>Delivery across Abu Dhabi in 1–2 business days and the rest of the UAE in 2–4. Free gift wrap on every order.</p>",Tiny Inks,Stickers & Sticky Notes,"Stickers & Sticky Notes, Stickers, Origin: Thailand",TRUE,Title,Default Title,6921004491875,6921004491875,200,,deny,manual,5.0,TRUE,TRUE,active
one-piece,One Piece,"<p>One Piece. Available at Tiny Inks, Abu Dhabi.</p><p>Delivery across Abu Dhabi in 1–2 business days and the rest of the UAE in 2–4. Free gift wrap on every order.</p>",Tiny Inks,Pens & Pencils,"Pens & Pencils, Pen, Origin: Thailand",TRUE,Title,Default Title,8859683101304,8859683101304,200,,deny,manual,9.0,TRUE,TRUE,active
pen-thai-2,Pen Thai,"<p>Pen Thai. Available at Tiny Inks, Abu Dhabi.</p><p>Delivery across Abu Dhabi in 1–2 business days and the rest of the UAE in 2–4. Free gift wrap on every order.</p>",Tiny Inks,Pens & Pencils,"Pens & Pencils, Pen, Origin: Thailand",TRUE,Title,Default Title,6926857968291,6926857968291,200,,deny,manual,7.0,TRUE,TRUE,active
mini-mon,Mini Mon,"<p>Mini Mon. Available at Tiny Inks, Abu Dhabi.</p><p>Delivery across Abu Dhabi in 1–2 business days and the rest of the UAE in 2–4. Free gift wrap on every order.</p>",Tiny Inks,Stickers & Sticky Notes,"Stickers & Sticky Notes, Stickey Note, Origin: Thailand",TRUE,Title,Default Title,89142264,89142264,200,,deny,manual,8.0,TRUE,TRUE,active
pocket-planner,Pocket Planner,"<p>Pocket Planner. Available at Tiny Inks, Abu Dhabi.</p><p>Delivery across Abu Dhabi in 1–2 business days and the rest of the UAE in 2–4. Free gift wrap on every order.</p>",Tiny Inks,Planners & Diaries,"Planners & Diaries, Notebook, Origin: Thailand",TRUE,Title,Default Title,22504951,22504951,200,,deny,manual,10.0,TRUE,TRUE,active
sticky-note-a555-02,Sticky Note A555 02,"<p>Sticky Note A555 02. Available at Tiny Inks, Abu Dhabi.</p><p>Delivery across Abu Dhabi in 1–2 business days and the rest of the UAE in 2–4. Free gift wrap on every order.</p>",Tiny Inks,Stickers & Sticky Notes,"Stickers & Sticky Notes, Stickey Note, Origin: Thailand",TRUE,Title,Default Title,6935205399892,6935205399892,200,,deny,manual,8.0,TRUE,TRUE,active
moshi-moshi-gel-pen,Moshi Moshi Gel Pen,"<p>Moshi Moshi Gel Pen. Available at Tiny Inks, Abu Dhabi.</p><p>Delivery across Abu Dhabi in 1–2 business days and the rest of the UAE in 2–4. Free gift wrap on every order.</p>",Tiny Inks,Pens & Pencils,"Pens & Pencils, Pen, Origin: Thailand",TRUE,Title,Default Title,6936504843819,6936504843819,200,,deny,manual,7.0,TRUE,TRUE,active
moshi-moshi-gel-pen-2,Moshi Moshi Gel Pen,"<p>Moshi Moshi Gel Pen. Available at Tiny Inks, Abu Dhabi.</p><p>Delivery across Abu Dhabi in 1–2 business days and the rest of the UAE in 2–4. Free gift wrap on every order.</p>",Tiny Inks,Pens & Pencils,"Pens & Pencils, Pen, Origin: Thailand",TRUE,Title,Default Title,6973186240642,6973186240642,200,,deny,manual,7.0,TRUE,TRUE,active
moshi-moshi-gel-pen-3,Moshi Moshi Gel Pen,"<p>Moshi Moshi Gel Pen. Available at Tiny Inks, Abu Dhabi.</p><p>Delivery across Abu Dhabi in 1–2 business days and the rest of the UAE in 2–4. Free gift wrap on every order.</p>",Tiny Inks,Pens & Pencils,"Pens & Pencils, Pen, Origin: Thailand",TRUE,Title,Default Title,6973186248716,6973186248716,200,,deny,manual,7.0,TRUE,TRUE,active
moshi-moshi-gel-pen-4,Moshi Moshi Gel Pen,"<p>Moshi Moshi Gel Pen. Available at Tiny Inks, Abu Dhabi.</p><p>Delivery across Abu Dhabi in 1–2 business days and the rest of the UAE in 2–4. Free gift wrap on every order.</p>",Tiny Inks,Pens & Pencils,"Pens & Pencils, Pen, Origin: Thailand",TRUE,Title,Default Title,6973186240055,6973186240055,200,,deny,manual,5.0,TRUE,TRUE,active
moshi-moshi-gel-pen-5,Moshi Moshi Gel Pen,"<p>Moshi Moshi Gel Pen. Available at Tiny Inks, Abu Dhabi.</p><p>Delivery across Abu Dhabi in 1–2 business days and the rest of the UAE in 2–4. Free gift wrap on every order.</p>",Tiny Inks,Pens & Pencils,"Pens & Pencils, Pen, Origin: Thailand",TRUE,Title,Default Title,6973186241144,6973186241144,200,,deny,manual,7.0,TRUE,TRUE,active
moshi-moshi-gel-pen-6,Moshi Moshi Gel Pen,"<p>Moshi Moshi Gel Pen. Available at Tiny Inks, Abu Dhabi.</p><p>Delivery across Abu Dhabi in 1–2 business days and the rest of the UAE in 2–4. Free gift wrap on every order.</p>",Tiny Inks,Pens & Pencils,"Pens & Pencils, Pen, Origin: Thailand",TRUE,Title,Default Title,6973186248716,6973186248716,200,,deny,manual,7.0,TRUE,TRUE,active
moshi-moshi-gel-pen-7,Moshi Moshi Gel Pen,"<p>Moshi Moshi Gel Pen. Available at Tiny Inks, Abu Dhabi.</p><p>Delivery across Abu Dhabi in 1–2 business days and the rest of the UAE in 2–4. Free gift wrap on every order.</p>",Tiny Inks,Pens & Pencils,"Pens & Pencils, Pen, Origin: Thailand",TRUE,Title,Default Title,6973186243025,6973186243025,200,,deny,manual,7.0,TRUE,TRUE,active
moshi-moshi-gel-pen-8,Moshi Moshi Gel Pen,"<p>Moshi Moshi Gel Pen. Available at Tiny Inks, Abu Dhabi.</p><p>Delivery across Abu Dhabi in 1–2 business days and the rest of the UAE in 2–4. Free gift wrap on every order.</p>",Tiny Inks,Pens & Pencils,"Pens & Pencils, Pen, Origin: Thailand",TRUE,Title,Default Title,6973186240055,6973186240055,200,,deny,manual,7.0,TRUE,TRUE,active
moshi-moshi-gel-pen-9,Moshi Moshi Gel Pen,"<p>Moshi Moshi Gel Pen. Available at Tiny Inks, Abu Dhabi.</p><p>Delivery across Abu Dhabi in 1–2 business days and the rest of the UAE in 2–4. Free gift wrap on every order.</p>",Tiny Inks,Pens & Pencils,"Pens & Pencils, Pen, Origin: Thailand",TRUE,Title,Default Title,6973186243025,6973186243025,200,,deny,manual,7.0,TRUE,TRUE,active
moshi-moshi-gel-pen-10,Moshi Moshi Gel Pen,"<p>Moshi Moshi Gel Pen. Available at Tiny Inks, Abu Dhabi.</p><p>Delivery across Abu Dhabi in 1–2 business days and the rest of the UAE in 2–4. Free gift wrap on every order.</p>",Tiny Inks,Pens & Pencils,"Pens & Pencils, Pen, Origin: Thailand",TRUE,Title,Default Title,6973186240161,6973186240161,200,,deny,manual,7.0,TRUE,TRUE,active
moshi-moshi-gel-pen-11,Moshi Moshi Gel Pen,"<p>Moshi Moshi Gel Pen. Available at Tiny Inks, Abu Dhabi.</p><p>Delivery across Abu Dhabi in 1–2 business days and the rest of the UAE in 2–4. Free gift wrap on every order.</p>",Tiny Inks,Pens & Pencils,"Pens & Pencils, Pen, Origin: Thailand",TRUE,Title,Default Title,6973186240260,6973186240260,200,,deny,manual,7.0,TRUE,TRUE,active
motarro-cheque-file-myd075,Motarro Cheque File MYD075,"<p>Motarro Cheque File MYD075 by Motarro. Available at Tiny Inks, Abu Dhabi.</p><p>Delivery across Abu Dhabi in 1–2 business days and the rest of the UAE in 2–4. Free gift wrap on every order.</p>",Motarro,Art & Craft,"Art & Craft, Art&Craft, Motarro, needs-price",FALSE,Title,Default Title,6926393377199,6926393377199,200,,deny,manual,0,TRUE,TRUE,draft
motarro-paint-brush-mp154-3,Motarro Paint Brush MP154-3,"<p>Motarro Paint Brush MP154-3 by Motarro. Available at Tiny Inks, Abu Dhabi.</p><p>Delivery across Abu Dhabi in 1–2 business days and the rest of the UAE in 2–4. Free gift wrap on every order.</p>",Motarro,Art & Craft,"Art & Craft, Art&Craft, Motarro, needs-price",FALSE,Title,Default Title,6926393326654,6926393326654,200,,deny,manual,0,TRUE,TRUE,draft
motarro-paint-brush-mp154-5,Motarro Paint Brush MP154-5,"<p>Motarro Paint Brush MP154-5 by Motarro. Available at Tiny Inks, Abu Dhabi.</p><p>Delivery across Abu Dhabi in 1–2 business days and the rest of the UAE in 2–4. Free gift wrap on every order.</p>",Motarro,Art & Craft,"Art & Craft, Art&Craft, Motarro, needs-price",FALSE,Title,Default Title,6926393326678,6926393326678,200,,deny,manual,0,TRUE,TRUE,draft
motarro-craft-beads-me128-8,Motarro Craft Beads ME128-8,"<p>Motarro Craft Beads ME128-8 by Motarro. Available at Tiny Inks, Abu Dhabi.</p><p>Delivery across Abu Dhabi in 1–2 business days and the rest of the UAE in 2–4. Free gift wrap on every order.</p>",Motarro,Art & Craft,"Art & Craft, Art&Craft, Motarro, needs-price",FALSE,Title,Default Title,6926393322458,6926393322458,200,,deny,manual,0,TRUE,TRUE,draft
motarro-craft-beads-me128-4,Motarro Craft Beads ME128-4,"<p>Motarro Craft Beads ME128-4 by Motarro. Available at Tiny Inks, Abu Dhabi.</p><p>Delivery across Abu Dhabi in 1–2 business days and the rest of the UAE in 2–4. Free gift wrap on every order.</p>",Motarro,Art & Craft,"Art & Craft, Art&Craft, Motarro",TRUE,Title,Default Title,6926393322410,6926393322410,200,,deny,manual,2.5,TRUE,TRUE,active
motarro-craft-beads-me128-6,Motarro Craft Beads ME128-6,"<p>Motarro Craft Beads ME128-6 by Motarro. Available at Tiny Inks, Abu Dhabi.</p><p>Delivery across Abu Dhabi in 1–2 business days and the rest of the UAE in 2–4. Free gift wrap on every order.</p>",Motarro,Art & Craft,"Art & Craft, Art&Craft, Motarro, needs-price",FALSE,Title,Default Title,6926393322434,6926393322434,200,,deny,manual,0,TRUE,TRUE,draft
motarro-steel-ruler-15cm-myd067-15,Motarro Steel Ruler 15CM MYD067-15,"<p>Motarro Steel Ruler 15CM MYD067-15 by Motarro. Available at Tiny Inks, Abu Dhabi.</p><p>Delivery across Abu Dhabi in 1–2 business days and the rest of the UAE in 2–4. Free gift wrap on every order.</p>",Motarro,Desk & Tools,"Desk & Tools, Ruler, Motarro, needs-price",FALSE,Title,Default Title,6926393377007,6926393377007,200,,deny,manual,0,TRUE,TRUE,draft
motarro-steel-ruler-30cm-myd067-30,Motarro Steel Ruler 30CM MYD067-30,"<p>Motarro Steel Ruler 30CM MYD067-30 by Motarro. Available at Tiny Inks, Abu Dhabi.</p><p>Delivery across Abu Dhabi in 1–2 business days and the rest of the UAE in 2–4. Free gift wrap on every order.</p>",Motarro,Desk & Tools,"Desk & Tools, Ruler, Motarro, needs-price",FALSE,Title,Default Title,6926393377021,6926393377021,200,,deny,manual,0,TRUE,TRUE,draft
motarro-pegs-ma001-10,Motarro Pegs MA001-10,"<p>Motarro Pegs MA001-10 by Motarro. Available at Tiny Inks, Abu Dhabi.</p><p>Delivery across Abu Dhabi in 1–2 business days and the rest of the UAE in 2–4. Free gift wrap on every order.</p>",Motarro,Art & Craft,"Art & Craft, Art&Craft, Motarro, needs-price",FALSE,Title,Default Title,6973387080092,6973387080092,200,,deny,manual,0,TRUE,TRUE,draft
motarro-pegs-ma001-4,Motarro Pegs MA001-4,"<p>Motarro Pegs MA001-4 by Motarro. Available at Tiny Inks, Abu Dhabi.</p><p>Delivery across Abu Dhabi in 1–2 business days and the rest of the UAE in 2–4. Free gift wrap on every order.</p>",Motarro,Art & Craft,"Art & Craft, Art&Craft, Motarro, needs-price",FALSE,Title,Default Title,6973387080030,6973387080030,200,,deny,manual,0,TRUE,TRUE,draft
motarro-pegs-ma001-1,Motarro Pegs MA001-1,"<p>Motarro Pegs MA001-1 by Motarro. Available at Tiny Inks, Abu Dhabi.</p><p>Delivery across Abu Dhabi in 1–2 business days and the rest of the UAE in 2–4. Free gift wrap on every order.</p>",Motarro,Art & Craft,"Art & Craft, Art&Craft, Motarro, needs-price",FALSE,Title,Default Title,6973387080009,6973387080009,200,,deny,manual,0,TRUE,TRUE,draft
motarro-pegs-ma001-8,Motarro Pegs MA001-8,"<p>Motarro Pegs MA001-8 by Motarro. Available at Tiny Inks, Abu Dhabi.</p><p>Delivery across Abu Dhabi in 1–2 business days and the rest of the UAE in 2–4. Free gift wrap on every order.</p>",Motarro,Art & Craft,"Art & Craft, Art&Craft, Motarro, needs-price",FALSE,Title,Default Title,6973387080078,6973387080078,200,,deny,manual,0,TRUE,TRUE,draft
motarro-eva-zipper-bag-mq057-4,Motarro Eva Zipper Bag MQ057-4,"<p>Motarro Eva Zipper Bag MQ057-4 by Motarro. Available at Tiny Inks, Abu Dhabi.</p><p>Delivery across Abu Dhabi in 1–2 business days and the rest of the UAE in 2–4. Free gift wrap on every order.</p>",Motarro,Files & Folders,"Files & Folders, Folder, Motarro, needs-price",FALSE,Title,Default Title,6926393317492,6926393317492,200,,deny,manual,0,TRUE,TRUE,draft
motarro-eva-zipper-bag-mq057-7,Motarro Eva Zipper Bag MQ057-7,"<p>Motarro Eva Zipper Bag MQ057-7 by Motarro. Available at Tiny Inks, Abu Dhabi.</p><p>Delivery across Abu Dhabi in 1–2 business days and the rest of the UAE in 2–4. Free gift wrap on every order.</p>",Motarro,Files & Folders,"Files & Folders, Folder, Motarro, needs-price",FALSE,Title,Default Title,6926393317522,6926393317522,200,,deny,manual,0,TRUE,TRUE,draft
motarro-eva-zipper-bag-mq057-3,Motarro Eva Zipper Bag MQ057-3,"<p>Motarro Eva Zipper Bag MQ057-3 by Motarro. Available at Tiny Inks, Abu Dhabi.</p><p>Delivery across Abu Dhabi in 1–2 business days and the rest of the UAE in 2–4. Free gift wrap on every order.</p>",Motarro,Files & Folders,"Files & Folders, Folder, Motarro, needs-price",FALSE,Title,Default Title,6926393317485,6926393317485,200,,deny,manual,0,TRUE,TRUE,draft
motarro-eva-zipper-bag-mq057-6,Motarro Eva Zipper Bag MQ057-6,"<p>Motarro Eva Zipper Bag MQ057-6 by Motarro. Available at Tiny Inks, Abu Dhabi.</p><p>Delivery across Abu Dhabi in 1–2 business days and the rest of the UAE in 2–4. Free gift wrap on every order.</p>",Motarro,Files & Folders,"Files & Folders, Folder, Motarro, needs-price",FALSE,Title,Default Title,6926393317515,6926393317515,200,,deny,manual,0,TRUE,TRUE,draft
motarro-eva-zipper-bag-mq057-2,Motarro Eva Zipper Bag MQ057-2,"<p>Motarro Eva Zipper Bag MQ057-2 by Motarro. Available at Tiny Inks, Abu Dhabi.</p><p>Delivery across Abu Dhabi in 1–2 business days and the rest of the UAE in 2–4. Free gift wrap on every order.</p>",Motarro,Files & Folders,"Files & Folders, Folder, Motarro, needs-price",FALSE,Title,Default Title,6926393317478,6926393317478,200,,deny,manual,0,TRUE,TRUE,draft
motarro-clay-tools-mp147,Motarro Clay Tools MP147,"<p>Motarro Clay Tools MP147 by Motarro. Available at Tiny Inks, Abu Dhabi.</p><p>Delivery across Abu Dhabi in 1–2 business days and the rest of the UAE in 2–4. Free gift wrap on every order.</p>",Motarro,Art & Craft,"Art & Craft, Art&Craft, Motarro, needs-price",FALSE,Title,Default Title,6926393323998,6926393323998,200,,deny,manual,0,TRUE,TRUE,draft
motarro-pompom-me290-1,Motarro Pompom ME290-1,"<p>Motarro Pompom ME290-1 by Motarro. Available at Tiny Inks, Abu Dhabi.</p><p>Delivery across Abu Dhabi in 1–2 business days and the rest of the UAE in 2–4. Free gift wrap on every order.</p>",Motarro,Art & Craft,"Art & Craft, Art&Craft, Motarro, needs-price",FALSE,Title,Default Title,6926393358143,6926393358143,200,,deny,manual,0,TRUE,TRUE,draft
motarro-pompom-me291-1,Motarro Pompom ME291-1,"<p>Motarro Pompom ME291-1 by Motarro. Available at Tiny Inks, Abu Dhabi.</p><p>Delivery across Abu Dhabi in 1–2 business days and the rest of the UAE in 2–4. Free gift wrap on every order.</p>",Motarro,Art & Craft,"Art & Craft, Art&Craft, Motarro",TRUE,Title,Default Title,6926393358211,6926393358211,200,,deny,manual,3.0,TRUE,TRUE,active
motarro-pompom-me290-3,Motarro Pompom ME290-3,"<p>Motarro Pompom ME290-3 by Motarro. Available at Tiny Inks, Abu Dhabi.</p><p>Delivery across Abu Dhabi in 1–2 business days and the rest of the UAE in 2–4. Free gift wrap on every order.</p>",Motarro,Art & Craft,"Art & Craft, Art&Craft, Motarro",TRUE,Title,Default Title,6926393358167,6926393358167,200,,deny,manual,4.5,TRUE,TRUE,active
motarro-pompom-me290-6,Motarro Pompom ME290-6,"<p>Motarro Pompom ME290-6 by Motarro. Available at Tiny Inks, Abu Dhabi.</p><p>Delivery across Abu Dhabi in 1–2 business days and the rest of the UAE in 2–4. Free gift wrap on every order.</p>",Motarro,Art & Craft,"Art & Craft, Art&Craft, Motarro",TRUE,Title,Default Title,6926393358198,6926393358198,200,,deny,manual,3.0,TRUE,TRUE,active
motarro-polystyrene-ball-me001-45,Motarro Polystyrene Ball ME001-45,"<p>Motarro Polystyrene Ball ME001-45 by Motarro. Available at Tiny Inks, Abu Dhabi.</p><p>Delivery across Abu Dhabi in 1–2 business days and the rest of the UAE in 2–4. Free gift wrap on every order.</p>",Motarro,Art & Craft,"Art & Craft, Art&Craft, Motarro, needs-price",FALSE,Title,Default Title,6973387082393,6973387082393,200,,deny,manual,0,TRUE,TRUE,draft
motarro-polystyrene-star-me002-20,Motarro Polystyrene Star ME002-20,"<p>Motarro Polystyrene Star ME002-20 by Motarro. Available at Tiny Inks, Abu Dhabi.</p><p>Delivery across Abu Dhabi in 1–2 business days and the rest of the UAE in 2–4. Free gift wrap on every order.</p>",Motarro,Art & Craft,"Art & Craft, Art&Craft, Motarro, needs-price",FALSE,Title,Default Title,6973387082485,6973387082485,200,,deny,manual,0,TRUE,TRUE,draft
motarro-flash-card-mathemetical-mu146-1,Motarro Flash Card Mathemetical MU146-1,"<p>Motarro Flash Card Mathemetical MU146-1 by Motarro. Available at Tiny Inks, Abu Dhabi.</p><p>Delivery across Abu Dhabi in 1–2 business days and the rest of the UAE in 2–4. Free gift wrap on every order.</p>",Motarro,Learning & Activity,"Learning & Activity, Learning Aid, Motarro, needs-price",FALSE,Title,Default Title,6926393336271,6926393336271,200,,deny,manual,0,TRUE,TRUE,draft
motarro-flash-card-mathemetical-mu146-2,Motarro Flash Card Mathemetical MU146-2,"<p>Motarro Flash Card Mathemetical MU146-2 by Motarro. Available at Tiny Inks, Abu Dhabi.</p><p>Delivery across Abu Dhabi in 1–2 business days and the rest of the UAE in 2–4. Free gift wrap on every order.</p>",Motarro,Learning & Activity,"Learning & Activity, Learning Aid, Motarro",TRUE,Title,Default Title,6926393336295,6926393336295,200,,deny,manual,10.0,TRUE,TRUE,active
motarro-flash-card-traffic-mu146-10,Motarro Flash Card Traffic MU146-10,"<p>Motarro Flash Card Traffic MU146-10 by Motarro. Available at Tiny Inks, Abu Dhabi.</p><p>Delivery across Abu Dhabi in 1–2 business days and the rest of the UAE in 2–4. Free gift wrap on every order.</p>",Motarro,Learning & Activity,"Learning & Activity, Learning Aid, Motarro",TRUE,Title,Default Title,6926393336363,6926393336363,200,,deny,manual,6.5,TRUE,TRUE,active
motarro-flash-card-animal-mu146-7,Motarro Flash Card Animal MU146-7,"<p>Motarro Flash Card Animal MU146-7 by Motarro. Available at Tiny Inks, Abu Dhabi.</p><p>Delivery across Abu Dhabi in 1–2 business days and the rest of the UAE in 2–4. Free gift wrap on every order.</p>",Motarro,Learning & Activity,"Learning & Activity, Learning Aid, Motarro",TRUE,Title,Default Title,6926393336332,6926393336332,200,,deny,manual,6.5,TRUE,TRUE,active
motarro-flash-card-fish-mu146-12,Motarro Flash Card Fish MU146-12,"<p>Motarro Flash Card Fish MU146-12 by Motarro. Available at Tiny Inks, Abu Dhabi.</p><p>Delivery across Abu Dhabi in 1–2 business days and the rest of the UAE in 2–4. Free gift wrap on every order.</p>",Motarro,Learning & Activity,"Learning & Activity, Learning Aid, Motarro",TRUE,Title,Default Title,6926393336387,6926393336387,200,,deny,manual,6.5,TRUE,TRUE,active
motarro-mini-wooden-me565-1,Motarro Mini Wooden ME565-1,"<p>Motarro Mini Wooden ME565-1 by Motarro. Available at Tiny Inks, Abu Dhabi.</p><p>Delivery across Abu Dhabi in 1–2 business days and the rest of the UAE in 2–4. Free gift wrap on every order.</p>",Motarro,Desk & Tools,"Desk & Tools, Scissors, Motarro, needs-price",FALSE,Title,Default Title,6926393396015,6926393396015,200,,deny,manual,0,TRUE,TRUE,draft
motarro-scissor-mi019-19,Motarro Scissor MI019-19,"<p>Motarro Scissor MI019-19 by Motarro. Available at Tiny Inks, Abu Dhabi.</p><p>Delivery across Abu Dhabi in 1–2 business days and the rest of the UAE in 2–4. Free gift wrap on every order.</p>",Motarro,Stickers & Sticky Notes,"Stickers & Sticky Notes, Sticky Note, Motarro, needs-price",FALSE,Title,Default Title,6973387086940,6973387086940,200,,deny,manual,0,TRUE,TRUE,draft
motarro-sticky-notes-mu046-1,Motarro Sticky Notes MU046-1,"<p>Motarro Sticky Notes MU046-1 by Motarro. Available at Tiny Inks, Abu Dhabi.</p><p>Delivery across Abu Dhabi in 1–2 business days and the rest of the UAE in 2–4. Free gift wrap on every order.</p>",Motarro,Stickers & Sticky Notes,"Stickers & Sticky Notes, Sticky Note, Motarro, needs-price",FALSE,Title,Default Title,6926393316419,6926393316419,200,,deny,manual,0,TRUE,TRUE,draft
motarro-sticky-notes-mu046-3,Motarro Sticky Notes MU046-3,"<p>Motarro Sticky Notes MU046-3 by Motarro. Available at Tiny Inks, Abu Dhabi.</p><p>Delivery across Abu Dhabi in 1–2 business days and the rest of the UAE in 2–4. Free gift wrap on every order.</p>",Motarro,Stickers & Sticky Notes,"Stickers & Sticky Notes, Sticky Note, Motarro, needs-price",FALSE,Title,Default Title,6926393316433,6926393316433,200,,deny,manual,0,TRUE,TRUE,draft
motarro-education-card-mu171-3,Motarro Education Card MU171-3,"<p>Motarro Education Card MU171-3 by Motarro. Available at Tiny Inks, Abu Dhabi.</p><p>Delivery across Abu Dhabi in 1–2 business days and the rest of the UAE in 2–4. Free gift wrap on every order.</p>",Motarro,Learning & Activity,"Learning & Activity, Learning Aid, Motarro, needs-price",FALSE,Title,Default Title,6926393343811,6926393343811,200,,deny,manual,0,TRUE,TRUE,draft
motarro-education-card-mu171-4,Motarro Education Card MU171-4,"<p>Motarro Education Card MU171-4 by Motarro. Available at Tiny Inks, Abu Dhabi.</p><p>Delivery across Abu Dhabi in 1–2 business days and the rest of the UAE in 2–4. Free gift wrap on every order.</p>",Motarro,Learning & Activity,"Learning & Activity, Learning Aid, Motarro, needs-price",FALSE,Title,Default Title,6926393343828,6926393343828,200,,deny,manual,0,TRUE,TRUE,draft
motarro-painting-toys-myd287-1,Motarro Painting Toys MYD287-1,"<p>Motarro Painting Toys MYD287-1 by Motarro. Available at Tiny Inks, Abu Dhabi.</p><p>Delivery across Abu Dhabi in 1–2 business days and the rest of the UAE in 2–4. Free gift wrap on every order.</p>",Motarro,Art & Craft,"Art & Craft, Art&Craft, Motarro, needs-price",FALSE,Title,Default Title,6926393398156,6926393398156,200,,deny,manual,0,TRUE,TRUE,draft
motarro-painting-toys-myd287-2,Motarro Painting Toys MYD287-2,"<p>Motarro Painting Toys MYD287-2 by Motarro. Available at Tiny Inks, Abu Dhabi.</p><p>Delivery across Abu Dhabi in 1–2 business days and the rest of the UAE in 2–4. Free gift wrap on every order.</p>",Motarro,Art & Craft,"Art & Craft, Art&Craft, Motarro, needs-price",FALSE,Title,Default Title,6926393398163,6926393398163,200,,deny,manual,0,TRUE,TRUE,draft
motarro-pencil-pouch-mx014,Motarro Pencil Pouch MX014,"<p>Motarro Pencil Pouch MX014 by Motarro. Available at Tiny Inks, Abu Dhabi.</p><p>Delivery across Abu Dhabi in 1–2 business days and the rest of the UAE in 2–4. Free gift wrap on every order.</p>",Motarro,Pens & Pencils,"Pens & Pencils, Pouch, Motarro, needs-price",FALSE,Title,Default Title,6926393301996,6926393301996,200,,deny,manual,0,TRUE,TRUE,draft
motarro-clay-tools-mp216,Motarro Clay Tools MP216,"<p>Motarro Clay Tools MP216 by Motarro. Available at Tiny Inks, Abu Dhabi.</p><p>Delivery across Abu Dhabi in 1–2 business days and the rest of the UAE in 2–4. Free gift wrap on every order.</p>",Motarro,Art & Craft,"Art & Craft, Art&Craft, Motarro, needs-price",FALSE,Title,Default Title,6926393375379,6926393375379,200,,deny,manual,0,TRUE,TRUE,draft
motarro-painting-palette-round-mp166-1,Motarro Painting Palette Round MP166-1,"<p>Motarro Painting Palette Round MP166-1 by Motarro. Available at Tiny Inks, Abu Dhabi.</p><p>Delivery across Abu Dhabi in 1–2 business days and the rest of the UAE in 2–4. Free gift wrap on every order.</p>",Motarro,Art & Craft,"Art & Craft, Art&Craft, Motarro, needs-price",FALSE,Title,Default Title,6926393331221,6926393331221,200,,deny,manual,0,TRUE,TRUE,draft
motarro-painting-palette-round-mp166-2,Motarro Painting Palette Round MP166-2,"<p>Motarro Painting Palette Round MP166-2 by Motarro. Available at Tiny Inks, Abu Dhabi.</p><p>Delivery across Abu Dhabi in 1–2 business days and the rest of the UAE in 2–4. Free gift wrap on every order.</p>",Motarro,Art & Craft,"Art & Craft, Art&Craft, Motarro, needs-price",FALSE,Title,Default Title,6926393331238,6926393331238,200,,deny,manual,0,TRUE,TRUE,draft
motarro-shaped-punch-me428-1,Motarro Shaped Punch ME428-1,"<p>Motarro Shaped Punch ME428-1 by Motarro. Available at Tiny Inks, Abu Dhabi.</p><p>Delivery across Abu Dhabi in 1–2 business days and the rest of the UAE in 2–4. Free gift wrap on every order.</p>",Motarro,Desk & Tools,"Desk & Tools, Punch, Motarro, needs-price",FALSE,Title,Default Title,6926393369736,6926393369736,200,,deny,manual,0,TRUE,TRUE,draft
motarro-transparent-tape-disp-mt012-6,Motarro Transparent Tape + Disp MT012-6,"<p>Motarro Transparent Tape + Disp MT012-6 by Motarro. Available at Tiny Inks, Abu Dhabi.</p><p>Delivery across Abu Dhabi in 1–2 business days and the rest of the UAE in 2–4. Free gift wrap on every order.</p>",Motarro,Desk & Tools,"Desk & Tools, Tape, Motarro, needs-price",FALSE,Title,Default Title,6926393324193,6926393324193,200,,deny,manual,0,TRUE,TRUE,draft
motarro-non-sharpening-pencil-lt-13041,Motarro Non-sharpening Pencil LT-13041,"<p>Motarro Non-sharpening Pencil LT-13041 by Motarro. Available at Tiny Inks, Abu Dhabi.</p><p>Delivery across Abu Dhabi in 1–2 business days and the rest of the UAE in 2–4. Free gift wrap on every order.</p>",Motarro,Pens & Pencils,"Pens & Pencils, Pencil, Motarro, needs-price",FALSE,Title,Default Title,6922139432436,6922139432436,200,,deny,manual,0,TRUE,TRUE,draft
motarro-non-sharpening-pencil-lt-1316,Motarro Non-sharpening Pencil LT-1316,"<p>Motarro Non-sharpening Pencil LT-1316 by Motarro. Available at Tiny Inks, Abu Dhabi.</p><p>Delivery across Abu Dhabi in 1–2 business days and the rest of the UAE in 2–4. Free gift wrap on every order.</p>",Motarro,Pens & Pencils,"Pens & Pencils, Pencil, Motarro, needs-price",FALSE,Title,Default Title,6922139432924,6922139432924,200,,deny,manual,0,TRUE,TRUE,draft
motarro-steel-ruler-50cm-myd067-50,Motarro Steel Ruler 50CM MYD067-50,"<p>Motarro Steel Ruler 50CM MYD067-50 by Motarro. Available at Tiny Inks, Abu Dhabi.</p><p>Delivery across Abu Dhabi in 1–2 business days and the rest of the UAE in 2–4. Free gift wrap on every order.</p>",Motarro,Desk & Tools,"Desk & Tools, Ruler, Motarro, needs-price",FALSE,Title,Default Title,6926393377045,6926393377045,200,,deny,manual,0,TRUE,TRUE,draft
motarro-coloured-paper-100-sheet-mu268-1,Motarro Coloured Paper 100 Sheet MU268-1,"<p>Motarro Coloured Paper 100 Sheet MU268-1 by Motarro. Available at Tiny Inks, Abu Dhabi.</p><p>Delivery across Abu Dhabi in 1–2 business days and the rest of the UAE in 2–4. Free gift wrap on every order.</p>",Motarro,Notebooks & Books,"Notebooks & Books, Paper, Motarro, needs-price",FALSE,Title,Default Title,6926393357498,6926393357498,200,,deny,manual,0,TRUE,TRUE,draft
motarro-glit-eva-sponge-sticker-me151-01,Motarro Glit Eva Sponge Sticker ME151-01,"<p>Motarro Glit Eva Sponge Sticker ME151-01 by Motarro. Available at Tiny Inks, Abu Dhabi.</p><p>Delivery across Abu Dhabi in 1–2 business days and the rest of the UAE in 2–4. Free gift wrap on every order.</p>",Motarro,Stickers & Sticky Notes,"Stickers & Sticky Notes, Art&Craft, Motarro, needs-price",FALSE,Title,Default Title,6926393341282,6926393341282,200,,deny,manual,0,TRUE,TRUE,draft
motarro-adhesive-labels-colour-myd066-1,Motarro Adhesive Labels Colour MYD066-1,"<p>Motarro Adhesive Labels Colour MYD066-1 by Motarro. Available at Tiny Inks, Abu Dhabi.</p><p>Delivery across Abu Dhabi in 1–2 business days and the rest of the UAE in 2–4. Free gift wrap on every order.</p>",Motarro,Stickers & Sticky Notes,"Stickers & Sticky Notes, Labels, Motarro, needs-price",FALSE,Title,Default Title,6926393376956,6926393376956,200,,deny,manual,0,TRUE,TRUE,draft
motarro-adhesive-labels-colour-myd066-2,Motarro Adhesive Labels Colour MYD066-2,"<p>Motarro Adhesive Labels Colour MYD066-2 by Motarro. Available at Tiny Inks, Abu Dhabi.</p><p>Delivery across Abu Dhabi in 1–2 business days and the rest of the UAE in 2–4. Free gift wrap on every order.</p>",Motarro,Stickers & Sticky Notes,"Stickers & Sticky Notes, Labels, Motarro, needs-price",FALSE,Title,Default Title,6926393376963,6926393376963,200,,deny,manual,0,TRUE,TRUE,draft
motarro-adhesive-labels-colour-myd066-3,Motarro Adhesive Labels Colour MYD066-3,"<p>Motarro Adhesive Labels Colour MYD066-3 by Motarro. Available at Tiny Inks, Abu Dhabi.</p><p>Delivery across Abu Dhabi in 1–2 business days and the rest of the UAE in 2–4. Free gift wrap on every order.</p>",Motarro,Stickers & Sticky Notes,"Stickers & Sticky Notes, Labels, Motarro, needs-price",FALSE,Title,Default Title,6926393376970,6926393376970,200,,deny,manual,0,TRUE,TRUE,draft
motarro-adhesive-labels-colour-myd066-4,Motarro Adhesive Labels Colour MYD066-4,"<p>Motarro Adhesive Labels Colour MYD066-4 by Motarro. Available at Tiny Inks, Abu Dhabi.</p><p>Delivery across Abu Dhabi in 1–2 business days and the rest of the UAE in 2–4. Free gift wrap on every order.</p>",Motarro,Stickers & Sticky Notes,"Stickers & Sticky Notes, Labels, Motarro, needs-price",FALSE,Title,Default Title,6926393376987,6926393376987,200,,deny,manual,0,TRUE,TRUE,draft
motarro-adhesive-labels-colour-myd066-6,Motarro Adhesive Labels Colour MYD066-6,"<p>Motarro Adhesive Labels Colour MYD066-6 by Motarro. Available at Tiny Inks, Abu Dhabi.</p><p>Delivery across Abu Dhabi in 1–2 business days and the rest of the UAE in 2–4. Free gift wrap on every order.</p>",Motarro,Stickers & Sticky Notes,"Stickers & Sticky Notes, Labels, Motarro, needs-price",FALSE,Title,Default Title,6926393377915,6926393377915,200,,deny,manual,0,TRUE,TRUE,draft
motarro-wooden-stick-me010c,Motarro Wooden Stick ME010C,"<p>Motarro Wooden Stick ME010C by Motarro. Available at Tiny Inks, Abu Dhabi.</p><p>Delivery across Abu Dhabi in 1–2 business days and the rest of the UAE in 2–4. Free gift wrap on every order.</p>",Motarro,Art & Craft,"Art & Craft, Art&Craft, Motarro, needs-price",FALSE,Title,Default Title,6973387082782,6973387082782,200,,deny,manual,0,TRUE,TRUE,draft
motarro-wooden-stick-me019c,Motarro Wooden Stick ME019C,"<p>Motarro Wooden Stick ME019C by Motarro. Available at Tiny Inks, Abu Dhabi.</p><p>Delivery across Abu Dhabi in 1–2 business days and the rest of the UAE in 2–4. Free gift wrap on every order.</p>",Motarro,Art & Craft,"Art & Craft, Art&Craft, Motarro",TRUE,Title,Default Title,6973387082942,6973387082942,200,,deny,manual,2.5,TRUE,TRUE,active
motarro-reading-stick-mi102-1,Motarro Reading Stick MI102-1,"<p>Motarro Reading Stick MI102-1 by Motarro. Available at Tiny Inks, Abu Dhabi.</p><p>Delivery across Abu Dhabi in 1–2 business days and the rest of the UAE in 2–4. Free gift wrap on every order.</p>",Motarro,Art & Craft,"Art & Craft, Art&Craft, Motarro",TRUE,Title,Default Title,6926393332389,6926393332389,200,,deny,manual,4.5,TRUE,TRUE,active
motarro-wooden-stick-me014c,Motarro Wooden Stick ME014C,"<p>Motarro Wooden Stick ME014C by Motarro. Available at Tiny Inks, Abu Dhabi.</p><p>Delivery across Abu Dhabi in 1–2 business days and the rest of the UAE in 2–4. Free gift wrap on every order.</p>",Motarro,Art & Craft,"Art & Craft, Art&Craft, Motarro, needs-price",FALSE,Title,Default Title,6973387082874,6973387082874,200,,deny,manual,0,TRUE,TRUE,draft
motarro-wooden-stick-me013c,Motarro Wooden Stick ME013C,"<p>Motarro Wooden Stick ME013C by Motarro. Available at Tiny Inks, Abu Dhabi.</p><p>Delivery across Abu Dhabi in 1–2 business days and the rest of the UAE in 2–4. Free gift wrap on every order.</p>",Motarro,Art & Craft,"Art & Craft, Art&Craft, Motarro",TRUE,Title,Default Title,6973387082867,6973387082867,200,,deny,manual,3.5,TRUE,TRUE,active
motarro-wooden-stick-me009c,Motarro Wooden Stick ME009C,"<p>Motarro Wooden Stick ME009C by Motarro. Available at Tiny Inks, Abu Dhabi.</p><p>Delivery across Abu Dhabi in 1–2 business days and the rest of the UAE in 2–4. Free gift wrap on every order.</p>",Motarro,Art & Craft,"Art & Craft, Art&Craft, Motarro, needs-price",FALSE,Title,Default Title,6973387082775,6973387082775,200,,deny,manual,0,TRUE,TRUE,draft
motarro-wooden-stick-me011c,Motarro Wooden Stick ME011C,"<p>Motarro Wooden Stick ME011C by Motarro. Available at Tiny Inks, Abu Dhabi.</p><p>Delivery across Abu Dhabi in 1–2 business days and the rest of the UAE in 2–4. Free gift wrap on every order.</p>",Motarro,Art & Craft,"Art & Craft, Art&Craft, Motarro",TRUE,Title,Default Title,6973387082867,6973387082867,200,,deny,manual,3.5,TRUE,TRUE,active
motarro-decorative-eyes-me027-24,Motarro Decorative Eyes ME027-24,"<p>Motarro Decorative Eyes ME027-24 by Motarro. Available at Tiny Inks, Abu Dhabi.</p><p>Delivery across Abu Dhabi in 1–2 business days and the rest of the UAE in 2–4. Free gift wrap on every order.</p>",Motarro,Art & Craft,"Art & Craft, Art&Craft, Motarro",TRUE,Title,Default Title,6973387083246,6973387083246,200,,deny,manual,3.5,TRUE,TRUE,active
motarro-decorative-eyes-me027-12,Motarro Decorative Eyes ME027-12,"<p>Motarro Decorative Eyes ME027-12 by Motarro. Available at Tiny Inks, Abu Dhabi.</p><p>Delivery across Abu Dhabi in 1–2 business days and the rest of the UAE in 2–4. Free gift wrap on every order.</p>",Motarro,Art & Craft,"Art & Craft, Art&Craft, Motarro",TRUE,Title,Default Title,6973387083215,6973387083215,200,,deny,manual,3.0,TRUE,TRUE,active
motarro-decorative-eyes-me028-18,Motarro Decorative Eyes ME028-18,"<p>Motarro Decorative Eyes ME028-18 by Motarro. Available at Tiny Inks, Abu Dhabi.</p><p>Delivery across Abu Dhabi in 1–2 business days and the rest of the UAE in 2–4. Free gift wrap on every order.</p>",Motarro,Learning & Activity,"Learning & Activity, Science, Motarro",TRUE,Title,Default Title,6973387083291,6973387083291,200,,deny,manual,3.5,TRUE,TRUE,active
science-experiment-suite-kx-2020,Science Experiment Suite KX-2020,"<p>Science Experiment Suite KX-2020 by Motarro. Available at Tiny Inks, Abu Dhabi.</p><p>Delivery across Abu Dhabi in 1–2 business days and the rest of the UAE in 2–4. Free gift wrap on every order.</p>",Motarro,Learning & Activity,"Learning & Activity, Science, Motarro, needs-price",FALSE,Title,Default Title,6972901920012,6972901920012,200,,deny,manual,0,TRUE,TRUE,draft
motarro-didactic-electric-kit-mb001-2,Motarro Didactic Electric Kit MB001-2,"<p>Motarro Didactic Electric Kit MB001-2 by Motarro. Available at Tiny Inks, Abu Dhabi.</p><p>Delivery across Abu Dhabi in 1–2 business days and the rest of the UAE in 2–4. Free gift wrap on every order.</p>",Motarro,Learning & Activity,"Learning & Activity, Science, Motarro",TRUE,Title,Default Title,6926393324339,6926393324339,200,,deny,manual,9.5,TRUE,TRUE,active
motarro-scientific-magnet-1917,Motarro Scientific Magnet 1917,"<p>Motarro Scientific Magnet 1917 by Motarro. Available at Tiny Inks, Abu Dhabi.</p><p>Delivery across Abu Dhabi in 1–2 business days and the rest of the UAE in 2–4. Free gift wrap on every order.</p>",Motarro,Art & Craft,"Art & Craft, Art&Craft, Motarro, needs-price",FALSE,Title,Default Title,6912343121110,6912343121110,200,,deny,manual,0,TRUE,TRUE,draft
motarro-wooden-cubes-me022,Motarro Wooden Cubes ME022,"<p>Motarro Wooden Cubes ME022 by Motarro. Available at Tiny Inks, Abu Dhabi.</p><p>Delivery across Abu Dhabi in 1–2 business days and the rest of the UAE in 2–4. Free gift wrap on every order.</p>",Motarro,Art & Craft,"Art & Craft, Art&Craft, Motarro",TRUE,Title,Default Title,6973387083079,6973387083079,200,,deny,manual,3.5,TRUE,TRUE,active
motarro-wooden-cylinder-me024c,Motarro Wooden Cylinder ME024C,"<p>Motarro Wooden Cylinder ME024C by Motarro. Available at Tiny Inks, Abu Dhabi.</p><p>Delivery across Abu Dhabi in 1–2 business days and the rest of the UAE in 2–4. Free gift wrap on every order.</p>",Motarro,Art & Craft,"Art & Craft, Art&Craft, Motarro",TRUE,Title,Default Title,6973387083123,6973387083123,200,,deny,manual,4.5,TRUE,TRUE,active
italo-jute-rope-hb-52,Italo Jute Rope HB-52,"<p>Italo Jute Rope HB-52 by Motarro. Available at Tiny Inks, Abu Dhabi.</p><p>Delivery across Abu Dhabi in 1–2 business days and the rest of the UAE in 2–4. Free gift wrap on every order.</p>",Motarro,Notebooks & Books,"Notebooks & Books, Notebook, Motarro, needs-price",FALSE,Title,Default Title,8058778431528,8058778431528,200,,deny,manual,0,TRUE,TRUE,draft
motarro-sketch-pad-mp128-3,Motarro Sketch Pad MP128-3,"<p>Motarro Sketch Pad MP128-3 by Motarro. Available at Tiny Inks, Abu Dhabi.</p><p>Delivery across Abu Dhabi in 1–2 business days and the rest of the UAE in 2–4. Free gift wrap on every order.</p>",Motarro,Stickers & Sticky Notes,"Stickers & Sticky Notes, Labels, Motarro, needs-price",FALSE,Title,Default Title,6926393313838,6926393313838,200,,deny,manual,0,TRUE,TRUE,draft
motarro-adhesive-labels-mu031-14,Motarro Adhesive Labels MU031-14,"<p>Motarro Adhesive Labels MU031-14 by Motarro. Available at Tiny Inks, Abu Dhabi.</p><p>Delivery across Abu Dhabi in 1–2 business days and the rest of the UAE in 2–4. Free gift wrap on every order.</p>",Motarro,Stickers & Sticky Notes,"Stickers & Sticky Notes, Labels, Motarro, needs-price",FALSE,Title,Default Title,6926393310820,6926393310820,200,,deny,manual,0,TRUE,TRUE,draft
motarro-adhesive-labels-mu287-6,Motarro Adhesive Labels MU287-6,"<p>Motarro Adhesive Labels MU287-6 by Motarro. Available at Tiny Inks, Abu Dhabi.</p><p>Delivery across Abu Dhabi in 1–2 business days and the rest of the UAE in 2–4. Free gift wrap on every order.</p>",Motarro,Stickers & Sticky Notes,"Stickers & Sticky Notes, Labels, Motarro, needs-price",FALSE,Title,Default Title,6926393372880,6926393372880,200,,deny,manual,0,TRUE,TRUE,draft
motarro-adhesive-labels-mu287-8,Motarro Adhesive Labels MU287-8,"<p>Motarro Adhesive Labels MU287-8 by Motarro. Available at Tiny Inks, Abu Dhabi.</p><p>Delivery across Abu Dhabi in 1–2 business days and the rest of the UAE in 2–4. Free gift wrap on every order.</p>",Motarro,Stickers & Sticky Notes,"Stickers & Sticky Notes, Labels, Motarro, needs-price",FALSE,Title,Default Title,6926393372903,6926393372903,200,,deny,manual,0,TRUE,TRUE,draft
motarro-adhesive-labels-mu287-9,Motarro Adhesive Labels MU287-9,"<p>Motarro Adhesive Labels MU287-9 by Motarro. Available at Tiny Inks, Abu Dhabi.</p><p>Delivery across Abu Dhabi in 1–2 business days and the rest of the UAE in 2–4. Free gift wrap on every order.</p>",Motarro,Stickers & Sticky Notes,"Stickers & Sticky Notes, Folder, Motarro, needs-price",FALSE,Title,Default Title,6926393372910,6926393372910,200,,deny,manual,0,TRUE,TRUE,draft
motarro-document-book-cf-43360,Motarro Document Book CF-43360,"<p>Motarro Document Book CF-43360 by Motarro. Available at Tiny Inks, Abu Dhabi.</p><p>Delivery across Abu Dhabi in 1–2 business days and the rest of the UAE in 2–4. Free gift wrap on every order.</p>",Motarro,Notebooks & Books,"Notebooks & Books, Folder, Motarro, needs-price",FALSE,Title,Default Title,6956244831143,6956244831143,200,,deny,manual,0,TRUE,TRUE,draft
motarro-document-bag-fc-myd016-1,Motarro Document Bag Fc MYD016-1,"<p>Motarro Document Bag Fc MYD016-1 by Motarro. Available at Tiny Inks, Abu Dhabi.</p><p>Delivery across Abu Dhabi in 1–2 business days and the rest of the UAE in 2–4. Free gift wrap on every order.</p>",Motarro,Files & Folders,"Files & Folders, Folder, Motarro, needs-price",FALSE,Title,Default Title,6926393375959,6926393375959,200,,deny,manual,0,TRUE,TRUE,draft
motarro-file-folder-mq025,Motarro File Folder MQ025,"<p>Motarro File Folder MQ025 by Motarro. Available at Tiny Inks, Abu Dhabi.</p><p>Delivery across Abu Dhabi in 1–2 business days and the rest of the UAE in 2–4. Free gift wrap on every order.</p>",Motarro,Files & Folders,"Files & Folders, Folder, Motarro, needs-price",FALSE,Title,Default Title,6926393307035,6926393307035,200,,deny,manual,0,TRUE,TRUE,draft
motarro-cover-folder-mq013-8,Motarro Cover Folder MQ013-8,"<p>Motarro Cover Folder MQ013-8 by Motarro. Available at Tiny Inks, Abu Dhabi.</p><p>Delivery across Abu Dhabi in 1–2 business days and the rest of the UAE in 2–4. Free gift wrap on every order.</p>",Motarro,Files & Folders,"Files & Folders, Folder, Motarro, needs-price",FALSE,Title,Default Title,6926393400606,6926393400606,200,,deny,manual,0,TRUE,TRUE,draft
motarro-cover-folder-mq014-1,Motarro Cover Folder MQ014-1,"<p>Motarro Cover Folder MQ014-1 by Motarro. Available at Tiny Inks, Abu Dhabi.</p><p>Delivery across Abu Dhabi in 1–2 business days and the rest of the UAE in 2–4. Free gift wrap on every order.</p>",Motarro,Files & Folders,"Files & Folders, Folder, Motarro, needs-price",FALSE,Title,Default Title,6926393306793,6926393306793,200,,deny,manual,0,TRUE,TRUE,draft
motarro-air-clay-1x36-me400-3,Motarro Air Clay 1X36 ME400-3,"<p>Motarro Air Clay 1X36 ME400-3 by Motarro. Available at Tiny Inks, Abu Dhabi.</p><p>Delivery across Abu Dhabi in 1–2 business days and the rest of the UAE in 2–4. Free gift wrap on every order.</p>",Motarro,Art & Craft,"Art & Craft, Art&Craft, Motarro, needs-price",FALSE,Title,Default Title,6926393365233,6926393365233,200,,deny,manual,0,TRUE,TRUE,draft
neon-spiral-notebook-a5-10mm-square,Neon Spiral Notebook A5 10MM Square,"<p>Neon Spiral Notebook A5 10MM Square by Fis. Available at Tiny Inks, Abu Dhabi.</p><p>Delivery across Abu Dhabi in 1–2 business days and the rest of the UAE in 2–4. Free gift wrap on every order.</p>",Fis,Notebooks & Books,"Notebooks & Books, Notebook, Fis",TRUE,Title,Default Title,6291019591359,6291019591359,200,,deny,manual,4.2,TRUE,TRUE,active
hard-cover-spiral-notebook-9x7-blue,Hard Cover Spiral Notebook 9X7 Blue,"<p>Hard Cover Spiral Notebook 9X7 Blue by Fis. Available at Tiny Inks, Abu Dhabi.</p><p>Delivery across Abu Dhabi in 1–2 business days and the rest of the UAE in 2–4. Free gift wrap on every order.</p>",Fis,Notebooks & Books,"Notebooks & Books, Notebook, Fis",TRUE,Title,Default Title,FSMN9X72QSB,FSMN9X72QSB,200,,deny,manual,8.1,TRUE,TRUE,active
hard-cover-spiral-notebook-a5,Hard Cover Spiral Notebook A5,"<p>Hard Cover Spiral Notebook A5 by Fis. Available at Tiny Inks, Abu Dhabi.</p><p>Delivery across Abu Dhabi in 1–2 business days and the rest of the UAE in 2–4. Free gift wrap on every order.</p>",Fis,Notebooks & Books,"Notebooks & Books, Notebook, Fis",TRUE,Title,Default Title,FSMNA52QSB,FSMNA52QSB,200,,deny,manual,6.15,TRUE,TRUE,active
hard-cover-spiral-notebook-black,Hard Cover Spiral Notebook Black,"<p>Hard Cover Spiral Notebook Black by Fis. Available at Tiny Inks, Abu Dhabi.</p><p>Delivery across Abu Dhabi in 1–2 business days and the rest of the UAE in 2–4. Free gift wrap on every order.</p>",Fis,Notebooks & Books,"Notebooks & Books, Notebook, Fis",TRUE,Title,Default Title,6291019659196,6291019659196,200,,deny,manual,6.5,TRUE,TRUE,active
hard-cover-a5-notebook,Hard Cover A5 Notebook,"<p>Hard Cover A5 Notebook by Fis. Available at Tiny Inks, Abu Dhabi.</p><p>Delivery across Abu Dhabi in 1–2 business days and the rest of the UAE in 2–4. Free gift wrap on every order.</p>",Fis,Notebooks & Books,"Notebooks & Books, Notebook, Fis",TRUE,Title,Default Title,6291019759575,6291019759575,200,,deny,manual,7.0,TRUE,TRUE,active
spiral-hard-cover-note-a4,Spiral Hard Cover Note A4,"<p>Spiral Hard Cover Note A4 by Fis. Available at Tiny Inks, Abu Dhabi.</p><p>Delivery across Abu Dhabi in 1–2 business days and the rest of the UAE in 2–4. Free gift wrap on every order.</p>",Fis,Notebooks & Books,"Notebooks & Books, Notebook, Fis",TRUE,Title,Default Title,6291019351113,6291019351113,200,,deny,manual,8.0,TRUE,TRUE,active
water-color-with-brush,Water Color with Brush,"<p>Water Color with Brush by Techno. Available at Tiny Inks, Abu Dhabi.</p><p>Delivery across Abu Dhabi in 1–2 business days and the rest of the UAE in 2–4. Free gift wrap on every order.</p>",Techno,Art & Craft,"Art & Craft, Art&Craft, Techno",TRUE,Title,Default Title,6935023171007,6935023171007,200,,deny,manual,7.0,TRUE,TRUE,active
pp-neon-spiral-notebook,Pp Neon Spiral Notebook,"<p>Pp Neon Spiral Notebook by Fis. Available at Tiny Inks, Abu Dhabi.</p><p>Delivery across Abu Dhabi in 1–2 business days and the rest of the UAE in 2–4. Free gift wrap on every order.</p>",Fis,Notebooks & Books,"Notebooks & Books, Notebook, Fis",TRUE,Title,Default Title,6291019070106,6291019070106,200,,deny,manual,7.0,TRUE,TRUE,active
washi-tape-8884,Washi Tape 8884,"<p>Washi Tape 8884 by Techno. Available at Tiny Inks, Abu Dhabi.</p><p>Delivery across Abu Dhabi in 1–2 business days and the rest of the UAE in 2–4. Free gift wrap on every order.</p>",Techno,Art & Craft,"Art & Craft, Art&Craft, Techno",TRUE,Title,Default Title,6935023188845,6935023188845,200,,deny,manual,2.5,TRUE,TRUE,active
pp-cover-notebook,Pp Cover Notebook,"<p>Pp Cover Notebook by Fis. Available at Tiny Inks, Abu Dhabi.</p><p>Delivery across Abu Dhabi in 1–2 business days and the rest of the UAE in 2–4. Free gift wrap on every order.</p>",Fis,Notebooks & Books,"Notebooks & Books, Notebook, Fis",TRUE,Title,Default Title,6291019759247,6291019759247,200,,deny,manual,8.0,TRUE,TRUE,active
washi-tape-8880,Washi Tape 8880,"<p>Washi Tape 8880 by Techno. Available at Tiny Inks, Abu Dhabi.</p><p>Delivery across Abu Dhabi in 1–2 business days and the rest of the UAE in 2–4. Free gift wrap on every order.</p>",Techno,Art & Craft,"Art & Craft, Art&Craft, Techno",TRUE,Title,Default Title,6935023188807,6935023188807,200,,deny,manual,2.5,TRUE,TRUE,active
washi-tape-8883,Washi Tape 8883,"<p>Washi Tape 8883 by Techno. Available at Tiny Inks, Abu Dhabi.</p><p>Delivery across Abu Dhabi in 1–2 business days and the rest of the UAE in 2–4. Free gift wrap on every order.</p>",Techno,Art & Craft,"Art & Craft, Art&Craft, Techno",TRUE,Title,Default Title,6935023188838,6935023188838,200,,deny,manual,2.5,TRUE,TRUE,active
washi-tape-8889,Washi Tape 8889,"<p>Washi Tape 8889 by Techno. Available at Tiny Inks, Abu Dhabi.</p><p>Delivery across Abu Dhabi in 1–2 business days and the rest of the UAE in 2–4. Free gift wrap on every order.</p>",Techno,Art & Craft,"Art & Craft, Art&Craft, Techno",TRUE,Title,Default Title,6935023188890,6935023188890,200,,deny,manual,2.5,TRUE,TRUE,active
washi-tape-8881,Washi Tape 8881,"<p>Washi Tape 8881 by Techno. Available at Tiny Inks, Abu Dhabi.</p><p>Delivery across Abu Dhabi in 1–2 business days and the rest of the UAE in 2–4. Free gift wrap on every order.</p>",Techno,Art & Craft,"Art & Craft, Art&Craft, Techno",TRUE,Title,Default Title,6935023188814,6935023188814,200,,deny,manual,2.5,TRUE,TRUE,active
hard-cover-a4-spiral-blue,Hard Cover A4 Spiral Blue,"<p>Hard Cover A4 Spiral Blue by Fis. Available at Tiny Inks, Abu Dhabi.</p><p>Delivery across Abu Dhabi in 1–2 business days and the rest of the UAE in 2–4. Free gift wrap on every order.</p>",Fis,Notebooks & Books,"Notebooks & Books, Notebook, Fis",TRUE,Title,Default Title,6291019217747,6291019217747,200,,deny,manual,11.0,TRUE,TRUE,active
stilo-highliter-neon,Stilo Highliter Neon,"<p>Stilo Highliter Neon by Stilo. Available at Tiny Inks, Abu Dhabi.</p><p>Delivery across Abu Dhabi in 1–2 business days and the rest of the UAE in 2–4. Free gift wrap on every order.</p>",Stilo,Pens & Pencils,"Pens & Pencils, Highlighter, Stilo",TRUE,Title,Default Title,6941288786191,6941288786191,200,,deny,manual,2.5,TRUE,TRUE,active
white-glue-80ml,White Glue 80ML,"<p>White Glue 80ML by Techno. Available at Tiny Inks, Abu Dhabi.</p><p>Delivery across Abu Dhabi in 1–2 business days and the rest of the UAE in 2–4. Free gift wrap on every order.</p>",Techno,Desk & Tools,"Desk & Tools, Whiteglue, Techno",TRUE,Title,Default Title,6935023158787,6935023158787,200,,deny,manual,4.0,TRUE,TRUE,active
white-glue-120-ml,White Glue 120 Ml,"<p>White Glue 120 Ml by Techno. Available at Tiny Inks, Abu Dhabi.</p><p>Delivery across Abu Dhabi in 1–2 business days and the rest of the UAE in 2–4. Free gift wrap on every order.</p>",Techno,Desk & Tools,"Desk & Tools, Whiteglue, Techno",TRUE,Title,Default Title,6935023158794,6935023158794,200,,deny,manual,6.0,TRUE,TRUE,active
white-glue-40-ml,White Glue 40 Ml,"<p>White Glue 40 Ml by Techno. Available at Tiny Inks, Abu Dhabi.</p><p>Delivery across Abu Dhabi in 1–2 business days and the rest of the UAE in 2–4. Free gift wrap on every order.</p>",Techno,Desk & Tools,"Desk & Tools, Whiteglue, Techno",TRUE,Title,Default Title,6935023158770,6935023158770,200,,deny,manual,2.0,TRUE,TRUE,active
punched-pocket,Punched Pocket,"<p>Punched Pocket by Techno. Available at Tiny Inks, Abu Dhabi.</p><p>Delivery across Abu Dhabi in 1–2 business days and the rest of the UAE in 2–4. Free gift wrap on every order.</p>",Techno,Files & Folders,"Files & Folders, Folder, Techno",TRUE,Title,Default Title,16935023158906,16935023158906,200,,deny,manual,6.0,TRUE,TRUE,active
monami-calligraphy-pen,Monami Calligraphy Pen,"<p>Monami Calligraphy Pen by Monami. Available at Tiny Inks, Abu Dhabi.</p><p>Delivery across Abu Dhabi in 1–2 business days and the rest of the UAE in 2–4. Free gift wrap on every order.</p>",Monami,Pens & Pencils,"Pens & Pencils, Pen, Monami",TRUE,Title,Default Title,8801067498456,8801067498456,200,,deny,manual,7.0,TRUE,TRUE,active
sticky-note-5148,Sticky Note 5148,"<p>Sticky Note 5148 by Techno. Available at Tiny Inks, Abu Dhabi.</p><p>Delivery across Abu Dhabi in 1–2 business days and the rest of the UAE in 2–4. Free gift wrap on every order.</p>",Techno,Stickers & Sticky Notes,"Stickers & Sticky Notes, Stickey Note, Techno",TRUE,Title,Default Title,6935023151481,6935023151481,200,,deny,manual,2.5,TRUE,TRUE,active
foamy-sun-star-clouds,Foamy Sun&star&clouds,"<p>Foamy Sun&star&clouds by Techno. Available at Tiny Inks, Abu Dhabi.</p><p>Delivery across Abu Dhabi in 1–2 business days and the rest of the UAE in 2–4. Free gift wrap on every order.</p>",Techno,Art & Craft,"Art & Craft, Art&Craft, Techno",TRUE,Title,Default Title,6935023150378,6935023150378,200,,deny,manual,4.0,TRUE,TRUE,active
goggly-eyes,Goggly Eyes,"<p>Goggly Eyes by Techno. Available at Tiny Inks, Abu Dhabi.</p><p>Delivery across Abu Dhabi in 1–2 business days and the rest of the UAE in 2–4. Free gift wrap on every order.</p>",Techno,Art & Craft,"Art & Craft, Art&Craft, Techno",TRUE,Title,Default Title,6935023150408,6935023150408,200,,deny,manual,6.0,TRUE,TRUE,active
magnifying-glass,Magnifying Glass,"<p>Magnifying Glass by Techno. Available at Tiny Inks, Abu Dhabi.</p><p>Delivery across Abu Dhabi in 1–2 business days and the rest of the UAE in 2–4. Free gift wrap on every order.</p>",Techno,Learning & Activity,"Learning & Activity, Science, Techno",TRUE,Title,Default Title,6935023178525,6935023178525,200,,deny,manual,10.0,TRUE,TRUE,active
foamy-glitter,Foamy Glitter,"<p>Foamy Glitter by Techno. Available at Tiny Inks, Abu Dhabi.</p><p>Delivery across Abu Dhabi in 1–2 business days and the rest of the UAE in 2–4. Free gift wrap on every order.</p>",Techno,Art & Craft,"Art & Craft, Art&Craft, Techno",TRUE,Title,Default Title,6935023146227,6935023146227,200,,deny,manual,4.0,TRUE,TRUE,active
pipe-cleaner,Pipe Cleaner,"<p>Pipe Cleaner by Techno. Available at Tiny Inks, Abu Dhabi.</p><p>Delivery across Abu Dhabi in 1–2 business days and the rest of the UAE in 2–4. Free gift wrap on every order.</p>",Techno,Art & Craft,"Art & Craft, Art&Craft, Techno",TRUE,Title,Default Title,6935023146289,6935023146289,200,,deny,manual,4.0,TRUE,TRUE,active
zip-lock-a5,Zip Lock A5,"<p>Zip Lock A5 by Fis. Available at Tiny Inks, Abu Dhabi.</p><p>Delivery across Abu Dhabi in 1–2 business days and the rest of the UAE in 2–4. Free gift wrap on every order.</p>",Fis,Files & Folders,"Files & Folders, Folder, Fis",TRUE,Title,Default Title,6291019241049,6291019241049,200,,deny,manual,1.5,TRUE,TRUE,active
magnifying-glass-small,Magnifying Glass Small,"<p>Magnifying Glass Small by Techno. Available at Tiny Inks, Abu Dhabi.</p><p>Delivery across Abu Dhabi in 1–2 business days and the rest of the UAE in 2–4. Free gift wrap on every order.</p>",Techno,Learning & Activity,"Learning & Activity, Science, Techno",TRUE,Title,Default Title,6935023178501,6935023178501,200,,deny,manual,9.0,TRUE,TRUE,active
pipe-cleaner-glittery,Pipe Cleaner Glittery,"<p>Pipe Cleaner Glittery by Techno. Available at Tiny Inks, Abu Dhabi.</p><p>Delivery across Abu Dhabi in 1–2 business days and the rest of the UAE in 2–4. Free gift wrap on every order.</p>",Techno,Art & Craft,"Art & Craft, Art&Craft, Techno",TRUE,Title,Default Title,6935023146302,6935023146302,200,,deny,manual,4.0,TRUE,TRUE,active
record-card-2-side-ruler-5x3-inch,Record Card 2 Side Ruler 5X3 Inch,"<p>Record Card 2 Side Ruler 5X3 Inch by Fis. Available at Tiny Inks, Abu Dhabi.</p><p>Delivery across Abu Dhabi in 1–2 business days and the rest of the UAE in 2–4. Free gift wrap on every order.</p>",Fis,Notebooks & Books,"Notebooks & Books, Notebook, Fis",TRUE,Title,Default Title,6291019132712,6291019132712,200,,deny,manual,8.0,TRUE,TRUE,active
magnet-mix-design,Magnet Mix Design,"<p>Magnet Mix Design. Available at Tiny Inks, Abu Dhabi.</p><p>Delivery across Abu Dhabi in 1–2 business days and the rest of the UAE in 2–4. Free gift wrap on every order.</p>",Tiny Inks,Learning & Activity,"Learning & Activity, Science, Origin: China",TRUE,Title,Default Title,6945464642653,6945464642653,200,,deny,manual,24.5,TRUE,TRUE,active
modeling-clay,Modeling Clay,"<p>Modeling Clay by Dozen. Available at Tiny Inks, Abu Dhabi.</p><p>Delivery across Abu Dhabi in 1–2 business days and the rest of the UAE in 2–4. Free gift wrap on every order.</p>",Dozen,Art & Craft,"Art & Craft, Art&Craft, Dozen",TRUE,Title,Default Title,5062670848134,5062670848134,200,,deny,manual,5.0,TRUE,TRUE,active
record-card-2-side-ruler-6x4-inch,Record Card 2 Side Ruler 6X4 Inch,"<p>Record Card 2 Side Ruler 6X4 Inch by Fis. Available at Tiny Inks, Abu Dhabi.</p><p>Delivery across Abu Dhabi in 1–2 business days and the rest of the UAE in 2–4. Free gift wrap on every order.</p>",Fis,Notebooks & Books,"Notebooks & Books, Notebook, Fis",TRUE,Title,Default Title,6291019134822,6291019134822,200,,deny,manual,10.0,TRUE,TRUE,active
farm-animals-stickers,Farm Animals Stickers,"<p>Farm Animals Stickers by Fis. Available at Tiny Inks, Abu Dhabi.</p><p>Delivery across Abu Dhabi in 1–2 business days and the rest of the UAE in 2–4. Free gift wrap on every order.</p>",Fis,Stickers & Sticky Notes,"Stickers & Sticky Notes, Stickers, Fis",TRUE,Title,Default Title,6291019178338,6291019178338,200,,deny,manual,1.5,TRUE,TRUE,active
fruits-2-stickers,Fruits 2 Stickers,"<p>Fruits 2 Stickers by Fis. Available at Tiny Inks, Abu Dhabi.</p><p>Delivery across Abu Dhabi in 1–2 business days and the rest of the UAE in 2–4. Free gift wrap on every order.</p>",Fis,Stickers & Sticky Notes,"Stickers & Sticky Notes, Stickers, Fis",TRUE,Title,Default Title,6291019188832,6291019188832,200,,deny,manual,1.5,TRUE,TRUE,active
human-body-parts-stickers,Human Body Parts Stickers,"<p>Human Body Parts Stickers by Fis. Available at Tiny Inks, Abu Dhabi.</p><p>Delivery across Abu Dhabi in 1–2 business days and the rest of the UAE in 2–4. Free gift wrap on every order.</p>",Fis,Stickers & Sticky Notes,"Stickers & Sticky Notes, Stickers, Fis",TRUE,Title,Default Title,6291019491444,6291019491444,200,,deny,manual,1.5,TRUE,TRUE,active
learning-numbers-stickers,Learning Numbers Stickers,"<p>Learning Numbers Stickers by Fis. Available at Tiny Inks, Abu Dhabi.</p><p>Delivery across Abu Dhabi in 1–2 business days and the rest of the UAE in 2–4. Free gift wrap on every order.</p>",Fis,Stickers & Sticky Notes,"Stickers & Sticky Notes, Stickers, Fis",TRUE,Title,Default Title,6291019188856,6291019188856,200,,deny,manual,1.5,TRUE,TRUE,active
baby-animals-stickers,Baby Animals Stickers,"<p>Baby Animals Stickers by Fis. Available at Tiny Inks, Abu Dhabi.</p><p>Delivery across Abu Dhabi in 1–2 business days and the rest of the UAE in 2–4. Free gift wrap on every order.</p>",Fis,Stickers & Sticky Notes,"Stickers & Sticky Notes, Stickers, Fis",TRUE,Title,Default Title,6291019383695,6291019383695,200,,deny,manual,1.5,TRUE,TRUE,active
birds-1-stickers,Birds 1 Stickers,"<p>Birds 1 Stickers by Fis. Available at Tiny Inks, Abu Dhabi.</p><p>Delivery across Abu Dhabi in 1–2 business days and the rest of the UAE in 2–4. Free gift wrap on every order.</p>",Fis,Stickers & Sticky Notes,"Stickers & Sticky Notes, Stickers, Fis",TRUE,Title,Default Title,6291019178352,6291019178352,200,,deny,manual,1.5,TRUE,TRUE,active
cute-kitty-ball-pen,Cute Kitty Ball Pen,"<p>Cute Kitty Ball Pen by Montex. Available at Tiny Inks, Abu Dhabi.</p><p>Delivery across Abu Dhabi in 1–2 business days and the rest of the UAE in 2–4. Free gift wrap on every order.</p>",Montex,Pens & Pencils,"Pens & Pencils, Pen, Montex",TRUE,Title,Default Title,8901015137007,8901015137007,200,,deny,manual,5.0,TRUE,TRUE,active
slime-kit-3pcs-card,Slime Kit 3PCS Card,"<p>Slime Kit 3PCS Card by M.Y. Available at Tiny Inks, Abu Dhabi.</p><p>Delivery across Abu Dhabi in 1–2 business days and the rest of the UAE in 2–4. Free gift wrap on every order.</p>",M.Y,Art & Craft,"Art & Craft, Diy, M.Y",TRUE,Title,Default Title,6936596915036,6936596915036,200,,deny,manual,15.0,TRUE,TRUE,active
cutter-2501,Cutter 2501,"<p>Cutter 2501 by Fis. Available at Tiny Inks, Abu Dhabi.</p><p>Delivery across Abu Dhabi in 1–2 business days and the rest of the UAE in 2–4. Free gift wrap on every order.</p>",Fis,Desk & Tools,"Desk & Tools, Cutter, Fis",TRUE,Title,Default Title,6291019731816,6291019731816,200,,deny,manual,7.5,TRUE,TRUE,active
cutter-18mm,Cutter 18MM,"<p>Cutter 18MM by Fis. Available at Tiny Inks, Abu Dhabi.</p><p>Delivery across Abu Dhabi in 1–2 business days and the rest of the UAE in 2–4. Free gift wrap on every order.</p>",Fis,Desk & Tools,"Desk & Tools, Cutter, Fis",TRUE,Title,Default Title,6291019731861,6291019731861,200,,deny,manual,15.5,TRUE,TRUE,active
de-guang-stationery,De Guang Stationery,"<p>De Guang Stationery. Available at Tiny Inks, Abu Dhabi.</p><p>Delivery across Abu Dhabi in 1–2 business days and the rest of the UAE in 2–4. Free gift wrap on every order.</p>",Tiny Inks,Files & Folders,"Files & Folders, Folder, Origin: China",TRUE,Title,Default Title,6935221850742,6935221850742,200,,deny,manual,12.0,TRUE,TRUE,active
kizuna-mppa-502,Kizuna MPPA-502,"<p>Kizuna MPPA-502 by Elephant. Available at Tiny Inks, Abu Dhabi.</p><p>Delivery across Abu Dhabi in 1–2 business days and the rest of the UAE in 2–4. Free gift wrap on every order.</p>",Elephant,Notebooks & Books,"Notebooks & Books, Notebook, Elephant",TRUE,Title,Default Title,8851907334444,8851907334444,200,,deny,manual,25.0,TRUE,TRUE,active
kizuna-mppa-503,Kizuna MPPA-503,"<p>Kizuna MPPA-503 by Elephant. Available at Tiny Inks, Abu Dhabi.</p><p>Delivery across Abu Dhabi in 1–2 business days and the rest of the UAE in 2–4. Free gift wrap on every order.</p>",Elephant,Notebooks & Books,"Notebooks & Books, Notebook, Elephant",TRUE,Title,Default Title,8851907334468,8851907334468,200,,deny,manual,25.0,TRUE,TRUE,active
elephant-mra-502,Elephant MRA-502,"<p>Elephant MRA-502 by Elephant. Available at Tiny Inks, Abu Dhabi.</p><p>Delivery across Abu Dhabi in 1–2 business days and the rest of the UAE in 2–4. Free gift wrap on every order.</p>",Elephant,Notebooks & Books,"Notebooks & Books, Notebook, Elephant",TRUE,Title,Default Title,8851907315023,8851907315023,200,,deny,manual,17.5,TRUE,TRUE,active
notebook-a7,Notebook A7,"<p>Notebook A7 by Fis. Available at Tiny Inks, Abu Dhabi.</p><p>Delivery across Abu Dhabi in 1–2 business days and the rest of the UAE in 2–4. Free gift wrap on every order.</p>",Fis,Notebooks & Books,"Notebooks & Books, Notebook, Fis",TRUE,Title,Default Title,6291019759384,6291019759384,200,,deny,manual,3.25,TRUE,TRUE,active
notebook-a6-rainbow,Notebook A6 Rainbow,"<p>Notebook A6 Rainbow by Fis. Available at Tiny Inks, Abu Dhabi.</p><p>Delivery across Abu Dhabi in 1–2 business days and the rest of the UAE in 2–4. Free gift wrap on every order.</p>",Fis,Notebooks & Books,"Notebooks & Books, Notebook, Fis",TRUE,Title,Default Title,6291019759278,6291019759278,200,,deny,manual,5.25,TRUE,TRUE,active
notebook-a6-black,Notebook A6 Black,"<p>Notebook A6 Black by Fis. Available at Tiny Inks, Abu Dhabi.</p><p>Delivery across Abu Dhabi in 1–2 business days and the rest of the UAE in 2–4. Free gift wrap on every order.</p>",Fis,Notebooks & Books,"Notebooks & Books, Notebook, Fis",TRUE,Title,Default Title,6291019665814,6291019665814,200,,deny,manual,10.0,TRUE,TRUE,active
paint-book-school,Paint Book School,"<p>Paint Book School by Fis. Available at Tiny Inks, Abu Dhabi.</p><p>Delivery across Abu Dhabi in 1–2 business days and the rest of the UAE in 2–4. Free gift wrap on every order.</p>",Fis,Art & Craft,"Art & Craft, Coloring Activity, Fis",TRUE,Title,Default Title,6291019013677,6291019013677,200,,deny,manual,5.5,TRUE,TRUE,active
coloring-book-boat,Coloring Book Boat,"<p>Coloring Book Boat by Fis. Available at Tiny Inks, Abu Dhabi.</p><p>Delivery across Abu Dhabi in 1–2 business days and the rest of the UAE in 2–4. Free gift wrap on every order.</p>",Fis,Art & Craft,"Art & Craft, Coloring Activity, Fis",TRUE,Title,Default Title,6291019299606,6291019299606,200,,deny,manual,5.5,TRUE,TRUE,active
coloring-book-16-pages,Coloring Book 16 Pages,"<p>Coloring Book 16 Pages by Fis. Available at Tiny Inks, Abu Dhabi.</p><p>Delivery across Abu Dhabi in 1–2 business days and the rest of the UAE in 2–4. Free gift wrap on every order.</p>",Fis,Art & Craft,"Art & Craft, Coloring Activity, Fis",TRUE,Title,Default Title,6291019146405,6291019146405,200,,deny,manual,5.5,TRUE,TRUE,active
adel-soft-eraser,Adel Soft Eraser,"<p>Adel Soft Eraser by Fis. Available at Tiny Inks, Abu Dhabi.</p><p>Delivery across Abu Dhabi in 1–2 business days and the rest of the UAE in 2–4. Free gift wrap on every order.</p>",Fis,Desk & Tools,"Desk & Tools, Eraser, Fis",TRUE,Title,Default Title,8681241123080,8681241123080,200,,deny,manual,2.5,TRUE,TRUE,active
coloring-book-the-uglu-duckling,Coloring Book the Uglu Duckling,"<p>Coloring Book the Uglu Duckling by Fis. Available at Tiny Inks, Abu Dhabi.</p><p>Delivery across Abu Dhabi in 1–2 business days and the rest of the UAE in 2–4. Free gift wrap on every order.</p>",Fis,Art & Craft,"Art & Craft, Coloring Activity, Fis",TRUE,Title,Default Title,6291019250157,6291019250157,200,,deny,manual,4.25,TRUE,TRUE,active
kizuna-a5-squares,Kizuna A5 Squares,"<p>Kizuna A5 Squares by Elephant. Available at Tiny Inks, Abu Dhabi.</p><p>Delivery across Abu Dhabi in 1–2 business days and the rest of the UAE in 2–4. Free gift wrap on every order.</p>",Elephant,Notebooks & Books,"Notebooks & Books, Notebook, Elephant",TRUE,Title,Default Title,8851907322786,8851907322786,200,,deny,manual,19.0,TRUE,TRUE,active
kizuna-a5-wppa-504,Kizuna A5 WPPA-504,"<p>Kizuna A5 WPPA-504 by Elephant. Available at Tiny Inks, Abu Dhabi.</p><p>Delivery across Abu Dhabi in 1–2 business days and the rest of the UAE in 2–4. Free gift wrap on every order.</p>",Elephant,Notebooks & Books,"Notebooks & Books, Notebook, Elephant",TRUE,Title,Default Title,8851907322779,8851907322779,200,,deny,manual,19.0,TRUE,TRUE,active
sooofa,Sooofa,"<p>Sooofa by Kokuyo. Available at Tiny Inks, Abu Dhabi.</p><p>Delivery across Abu Dhabi in 1–2 business days and the rest of the UAE in 2–4. Free gift wrap on every order.</p>",Kokuyo,Notebooks & Books,"Notebooks & Books, Notebook, Kokuyo",TRUE,Title,Default Title,4901480395371,4901480395371,200,,deny,manual,60.0,TRUE,TRUE,active
mellow-ring-with-index,Mellow Ring with Index,"<p>Mellow Ring with Index by Elephant. Available at Tiny Inks, Abu Dhabi.</p><p>Delivery across Abu Dhabi in 1–2 business days and the rest of the UAE in 2–4. Free gift wrap on every order.</p>",Elephant,Notebooks & Books,"Notebooks & Books, Notebook, Elephant",TRUE,Title,Default Title,8851907330521,8851907330521,200,,deny,manual,39.5,TRUE,TRUE,active
kizuna-wppb-502-grid,Kizuna WPPB-502 Grid,"<p>Kizuna WPPB-502 Grid by Elephant. Available at Tiny Inks, Abu Dhabi.</p><p>Delivery across Abu Dhabi in 1–2 business days and the rest of the UAE in 2–4. Free gift wrap on every order.</p>",Elephant,Notebooks & Books,"Notebooks & Books, Notebook, Elephant",TRUE,Title,Default Title,8851907322861,8851907322861,200,,deny,manual,25.0,TRUE,TRUE,active
kizuna-wppb-502,Kizuna WPPB-502,"<p>Kizuna WPPB-502 by Elephant. Available at Tiny Inks, Abu Dhabi.</p><p>Delivery across Abu Dhabi in 1–2 business days and the rest of the UAE in 2–4. Free gift wrap on every order.</p>",Elephant,Notebooks & Books,"Notebooks & Books, Notebook, Elephant",TRUE,Title,Default Title,8851907322854,8851907322854,200,,deny,manual,20.0,TRUE,TRUE,active
kizuna-series-b5-wppb-504,Kizuna Series B5 WPPB-504,"<p>Kizuna Series B5 WPPB-504 by Elephant. Available at Tiny Inks, Abu Dhabi.</p><p>Delivery across Abu Dhabi in 1–2 business days and the rest of the UAE in 2–4. Free gift wrap on every order.</p>",Elephant,Notebooks & Books,"Notebooks & Books, Notebook, Elephant",TRUE,Title,Default Title,8851907322847,8851907322847,200,,deny,manual,25.0,TRUE,TRUE,active
notebook-wpp-121t,Notebook WPP-121T,"<p>Notebook WPP-121T by Elephant. Available at Tiny Inks, Abu Dhabi.</p><p>Delivery across Abu Dhabi in 1–2 business days and the rest of the UAE in 2–4. Free gift wrap on every order.</p>",Elephant,Notebooks & Books,"Notebooks & Books, Notebook, Elephant",TRUE,Title,Default Title,8851907277246,8851907277246,200,,deny,manual,14.0,TRUE,TRUE,active
kokuyo-snoopy,Kokuyo Snoopy,"<p>Kokuyo Snoopy by Kokuyo. Available at Tiny Inks, Abu Dhabi.</p><p>Delivery across Abu Dhabi in 1–2 business days and the rest of the UAE in 2–4. Free gift wrap on every order.</p>",Kokuyo,Notebooks & Books,"Notebooks & Books, Notebook, Kokuyo",TRUE,Title,Default Title,4901770035765,4901770035765,200,,deny,manual,30.0,TRUE,TRUE,active
begin-elephant,Begin Elephant,"<p>Begin Elephant by Elephant. Available at Tiny Inks, Abu Dhabi.</p><p>Delivery across Abu Dhabi in 1–2 business days and the rest of the UAE in 2–4. Free gift wrap on every order.</p>",Elephant,Notebooks & Books,"Notebooks & Books, Notebook, Elephant",TRUE,Title,Default Title,8851907330552,8851907330552,200,,deny,manual,18.0,TRUE,TRUE,active
snoopy,Snoopy,"<p>Snoopy. Available at Tiny Inks, Abu Dhabi.</p><p>Delivery across Abu Dhabi in 1–2 business days and the rest of the UAE in 2–4. Free gift wrap on every order.</p>",Tiny Inks,Notebooks & Books,"Notebooks & Books, Notebook, Origin: Thailand",TRUE,Title,Default Title,8859683100635,8859683100635,200,,deny,manual,19.0,TRUE,TRUE,active
kokuyo-snoopy-2,Kokuyo Snoopy,"<p>Kokuyo Snoopy by Kokuyo. Available at Tiny Inks, Abu Dhabi.</p><p>Delivery across Abu Dhabi in 1–2 business days and the rest of the UAE in 2–4. Free gift wrap on every order.</p>",Kokuyo,Notebooks & Books,"Notebooks & Books, Notebook, Kokuyo",TRUE,Title,Default Title,6937748346296,6937748346296,200,,deny,manual,30.5,TRUE,TRUE,active
notebook-a5,Notebook A5,"<p>Notebook A5. Available at Tiny Inks, Abu Dhabi.</p><p>Delivery across Abu Dhabi in 1–2 business days and the rest of the UAE in 2–4. Free gift wrap on every order.</p>",Tiny Inks,Notebooks & Books,"Notebooks & Books, Notebook, Origin: Thailand",TRUE,Title,Default Title,14534225,14534225,200,,deny,manual,4.0,TRUE,TRUE,active
brunch-brother,Brunch Brother,"<p>Brunch Brother. Available at Tiny Inks, Abu Dhabi.</p><p>Delivery across Abu Dhabi in 1–2 business days and the rest of the UAE in 2–4. Free gift wrap on every order.</p>",Tiny Inks,Notebooks & Books,"Notebooks & Books, Notebook, Origin: Thailand",TRUE,Title,Default Title,8809694716059,8809694716059,200,,deny,manual,15.0,TRUE,TRUE,active
happiness-notebook,Happiness Notebook,"<p>Happiness Notebook. Available at Tiny Inks, Abu Dhabi.</p><p>Delivery across Abu Dhabi in 1–2 business days and the rest of the UAE in 2–4. Free gift wrap on every order.</p>",Tiny Inks,Notebooks & Books,"Notebooks & Books, Notebook, Origin: Thailand",TRUE,Title,Default Title,8850944002187,8850944002187,200,,deny,manual,10.0,TRUE,TRUE,active
notebook-cat,Notebook Cat,"<p>Notebook Cat by Elephant. Available at Tiny Inks, Abu Dhabi.</p><p>Delivery across Abu Dhabi in 1–2 business days and the rest of the UAE in 2–4. Free gift wrap on every order.</p>",Elephant,Notebooks & Books,"Notebooks & Books, Notebook, Elephant",TRUE,Title,Default Title,8851907257835,8851907257835,200,,deny,manual,10.0,TRUE,TRUE,active
notebook-a5-2,Notebook A5,"<p>Notebook A5. Available at Tiny Inks, Abu Dhabi.</p><p>Delivery across Abu Dhabi in 1–2 business days and the rest of the UAE in 2–4. Free gift wrap on every order.</p>",Tiny Inks,Notebooks & Books,"Notebooks & Books, Notebook, Origin: Thailand",TRUE,Title,Default Title,14534232,14534232,200,,deny,manual,8.0,TRUE,TRUE,active
catmemo,Catmemo,"<p>Catmemo by Double A. Available at Tiny Inks, Abu Dhabi.</p><p>Delivery across Abu Dhabi in 1–2 business days and the rest of the UAE in 2–4. Free gift wrap on every order.</p>",Double A,Stickers & Sticky Notes,"Stickers & Sticky Notes, Sticky Note, Double A",TRUE,Title,Default Title,8858741761399,8858741761399,200,,deny,manual,9.0,TRUE,TRUE,active
saxa-poche,Saxa Poche,"<p>Saxa Poche by Kokuyo. Available at Tiny Inks, Abu Dhabi.</p><p>Delivery across Abu Dhabi in 1–2 business days and the rest of the UAE in 2–4. Free gift wrap on every order.</p>",Kokuyo,Desk & Tools,"Desk & Tools, Scissors, Kokuyo",TRUE,Title,Default Title,4901480351537,4901480351537,200,,deny,manual,65.0,TRUE,TRUE,active
portable-scissors,Portable Scissors,"<p>Portable Scissors by Campus. Available at Tiny Inks, Abu Dhabi.</p><p>Delivery across Abu Dhabi in 1–2 business days and the rest of the UAE in 2–4. Free gift wrap on every order.</p>",Campus,Desk & Tools,"Desk & Tools, Scissors, Campus",TRUE,Title,Default Title,4901480436876,4901480436876,200,,deny,manual,80.0,TRUE,TRUE,active
eraser,Eraser,"<p>Eraser by Campus. Available at Tiny Inks, Abu Dhabi.</p><p>Delivery across Abu Dhabi in 1–2 business days and the rest of the UAE in 2–4. Free gift wrap on every order.</p>",Campus,Desk & Tools,"Desk & Tools, Eraser, Campus",TRUE,Title,Default Title,4901480436654,4901480436654,200,,deny,manual,30.0,TRUE,TRUE,active
elephant,Elephant,"<p>Elephant by Galaxy Pastel. Available at Tiny Inks, Abu Dhabi.</p><p>Delivery across Abu Dhabi in 1–2 business days and the rest of the UAE in 2–4. Free gift wrap on every order.</p>",Galaxy Pastel,Desk & Tools,"Desk & Tools, Eraser, Galaxy Pastel",TRUE,Title,Default Title,8851907314569,8851907314569,200,,deny,manual,12.0,TRUE,TRUE,active
karu-cut,Karu CUT-,"<p>Karu CUT-. Available at Tiny Inks, Abu Dhabi.</p><p>Delivery across Abu Dhabi in 1–2 business days and the rest of the UAE in 2–4. Free gift wrap on every order.</p>",Tiny Inks,Desk & Tools,"Desk & Tools, Tape, Origin: Thailand",TRUE,Title,Default Title,4901480335735,4901480335735,200,,deny,manual,34.0,TRUE,TRUE,active
kokuyo,Kokuyo,"<p>Kokuyo by Campus. Available at Tiny Inks, Abu Dhabi.</p><p>Delivery across Abu Dhabi in 1–2 business days and the rest of the UAE in 2–4. Free gift wrap on every order.</p>",Campus,Desk & Tools,"Desk & Tools, Eraser, Campus",TRUE,Title,Default Title,4901480409979,4901480409979,200,,deny,manual,14.0,TRUE,TRUE,active
elephant-correction-tape,Elephant Correction Tape,"<p>Elephant Correction Tape by Elephant. Available at Tiny Inks, Abu Dhabi.</p><p>Delivery across Abu Dhabi in 1–2 business days and the rest of the UAE in 2–4. Free gift wrap on every order.</p>",Elephant,Desk & Tools,"Desk & Tools, Correction Tape, Elephant",TRUE,Title,Default Title,8851907313791,8851907313791,200,,deny,manual,13.5,TRUE,TRUE,active
campus-correction-tape,Campus Correction Tape,"<p>Campus Correction Tape by Kokuyo. Available at Tiny Inks, Abu Dhabi.</p><p>Delivery across Abu Dhabi in 1–2 business days and the rest of the UAE in 2–4. Free gift wrap on every order.</p>",Kokuyo,Desk & Tools,"Desk & Tools, Correction Tape, Kokuyo",TRUE,Title,Default Title,6937748332749,6937748332749,200,,deny,manual,16.0,TRUE,TRUE,active
fis-metal-sharpener,Fis Metal Sharpener,"<p>Fis Metal Sharpener by Fis. Available at Tiny Inks, Abu Dhabi.</p><p>Delivery across Abu Dhabi in 1–2 business days and the rest of the UAE in 2–4. Free gift wrap on every order.</p>",Fis,Pens & Pencils,"Pens & Pencils, Sharpener, Fis",TRUE,Title,Default Title,6291019094812,6291019094812,200,,deny,manual,1.25,TRUE,TRUE,active
fis-cutter-knife,Fis Cutter Knife,"<p>Fis Cutter Knife by Fis. Available at Tiny Inks, Abu Dhabi.</p><p>Delivery across Abu Dhabi in 1–2 business days and the rest of the UAE in 2–4. Free gift wrap on every order.</p>",Fis,Desk & Tools,"Desk & Tools, Cutter Knife, Fis",TRUE,Title,Default Title,6291019911461,6291019911461,200,,deny,manual,3.5,TRUE,TRUE,active
pet-sticky-note,Pet Sticky Note,"<p>Pet Sticky Note by Moshi Moshi. Available at Tiny Inks, Abu Dhabi.</p><p>Delivery across Abu Dhabi in 1–2 business days and the rest of the UAE in 2–4. Free gift wrap on every order.</p>",Moshi Moshi,Stickers & Sticky Notes,"Stickers & Sticky Notes, Sticky Note, Moshi Moshi",TRUE,Title,Default Title,1400000093474,1400000093474,200,,deny,manual,8.0,TRUE,TRUE,active
kw-trio-stapler,Kw-trio Stapler,"<p>Kw-trio Stapler by Kw.Trio. Available at Tiny Inks, Abu Dhabi.</p><p>Delivery across Abu Dhabi in 1–2 business days and the rest of the UAE in 2–4. Free gift wrap on every order.</p>",Kw.Trio,Desk & Tools,"Desk & Tools, Stapler, Kw.Trio",TRUE,Title,Default Title,4714218080414,4714218080414,200,,deny,manual,6.0,TRUE,TRUE,active
begin-elephant-2,Begin Elephant,"<p>Begin Elephant by Elephant. Available at Tiny Inks, Abu Dhabi.</p><p>Delivery across Abu Dhabi in 1–2 business days and the rest of the UAE in 2–4. Free gift wrap on every order.</p>",Elephant,Gift Sets & Bundles,"Gift Sets & Bundles, Note Book And Stick Note, Elephant",TRUE,Title,Default Title,8851907336905,8851907336905,200,,deny,manual,18.0,TRUE,TRUE,active
stick-up-glue-stick,Stick Up Glue Stick,"<p>Stick Up Glue Stick by Stick Up. Available at Tiny Inks, Abu Dhabi.</p><p>Delivery across Abu Dhabi in 1–2 business days and the rest of the UAE in 2–4. Free gift wrap on every order.</p>",Stick Up,Desk & Tools,"Desk & Tools, Glue, Stick Up",TRUE,Title,Default Title,16921734946581,16921734946581,200,,deny,manual,2.0,TRUE,TRUE,active
campus-word-cards,Campus Word Cards,"<p>Campus Word Cards by Campus. Available at Tiny Inks, Abu Dhabi.</p><p>Delivery across Abu Dhabi in 1–2 business days and the rest of the UAE in 2–4. Free gift wrap on every order.</p>",Campus,Learning & Activity,"Learning & Activity, Word Cards, Campus",TRUE,Title,Default Title,4901480163086,4901480163086,200,,deny,manual,14.0,TRUE,TRUE,active
everyo-gel-pen,Everyo Gel Pen,"<p>Everyo Gel Pen by Deli. Available at Tiny Inks, Abu Dhabi.</p><p>Delivery across Abu Dhabi in 1–2 business days and the rest of the UAE in 2–4. Free gift wrap on every order.</p>",Deli,Pens & Pencils,"Pens & Pencils, Gel Pen, Deli",TRUE,Title,Default Title,6941798442792,6941798442792,200,,deny,manual,2.0,TRUE,TRUE,active
elephant-weekly-plan,Elephant Weekly Plan,"<p>Elephant Weekly Plan by Elephant. Available at Tiny Inks, Abu Dhabi.</p><p>Delivery across Abu Dhabi in 1–2 business days and the rest of the UAE in 2–4. Free gift wrap on every order.</p>",Elephant,Planners & Diaries,"Planners & Diaries, Weekly Plan, Elephant",TRUE,Title,Default Title,8851907325442,8851907325442,200,,deny,manual,10.0,TRUE,TRUE,active
elephant-to-do-list,Elephant to Do List,"<p>Elephant to Do List by Elephant. Available at Tiny Inks, Abu Dhabi.</p><p>Delivery across Abu Dhabi in 1–2 business days and the rest of the UAE in 2–4. Free gift wrap on every order.</p>",Elephant,Planners & Diaries,"Planners & Diaries, To Do List, Elephant, needs-price",FALSE,Title,Default Title,8851907325459,8851907325459,200,,deny,manual,0,TRUE,TRUE,draft
everyo-gel-pen-2,Everyo Gel Pen,"<p>Everyo Gel Pen by Deli. Available at Tiny Inks, Abu Dhabi.</p><p>Delivery across Abu Dhabi in 1–2 business days and the rest of the UAE in 2–4. Free gift wrap on every order.</p>",Deli,Pens & Pencils,"Pens & Pencils, Gel Pen, Deli",TRUE,Title,Default Title,6941798442815,6941798442815,200,,deny,manual,2.0,TRUE,TRUE,active
everyo-gel-pen-3,Everyo Gel Pen,"<p>Everyo Gel Pen by Deli. Available at Tiny Inks, Abu Dhabi.</p><p>Delivery across Abu Dhabi in 1–2 business days and the rest of the UAE in 2–4. Free gift wrap on every order.</p>",Deli,Pens & Pencils,"Pens & Pencils, Gel Pen, Deli",TRUE,Title,Default Title,6942233650567,6942233650567,200,,deny,manual,2.0,TRUE,TRUE,active
sticky-note,Sticky Note,"<p>Sticky Note. Available at Tiny Inks, Abu Dhabi.</p><p>Delivery across Abu Dhabi in 1–2 business days and the rest of the UAE in 2–4. Free gift wrap on every order.</p>",Tiny Inks,Stickers & Sticky Notes,"Stickers & Sticky Notes, Sticky Note, Origin: Thailand",TRUE,Title,Default Title,6955331399238,6955331399238,200,,deny,manual,15.0,TRUE,TRUE,active
elephant-weeky-plan,Elephant Weeky Plan,"<p>Elephant Weeky Plan by Elephant. Available at Tiny Inks, Abu Dhabi.</p><p>Delivery across Abu Dhabi in 1–2 business days and the rest of the UAE in 2–4. Free gift wrap on every order.</p>",Elephant,Planners & Diaries,"Planners & Diaries, Weekly Plan, Elephant",TRUE,Title,Default Title,8851907325435,8851907325435,200,,deny,manual,10.0,TRUE,TRUE,active
elephant-monthly-plan,Elephant Monthly Plan,"<p>Elephant Monthly Plan by Elephant. Available at Tiny Inks, Abu Dhabi.</p><p>Delivery across Abu Dhabi in 1–2 business days and the rest of the UAE in 2–4. Free gift wrap on every order.</p>",Elephant,Planners & Diaries,"Planners & Diaries, Monthly Plan, Elephant",TRUE,Title,Default Title,8851907325428,8851907325428,200,,deny,manual,10.0,TRUE,TRUE,active
campus-note-book,Campus Note Book,"<p>Campus Note Book by Kokuyo. Available at Tiny Inks, Abu Dhabi.</p><p>Delivery across Abu Dhabi in 1–2 business days and the rest of the UAE in 2–4. Free gift wrap on every order.</p>",Kokuyo,Notebooks & Books,"Notebooks & Books, Note Book, Kokuyo",TRUE,Title,Default Title,6937748341093,6937748341093,200,,deny,manual,25.0,TRUE,TRUE,active
bx-v5,BX-V5,"<p>BX-V5 by Pilot. Available at Tiny Inks, Abu Dhabi.</p><p>Delivery across Abu Dhabi in 1–2 business days and the rest of the UAE in 2–4. Free gift wrap on every order.</p>",Pilot,Pens & Pencils,"Pens & Pencils, Black Pen, Pilot",TRUE,Title,Default Title,4902505040177,4902505040177,200,,deny,manual,5.0,TRUE,TRUE,active
bx-v5-2,BX-V5,"<p>BX-V5 by Pilot. Available at Tiny Inks, Abu Dhabi.</p><p>Delivery across Abu Dhabi in 1–2 business days and the rest of the UAE in 2–4. Free gift wrap on every order.</p>",Pilot,Pens & Pencils,"Pens & Pencils, Blue Pen, Pilot",TRUE,Title,Default Title,4902505040191,4902505040191,200,,deny,manual,5.0,TRUE,TRUE,active
bx-v5-3,BX-V5,"<p>BX-V5 by Pilot. Available at Tiny Inks, Abu Dhabi.</p><p>Delivery across Abu Dhabi in 1–2 business days and the rest of the UAE in 2–4. Free gift wrap on every order.</p>",Pilot,Pens & Pencils,"Pens & Pencils, Red Pen, Pilot",TRUE,Title,Default Title,4902505040184,4902505040184,200,,deny,manual,5.0,TRUE,TRUE,active
bx-v5-4,BX-V5,"<p>BX-V5 by Pilot. Available at Tiny Inks, Abu Dhabi.</p><p>Delivery across Abu Dhabi in 1–2 business days and the rest of the UAE in 2–4. Free gift wrap on every order.</p>",Pilot,Pens & Pencils,"Pens & Pencils, Green Pen, Pilot",TRUE,Title,Default Title,4902505040207,4902505040207,200,,deny,manual,5.0,TRUE,TRUE,active
big-ideas-start-small,Big Ideas Start Small,"<p>Big Ideas Start Small by Double A. Available at Tiny Inks, Abu Dhabi.</p><p>Delivery across Abu Dhabi in 1–2 business days and the rest of the UAE in 2–4. Free gift wrap on every order.</p>",Double A,Stickers & Sticky Notes,"Stickers & Sticky Notes, Note Pack, Double A",TRUE,Title,Default Title,8858741764871,8858741764871,200,,deny,manual,15.0,TRUE,TRUE,active
elephant-2,Elephant,"<p>Elephant by Elephant. Available at Tiny Inks, Abu Dhabi.</p><p>Delivery across Abu Dhabi in 1–2 business days and the rest of the UAE in 2–4. Free gift wrap on every order.</p>",Elephant,Planners & Diaries,"Planners & Diaries, To Do List, Elephant",TRUE,Title,Default Title,8851907325466,8851907325466,200,,deny,manual,5.0,TRUE,TRUE,active
uhu-stick,Uhu Stick,"<p>Uhu Stick by Uhu. Available at Tiny Inks, Abu Dhabi.</p><p>Delivery across Abu Dhabi in 1–2 business days and the rest of the UAE in 2–4. Free gift wrap on every order.</p>",Uhu,Desk & Tools,"Desk & Tools, Glue, Uhu",TRUE,Title,Default Title,40267609,40267609,200,,deny,manual,3.0,TRUE,TRUE,active
saxa-poche-2,Saxa Poche,"<p>Saxa Poche by Kokuyo. Available at Tiny Inks, Abu Dhabi.</p><p>Delivery across Abu Dhabi in 1–2 business days and the rest of the UAE in 2–4. Free gift wrap on every order.</p>",Kokuyo,Desk & Tools,"Desk & Tools, Purple Sisors, Kokuyo",TRUE,Title,Default Title,4901480351544,4901480351544,200,,deny,manual,65.0,TRUE,TRUE,active
saxa-poche-3,Saxa Poche,"<p>Saxa Poche by Kokuyo. Available at Tiny Inks, Abu Dhabi.</p><p>Delivery across Abu Dhabi in 1–2 business days and the rest of the UAE in 2–4. Free gift wrap on every order.</p>",Kokuyo,Desk & Tools,"Desk & Tools, Black Sisors, Kokuyo",TRUE,Title,Default Title,4901480351506,4901480351506,200,,deny,manual,65.0,TRUE,TRUE,active
saxa-poche-4,Saxa Poche,"<p>Saxa Poche by Kokuyo. Available at Tiny Inks, Abu Dhabi.</p><p>Delivery across Abu Dhabi in 1–2 business days and the rest of the UAE in 2–4. Free gift wrap on every order.</p>",Kokuyo,Desk & Tools,"Desk & Tools, Blue Sisors, Kokuyo",TRUE,Title,Default Title,4901480351513,4901480351513,200,,deny,manual,65.0,TRUE,TRUE,active
lego-pencil-box,Lego Pencil Box,"<p>Lego Pencil Box by Lego. Available at Tiny Inks, Abu Dhabi.</p><p>Delivery across Abu Dhabi in 1–2 business days and the rest of the UAE in 2–4. Free gift wrap on every order.</p>",Lego,Learning & Activity,"Learning & Activity, Pencil Box, Lego",TRUE,Title,Default Title,4895028537074,4895028537074,200,,deny,manual,40.0,TRUE,TRUE,active
lego-10pcs-marker,Lego 10PCS Marker,"<p>Lego 10PCS Marker by Lego. Available at Tiny Inks, Abu Dhabi.</p><p>Delivery across Abu Dhabi in 1–2 business days and the rest of the UAE in 2–4. Free gift wrap on every order.</p>",Lego,Learning & Activity,"Learning & Activity, Markers, Lego",TRUE,Title,Default Title,4895028516857,4895028516857,200,,deny,manual,47.0,TRUE,TRUE,active
catmo-sticky-note,Catmo Sticky Note,"<p>Catmo Sticky Note by Catmemo. Available at Tiny Inks, Abu Dhabi.</p><p>Delivery across Abu Dhabi in 1–2 business days and the rest of the UAE in 2–4. Free gift wrap on every order.</p>",Catmemo,Stickers & Sticky Notes,"Stickers & Sticky Notes, Sticky Note, Catmemo",TRUE,Title,Default Title,8858741761405,8858741761405,200,,deny,manual,9.0,TRUE,TRUE,active
basic-the-dinosaur-color-pencil,Basic the Dinosaur Color Pencil,"<p>Basic the Dinosaur Color Pencil by Basic. Available at Tiny Inks, Abu Dhabi.</p><p>Delivery across Abu Dhabi in 1–2 business days and the rest of the UAE in 2–4. Free gift wrap on every order.</p>",Basic,Pens & Pencils,"Pens & Pencils, Color Pencil, Basic",TRUE,Title,Default Title,6937777168005,6937777168005,200,,deny,manual,6.5,TRUE,TRUE,active
begin-elephant-3,Begin Elephant,"<p>Begin Elephant by Elephant. Available at Tiny Inks, Abu Dhabi.</p><p>Delivery across Abu Dhabi in 1–2 business days and the rest of the UAE in 2–4. Free gift wrap on every order.</p>",Elephant,Gift Sets & Bundles,"Gift Sets & Bundles, Note Book And Stick Note, Elephant",TRUE,Title,Default Title,8851907330545,8851907330545,200,,deny,manual,18.0,TRUE,TRUE,active
begin-elephant-4,Begin Elephant,"<p>Begin Elephant by Elephant. Available at Tiny Inks, Abu Dhabi.</p><p>Delivery across Abu Dhabi in 1–2 business days and the rest of the UAE in 2–4. Free gift wrap on every order.</p>",Elephant,Gift Sets & Bundles,"Gift Sets & Bundles, Note Book And Stick Note, Elephant",TRUE,Title,Default Title,8851907330545,8851907330545,200,,deny,manual,18.0,TRUE,TRUE,active
lego-3pcs-marker,Lego 3PCS Marker,"<p>Lego 3PCS Marker by Lego. Available at Tiny Inks, Abu Dhabi.</p><p>Delivery across Abu Dhabi in 1–2 business days and the rest of the UAE in 2–4. Free gift wrap on every order.</p>",Lego,Learning & Activity,"Learning & Activity, Markers, Lego",TRUE,Title,Default Title,4895028516857,4895028516857,200,,deny,manual,47.0,TRUE,TRUE,active
lego-note-book,Lego Note Book,"<p>Lego Note Book by Lego. Available at Tiny Inks, Abu Dhabi.</p><p>Delivery across Abu Dhabi in 1–2 business days and the rest of the UAE in 2–4. Free gift wrap on every order.</p>",Lego,Gift Sets & Bundles,"Gift Sets & Bundles, Note Book And Pen, Lego",TRUE,Title,Default Title,4895028535018,4895028535018,200,,deny,manual,94.0,TRUE,TRUE,active
lego-note-book-2,Lego Note Book,"<p>Lego Note Book by Lego. Available at Tiny Inks, Abu Dhabi.</p><p>Delivery across Abu Dhabi in 1–2 business days and the rest of the UAE in 2–4. Free gift wrap on every order.</p>",Lego,Learning & Activity,"Learning & Activity, Note Book, Lego",TRUE,Title,Default Title,4895028536190,4895028536190,200,,deny,manual,66.0,TRUE,TRUE,active
lego-note-book-3,Lego Note Book,"<p>Lego Note Book by Lego. Available at Tiny Inks, Abu Dhabi.</p><p>Delivery across Abu Dhabi in 1–2 business days and the rest of the UAE in 2–4. Free gift wrap on every order.</p>",Lego,Learning & Activity,"Learning & Activity, Note Book, Lego",TRUE,Title,Default Title,4895028535964,4895028535964,200,,deny,manual,66.0,TRUE,TRUE,active
lego-coloring-pencil-12pcs,Lego Coloring Pencil 12PCS,"<p>Lego Coloring Pencil 12PCS by Lego. Available at Tiny Inks, Abu Dhabi.</p><p>Delivery across Abu Dhabi in 1–2 business days and the rest of the UAE in 2–4. Free gift wrap on every order.</p>",Lego,Learning & Activity,"Learning & Activity, Coloring Pencil, Lego",TRUE,Title,Default Title,4895028537067,4895028537067,200,,deny,manual,56.0,TRUE,TRUE,active
lego-note-book-and-pen,Lego Note Book and Pen,"<p>Lego Note Book and Pen by Lego. Available at Tiny Inks, Abu Dhabi.</p><p>Delivery across Abu Dhabi in 1–2 business days and the rest of the UAE in 2–4. Free gift wrap on every order.</p>",Lego,Gift Sets & Bundles,"Gift Sets & Bundles, Note Book And Pen Pink, Lego",TRUE,Title,Default Title,4895028535636,4895028535636,200,,deny,manual,113.0,TRUE,TRUE,active
lego-note-book-and-pen-2,Lego Note Book and Pen,"<p>Lego Note Book and Pen by Lego. Available at Tiny Inks, Abu Dhabi.</p><p>Delivery across Abu Dhabi in 1–2 business days and the rest of the UAE in 2–4. Free gift wrap on every order.</p>",Lego,Gift Sets & Bundles,"Gift Sets & Bundles, Note Book And Pen Red, Lego",TRUE,Title,Default Title,4895028535643,4895028535643,200,,deny,manual,113.0,TRUE,TRUE,active
lego-note-book-and-pen-3,Lego Note Book and Pen,"<p>Lego Note Book and Pen by Lego. Available at Tiny Inks, Abu Dhabi.</p><p>Delivery across Abu Dhabi in 1–2 business days and the rest of the UAE in 2–4. Free gift wrap on every order.</p>",Lego,Gift Sets & Bundles,"Gift Sets & Bundles, Note Book And Pen Black, Lego",TRUE,Title,Default Title,4895028535674,4895028535674,200,,deny,manual,113.0,TRUE,TRUE,active
lego-note-book-and-pen-4,Lego Note Book and Pen,"<p>Lego Note Book and Pen by Lego. Available at Tiny Inks, Abu Dhabi.</p><p>Delivery across Abu Dhabi in 1–2 business days and the rest of the UAE in 2–4. Free gift wrap on every order.</p>",Lego,Gift Sets & Bundles,"Gift Sets & Bundles, Note Book And Pen Blue, Lego",TRUE,Title,Default Title,4895028535629,4895028535629,200,,deny,manual,113.0,TRUE,TRUE,active
lego-note-book-and-pen-5,Lego Note Book and Pen,"<p>Lego Note Book and Pen by Lego. Available at Tiny Inks, Abu Dhabi.</p><p>Delivery across Abu Dhabi in 1–2 business days and the rest of the UAE in 2–4. Free gift wrap on every order.</p>",Lego,Gift Sets & Bundles,"Gift Sets & Bundles, Note Book And Pen, Lego",TRUE,Title,Default Title,4895028536978,4895028536978,200,,deny,manual,65.0,TRUE,TRUE,active
lego-3pcs-pen,Lego 3PCS Pen,"<p>Lego 3PCS Pen by Lego. Available at Tiny Inks, Abu Dhabi.</p><p>Delivery across Abu Dhabi in 1–2 business days and the rest of the UAE in 2–4. Free gift wrap on every order.</p>",Lego,Learning & Activity,"Learning & Activity, 3Pcs Pen, Lego",TRUE,Title,Default Title,4895028515133,4895028515133,200,,deny,manual,47.0,TRUE,TRUE,active
lego-10pcs-marker-2,Lego 10PCS Marker,"<p>Lego 10PCS Marker by Lego. Available at Tiny Inks, Abu Dhabi.</p><p>Delivery across Abu Dhabi in 1–2 business days and the rest of the UAE in 2–4. Free gift wrap on every order.</p>",Lego,Learning & Activity,"Learning & Activity, 10Pcs Marker, Lego",TRUE,Title,Default Title,4895028531010,4895028531010,200,,deny,manual,113.0,TRUE,TRUE,active
lego-note-book-and-pen-6,Lego Note Book and Pen,"<p>Lego Note Book and Pen by Lego. Available at Tiny Inks, Abu Dhabi.</p><p>Delivery across Abu Dhabi in 1–2 business days and the rest of the UAE in 2–4. Free gift wrap on every order.</p>",Lego,Gift Sets & Bundles,"Gift Sets & Bundles, Note Book And Pen, Lego",TRUE,Title,Default Title,4895028535025,4895028535025,200,,deny,manual,94.0,TRUE,TRUE,active
lego-pal-pen,Lego Pal Pen,"<p>Lego Pal Pen by Lego. Available at Tiny Inks, Abu Dhabi.</p><p>Delivery across Abu Dhabi in 1–2 business days and the rest of the UAE in 2–4. Free gift wrap on every order.</p>",Lego,Learning & Activity,"Learning & Activity, One Pen, Lego",TRUE,Title,Default Title,4895028537050,4895028537050,200,,deny,manual,28.0,TRUE,TRUE,active
lego-pal-pen-2,Lego Pal Pen,"<p>Lego Pal Pen by Lego. Available at Tiny Inks, Abu Dhabi.</p><p>Delivery across Abu Dhabi in 1–2 business days and the rest of the UAE in 2–4. Free gift wrap on every order.</p>",Lego,Learning & Activity,"Learning & Activity, One Pen, Lego",TRUE,Title,Default Title,4895028537029,4895028537029,200,,deny,manual,28.0,TRUE,TRUE,active
lego-pal-pen-3,Lego Pal Pen,"<p>Lego Pal Pen by Lego. Available at Tiny Inks, Abu Dhabi.</p><p>Delivery across Abu Dhabi in 1–2 business days and the rest of the UAE in 2–4. Free gift wrap on every order.</p>",Lego,Learning & Activity,"Learning & Activity, One Pen, Lego",TRUE,Title,Default Title,4895028536688,4895028536688,200,,deny,manual,30.0,TRUE,TRUE,active
lego-mini-fugures-sticky-note,Lego Mini Fugures Sticky Note,"<p>Lego Mini Fugures Sticky Note by Lego. Available at Tiny Inks, Abu Dhabi.</p><p>Delivery across Abu Dhabi in 1–2 business days and the rest of the UAE in 2–4. Free gift wrap on every order.</p>",Lego,Stickers & Sticky Notes,"Stickers & Sticky Notes, Sticky Note, Lego",TRUE,Title,Default Title,4895028534776,4895028534776,200,,deny,manual,66.0,TRUE,TRUE,active
lego-space-sticky-note,Lego Space Sticky Note,"<p>Lego Space Sticky Note by Lego. Available at Tiny Inks, Abu Dhabi.</p><p>Delivery across Abu Dhabi in 1–2 business days and the rest of the UAE in 2–4. Free gift wrap on every order.</p>",Lego,Stickers & Sticky Notes,"Stickers & Sticky Notes, Sticky Note, Lego",TRUE,Title,Default Title,4895028534790,4895028534790,200,,deny,manual,66.0,TRUE,TRUE,active
lego-ruler,Lego Ruler,"<p>Lego Ruler by Lego. Available at Tiny Inks, Abu Dhabi.</p><p>Delivery across Abu Dhabi in 1–2 business days and the rest of the UAE in 2–4. Free gift wrap on every order.</p>",Lego,Learning & Activity,"Learning & Activity, Ruler, Lego",TRUE,Title,Default Title,4895028525583,4895028525583,200,,deny,manual,65.0,TRUE,TRUE,active
lego-creativity-set,Lego Creativity Set,"<p>Lego Creativity Set by Lego. Available at Tiny Inks, Abu Dhabi.</p><p>Delivery across Abu Dhabi in 1–2 business days and the rest of the UAE in 2–4. Free gift wrap on every order.</p>",Lego,Gift Sets & Bundles,"Gift Sets & Bundles, Creativity Set, Lego",TRUE,Title,Default Title,4895028534660,4895028534660,200,,deny,manual,115.0,TRUE,TRUE,active
lego-creativity-set-2,Lego Creativity Set,"<p>Lego Creativity Set by Lego. Available at Tiny Inks, Abu Dhabi.</p><p>Delivery across Abu Dhabi in 1–2 business days and the rest of the UAE in 2–4. Free gift wrap on every order.</p>",Lego,Gift Sets & Bundles,"Gift Sets & Bundles, Creativity Set, Lego",TRUE,Title,Default Title,4895028538705,4895028538705,200,,deny,manual,115.0,TRUE,TRUE,active
lego-creativity-set-3,Lego Creativity Set,"<p>Lego Creativity Set by Lego. Available at Tiny Inks, Abu Dhabi.</p><p>Delivery across Abu Dhabi in 1–2 business days and the rest of the UAE in 2–4. Free gift wrap on every order.</p>",Lego,Gift Sets & Bundles,"Gift Sets & Bundles, Creativity Set, Lego",TRUE,Title,Default Title,4895028538699,4895028538699,200,,deny,manual,115.0,TRUE,TRUE,active
lego-combination-lock-diary-set,Lego Combination Lock Diary Set,"<p>Lego Combination Lock Diary Set by Lego. Available at Tiny Inks, Abu Dhabi.</p><p>Delivery across Abu Dhabi in 1–2 business days and the rest of the UAE in 2–4. Free gift wrap on every order.</p>",Lego,Gift Sets & Bundles,"Gift Sets & Bundles, Combiation Lock Diary Set, Lego",TRUE,Title,Default Title,4895028535988,4895028535988,200,,deny,manual,160.0,TRUE,TRUE,active
limited-campus-sisors,Limited Campus Sisors,"<p>Limited Campus Sisors by Kokuyo. Available at Tiny Inks, Abu Dhabi.</p><p>Delivery across Abu Dhabi in 1–2 business days and the rest of the UAE in 2–4. Free gift wrap on every order.</p>",Kokuyo,Desk & Tools,"Desk & Tools, Sisors, Kokuyo",TRUE,Title,Default Title,4901480436869,4901480436869,200,,deny,manual,80.0,TRUE,TRUE,active
elephant-eraser-and-highlighter,Elephant Eraser and Highlighter,"<p>Elephant Eraser and Highlighter by Elephant. Available at Tiny Inks, Abu Dhabi.</p><p>Delivery across Abu Dhabi in 1–2 business days and the rest of the UAE in 2–4. Free gift wrap on every order.</p>",Elephant,Gift Sets & Bundles,"Gift Sets & Bundles, Eraser And Highlighter, Elephant",TRUE,Title,Default Title,8851907314576,8851907314576,200,,deny,manual,11.0,TRUE,TRUE,active
karu-cut-tape-cutter-bage,Karu CUT- Tape Cutter Bage,"<p>Karu CUT- Tape Cutter Bage. Available at Tiny Inks, Abu Dhabi.</p><p>Delivery across Abu Dhabi in 1–2 business days and the rest of the UAE in 2–4. Free gift wrap on every order.</p>",Tiny Inks,Files & Folders,"Files & Folders, Tape Cutter, Origin: Thailand",TRUE,Title,Default Title,4901480344331,4901480344331,200,,deny,manual,34.0,TRUE,TRUE,active
karu-cut-tape-cutter-yellow,Karu Cut - Tape Cutter Yellow,"<p>Karu Cut - Tape Cutter Yellow. Available at Tiny Inks, Abu Dhabi.</p><p>Delivery across Abu Dhabi in 1–2 business days and the rest of the UAE in 2–4. Free gift wrap on every order.</p>",Tiny Inks,Desk & Tools,"Desk & Tools, Tape Cutter, Origin: Thailand",TRUE,Title,Default Title,4901480344348,4901480344348,200,,deny,manual,34.0,TRUE,TRUE,active
karu-cut-tape-cutter-blue,Karu Cut - Tape Cutter Blue,"<p>Karu Cut - Tape Cutter Blue. Available at Tiny Inks, Abu Dhabi.</p><p>Delivery across Abu Dhabi in 1–2 business days and the rest of the UAE in 2–4. Free gift wrap on every order.</p>",Tiny Inks,Desk & Tools,"Desk & Tools, Tape Cutter, Origin: Thailand",TRUE,Title,Default Title,4901480335728,4901480335728,200,,deny,manual,34.0,TRUE,TRUE,active
mideer-pease-crayons,Mideer Pease Crayons,"<p>Mideer Pease Crayons by Mideer. Available at Tiny Inks, Abu Dhabi.</p><p>Delivery across Abu Dhabi in 1–2 business days and the rest of the UAE in 2–4. Free gift wrap on every order.</p>",Mideer,Art & Craft,"Art & Craft, Bean Crayons, Mideer",TRUE,Title,Default Title,6936352562191,6936352562191,200,,deny,manual,40.0,TRUE,TRUE,active
clixo-x-timothy-good-man-9pcs,Clixo X Timothy Good Man 9PCS,"<p>Clixo X Timothy Good Man 9PCS by Clixo. Available at Tiny Inks, Abu Dhabi.</p><p>Delivery across Abu Dhabi in 1–2 business days and the rest of the UAE in 2–4. Free gift wrap on every order.</p>",Clixo,Art & Craft,"Art & Craft, Clixo X Timothy Goodman, Clixo",TRUE,Title,Default Title,850054480330,850054480330,200,,deny,manual,69.0,TRUE,TRUE,active
muji-double-ring-notebook,Muji Double Ring Notebook,"<p>Muji Double Ring Notebook by Muji. Available at Tiny Inks, Abu Dhabi.</p><p>Delivery across Abu Dhabi in 1–2 business days and the rest of the UAE in 2–4. Free gift wrap on every order.</p>",Muji,Notebooks & Books,"Notebooks & Books, Note Book, Muji",TRUE,Title,Default Title,4547315264964,4547315264964,200,,deny,manual,7.0,TRUE,TRUE,active
chicro-large-leather-pencil-pink-and-per,Chicro Large Leather Pencil Pink and Per,"<p>Chicro Large Leather Pencil Pink and Per by Chica Ro. Available at Tiny Inks, Abu Dhabi.</p><p>Delivery across Abu Dhabi in 1–2 business days and the rest of the UAE in 2–4. Free gift wrap on every order.</p>",Chica Ro,Pens & Pencils,"Pens & Pencils, Pencil, Chica Ro, needs-price",FALSE,Title,Default Title,6936578682758,6936578682758,200,,deny,manual,0,TRUE,TRUE,draft
adel-soft-eraser-2,Adel Soft Eraser,"<p>Adel Soft Eraser by Adel. Available at Tiny Inks, Abu Dhabi.</p><p>Delivery across Abu Dhabi in 1–2 business days and the rest of the UAE in 2–4. Free gift wrap on every order.</p>",Adel,Desk & Tools,"Desk & Tools, Eraser, Adel",TRUE,Title,Default Title,8681241123080,8681241123080,200,,deny,manual,2.25,TRUE,TRUE,active
diy-your-own-slime,Diy Your Own Slime,"<p>Diy Your Own Slime. Available at Tiny Inks, Abu Dhabi.</p><p>Delivery across Abu Dhabi in 1–2 business days and the rest of the UAE in 2–4. Free gift wrap on every order.</p>",Tiny Inks,Art & Craft,"Art & Craft, Diy Slime",TRUE,Title,Default Title,6955015071122,6955015071122,200,,deny,manual,15.0,TRUE,TRUE,active
y-plus-eraser-pen,Y.plus Eraser Pen,"<p>Y.plus Eraser Pen by Y.Plus. Available at Tiny Inks, Abu Dhabi.</p><p>Delivery across Abu Dhabi in 1–2 business days and the rest of the UAE in 2–4. Free gift wrap on every order.</p>",Y.Plus,Pens & Pencils,"Pens & Pencils, Eraser, Y.Plus",TRUE,Title,Default Title,6973157014982,6973157014982,200,,deny,manual,1.5,TRUE,TRUE,active
hello-kitty-pen,Hello Kitty Pen,"<p>Hello Kitty Pen. Available at Tiny Inks, Abu Dhabi.</p><p>Delivery across Abu Dhabi in 1–2 business days and the rest of the UAE in 2–4. Free gift wrap on every order.</p>",Tiny Inks,Pens & Pencils,"Pens & Pencils, Pen, Origin: Thailand",TRUE,Title,Default Title,6923655800129,6923655800129,200,,deny,manual,2.0,TRUE,TRUE,active
neon-snap-bracelets,Neon Snap Bracelets,"<p>Neon Snap Bracelets. Available at Tiny Inks, Abu Dhabi.</p><p>Delivery across Abu Dhabi in 1–2 business days and the rest of the UAE in 2–4. Free gift wrap on every order.</p>",Tiny Inks,Gift Sets & Bundles,"Gift Sets & Bundles, Neon Bracelets And Art Book",TRUE,Title,Default Title,9781805449799,9781805449799,200,,deny,manual,85.0,TRUE,TRUE,active
milly-and-cat-note-book,Milly and Cat Note Book,"<p>Milly and Cat Note Book. Available at Tiny Inks, Abu Dhabi.</p><p>Delivery across Abu Dhabi in 1–2 business days and the rest of the UAE in 2–4. Free gift wrap on every order.</p>",Tiny Inks,Notebooks & Books,"Notebooks & Books, Note Book, Origin: Thailand",TRUE,Title,Default Title,6931747115440,6931747115440,200,,deny,manual,15.5,TRUE,TRUE,active
one-pice-sabo-note-book,One Pice Sabo Note Book,"<p>One Pice Sabo Note Book. Available at Tiny Inks, Abu Dhabi.</p><p>Delivery across Abu Dhabi in 1–2 business days and the rest of the UAE in 2–4. Free gift wrap on every order.</p>",Tiny Inks,Notebooks & Books,"Notebooks & Books, Note Book, Origin: Thailand",TRUE,Title,Default Title,6941600195120,6941600195120,200,,deny,manual,21.5,TRUE,TRUE,active
one-pice-ace-note-book,One Pice Ace Note Book,"<p>One Pice Ace Note Book. Available at Tiny Inks, Abu Dhabi.</p><p>Delivery across Abu Dhabi in 1–2 business days and the rest of the UAE in 2–4. Free gift wrap on every order.</p>",Tiny Inks,Notebooks & Books,"Notebooks & Books, Note Book, Origin: Thailand",TRUE,Title,Default Title,6941600195120,6941600195120,200,,deny,manual,21.0,TRUE,TRUE,active
milly-and-cat-note-book-2,Milly and Cat Note Book,"<p>Milly and Cat Note Book. Available at Tiny Inks, Abu Dhabi.</p><p>Delivery across Abu Dhabi in 1–2 business days and the rest of the UAE in 2–4. Free gift wrap on every order.</p>",Tiny Inks,Notebooks & Books,"Notebooks & Books, Note Book, Origin: Thailand",TRUE,Title,Default Title,6931747115440,6931747115440,200,,deny,manual,15.5,TRUE,TRUE,active
masterart-blacklead-pencil,Masterart Blacklead Pencil,"<p>Masterart Blacklead Pencil by Masterart. Available at Tiny Inks, Abu Dhabi.</p><p>Delivery across Abu Dhabi in 1–2 business days and the rest of the UAE in 2–4. Free gift wrap on every order.</p>",Masterart,Pens & Pencils,"Pens & Pencils, Pencil, Masterart",TRUE,Title,Default Title,8851907260750,8851907260750,200,,deny,manual,16.0,TRUE,TRUE,active
jiehui-cube-3nd,Jiehui Cube 3ND,"<p>Jiehui Cube 3ND by Jiehuitoys. Available at Tiny Inks, Abu Dhabi.</p><p>Delivery across Abu Dhabi in 1–2 business days and the rest of the UAE in 2–4. Free gift wrap on every order.</p>",Jiehuitoys,Learning & Activity,"Learning & Activity, Rubix Cube, Jiehuitoys",TRUE,Title,Default Title,6464651369055,6464651369055,200,,deny,manual,20.0,TRUE,TRUE,active
cube-magic,Cube Magic,"<p>Cube Magic by Ledongzhan. Available at Tiny Inks, Abu Dhabi.</p><p>Delivery across Abu Dhabi in 1–2 business days and the rest of the UAE in 2–4. Free gift wrap on every order.</p>",Ledongzhan,Learning & Activity,"Learning & Activity, Rubix Cube, Ledongzhan",TRUE,Title,Default Title,6464652948501,6464652948501,200,,deny,manual,20.0,TRUE,TRUE,active
minicombination-lock-book-kuromi,Minicombination Lock Book Kuromi,"<p>Minicombination Lock Book Kuromi. Available at Tiny Inks, Abu Dhabi.</p><p>Delivery across Abu Dhabi in 1–2 business days and the rest of the UAE in 2–4. Free gift wrap on every order.</p>",Tiny Inks,Gift Sets & Bundles,"Gift Sets & Bundles, Combiation Lock And Book",TRUE,Title,Default Title,6975666600045,6975666600045,200,,deny,manual,4.5,TRUE,TRUE,active
bsoku-super-light-clay,Bsoku Super Light Clay,"<p>Bsoku Super Light Clay by Baoku. Available at Tiny Inks, Abu Dhabi.</p><p>Delivery across Abu Dhabi in 1–2 business days and the rest of the UAE in 2–4. Free gift wrap on every order.</p>",Baoku,Art & Craft,"Art & Craft, Light Clay, Baoku",TRUE,Title,Default Title,6970478400340,6970478400340,200,,deny,manual,8.0,TRUE,TRUE,active
masterart-blacklead-pencil-2,Masterart Blacklead Pencil,"<p>Masterart Blacklead Pencil by Masterart. Available at Tiny Inks, Abu Dhabi.</p><p>Delivery across Abu Dhabi in 1–2 business days and the rest of the UAE in 2–4. Free gift wrap on every order.</p>",Masterart,Pens & Pencils,"Pens & Pencils, Pencil, Masterart",TRUE,Title,Default Title,8851907125042,8851907125042,200,,deny,manual,16.0,TRUE,TRUE,active
flamingo-erasable-color-pencils-72-colors,Flamingo Erasable Color Pencils 72 Colors,"<p>Flamingo Erasable Color Pencils 72 Colors by Flamingo. Available at Tiny Inks, Abu Dhabi.</p><p>Delivery across Abu Dhabi in 1–2 business days and the rest of the UAE in 2–4. Free gift wrap on every order.</p>",Flamingo,Pens & Pencils,"Pens & Pencils, Color Pencil, Flamingo",TRUE,Title,Default Title,4255778638047,4255778638047,200,,deny,manual,37.0,TRUE,TRUE,active
paint-your-own-squishy-animal-park,Paint Your Own Squishy Animal Park,"<p>Paint Your Own Squishy Animal Park by Asia Books. Available at Tiny Inks, Abu Dhabi.</p><p>Delivery across Abu Dhabi in 1–2 business days and the rest of the UAE in 2–4. Free gift wrap on every order.</p>",Asia Books,Art & Craft,"Art & Craft, Paint Squishy, Asia Books",TRUE,Title,Default Title,9781836502869,9781836502869,200,,deny,manual,55.0,TRUE,TRUE,active
paint-your-own-squishy-dinosaur-land,Paint Your Own Squishy Dinosaur Land,"<p>Paint Your Own Squishy Dinosaur Land by Asia Books. Available at Tiny Inks, Abu Dhabi.</p><p>Delivery across Abu Dhabi in 1–2 business days and the rest of the UAE in 2–4. Free gift wrap on every order.</p>",Asia Books,Art & Craft,"Art & Craft, Paint Squishy, Asia Books",TRUE,Title,Default Title,9781836502852,9781836502852,200,,deny,manual,55.0,TRUE,TRUE,active
dino-crafts,Dino Crafts,"<p>Dino Crafts by Asia Books. Available at Tiny Inks, Abu Dhabi.</p><p>Delivery across Abu Dhabi in 1–2 business days and the rest of the UAE in 2–4. Free gift wrap on every order.</p>",Asia Books,Art & Craft,"Art & Craft, Crafts, Asia Books",TRUE,Title,Default Title,9781836502159,9781836502159,200,,deny,manual,55.0,TRUE,TRUE,active
reward-chart-and-sticker,Reward Chart and Sticker,"<p>Reward Chart and Sticker by Asia Books. Available at Tiny Inks, Abu Dhabi.</p><p>Delivery across Abu Dhabi in 1–2 business days and the rest of the UAE in 2–4. Free gift wrap on every order.</p>",Asia Books,Gift Sets & Bundles,"Gift Sets & Bundles, Reward Chart And Stickers, Asia Books",TRUE,Title,Default Title,9781783734955,9781783734955,200,,deny,manual,45.0,TRUE,TRUE,active
reward-chart-and-sticker-2,Reward Chart and Sticker,"<p>Reward Chart and Sticker by Asia Books. Available at Tiny Inks, Abu Dhabi.</p><p>Delivery across Abu Dhabi in 1–2 business days and the rest of the UAE in 2–4. Free gift wrap on every order.</p>",Asia Books,Gift Sets & Bundles,"Gift Sets & Bundles, Reward Chart And Stickers, Asia Books",TRUE,Title,Default Title,9781783734962,9781783734962,200,,deny,manual,45.0,TRUE,TRUE,active
yq-rulur,Yq Rulur,"<p>Yq Rulur by Yq. Available at Tiny Inks, Abu Dhabi.</p><p>Delivery across Abu Dhabi in 1–2 business days and the rest of the UAE in 2–4. Free gift wrap on every order.</p>",Yq,Desk & Tools,"Desk & Tools, Ruler, Yq, needs-price",FALSE,Title,Default Title,6291099334327,6291099334327,200,,deny,manual,0,TRUE,TRUE,draft
black-wood-triangle-pencil,Black Wood Triangle Pencil,"<p>Black Wood Triangle Pencil by Fis. Available at Tiny Inks, Abu Dhabi.</p><p>Delivery across Abu Dhabi in 1–2 business days and the rest of the UAE in 2–4. Free gift wrap on every order.</p>",Fis,Pens & Pencils,"Pens & Pencils, Pencils, Fis, needs-price",FALSE,Title,Default Title,6291019424329,6291019424329,200,,deny,manual,0,TRUE,TRUE,draft
kurumi-pencils,Kurumi Pencils,"<p>Kurumi Pencils. Available at Tiny Inks, Abu Dhabi.</p><p>Delivery across Abu Dhabi in 1–2 business days and the rest of the UAE in 2–4. Free gift wrap on every order.</p>",Tiny Inks,Pens & Pencils,"Pens & Pencils, Pencils, needs-price",FALSE,Title,Default Title,6975457420050,6975457420050,200,,deny,manual,0,TRUE,TRUE,draft
stitch-pencils,Stitch Pencils,"<p>Stitch Pencils. Available at Tiny Inks, Abu Dhabi.</p><p>Delivery across Abu Dhabi in 1–2 business days and the rest of the UAE in 2–4. Free gift wrap on every order.</p>",Tiny Inks,Pens & Pencils,"Pens & Pencils, Pencils, needs-price",FALSE,Title,Default Title,6154574620233,6154574620233,200,,deny,manual,0,TRUE,TRUE,draft
fis-executive-envelopes-laid-bond-paper,Fis Executive Envelopes Laid Bond Paper,"<p>Fis Executive Envelopes Laid Bond Paper by Fis. Available at Tiny Inks, Abu Dhabi.</p><p>Delivery across Abu Dhabi in 1–2 business days and the rest of the UAE in 2–4. Free gift wrap on every order.</p>",Fis,Notebooks & Books,"Notebooks & Books, Envelopes, Fis, needs-price",FALSE,Title,Default Title,6291019756246,6291019756246,200,,deny,manual,0,TRUE,TRUE,draft
smart-coloring-book-fire-fighters,Smart Coloring Book Fire Fighters,"<p>Smart Coloring Book Fire Fighters by Smart. Available at Tiny Inks, Abu Dhabi.</p><p>Delivery across Abu Dhabi in 1–2 business days and the rest of the UAE in 2–4. Free gift wrap on every order.</p>",Smart,Notebooks & Books,"Notebooks & Books, Coloring Book, Smart",TRUE,Title,Default Title,68852145692,68852145692,200,,deny,manual,3.0,TRUE,TRUE,active
my-little-pony-erasable-pen,My Little Pony Erasable Pen,"<p>My Little Pony Erasable Pen. Available at Tiny Inks, Abu Dhabi.</p><p>Delivery across Abu Dhabi in 1–2 business days and the rest of the UAE in 2–4. Free gift wrap on every order.</p>",Tiny Inks,Pens & Pencils,"Pens & Pencils, Eraiseble Pencil Box, needs-price",FALSE,Title,Default Title,8605792088124,8605792088124,200,,deny,manual,0,TRUE,TRUE,draft
deli-stick-up-glue-gun,Deli Stick Up Glue Gun,"<p>Deli Stick Up Glue Gun by Deli. Available at Tiny Inks, Abu Dhabi.</p><p>Delivery across Abu Dhabi in 1–2 business days and the rest of the UAE in 2–4. Free gift wrap on every order.</p>",Deli,Art & Craft,"Art & Craft, Glue Gun, Deli",TRUE,Title,Default Title,6971092845531,6971092845531,200,,deny,manual,17.0,TRUE,TRUE,active
neon-colour-activity-set,Neon Colour Activity Set,"<p>Neon Colour Activity Set by Hinkler. Available at Tiny Inks, Abu Dhabi.</p><p>Delivery across Abu Dhabi in 1–2 business days and the rest of the UAE in 2–4. Free gift wrap on every order.</p>",Hinkler,Learning & Activity,"Learning & Activity, Activity, Hinkler",TRUE,Title,Default Title,9781488945809,9781488945809,200,,deny,manual,24.0,TRUE,TRUE,active
colorful-eva-woodlike-blocks-60-pcs,Colorful Eva Woodlike Blocks - 60 Pcs,"<p>Colorful Eva Woodlike Blocks - 60 Pcs by Toy Hero. Available at Tiny Inks, Abu Dhabi.</p><p>Delivery across Abu Dhabi in 1–2 business days and the rest of the UAE in 2–4. Free gift wrap on every order.</p>",Toy Hero,Learning & Activity,"Learning & Activity, Activity, Toy Hero",TRUE,Title,Default Title,4897020030942,4897020030942,200,,deny,manual,48.5,TRUE,TRUE,active
experiment-set,Experiment Set,"<p>Experiment Set by Hi5. Available at Tiny Inks, Abu Dhabi.</p><p>Delivery across Abu Dhabi in 1–2 business days and the rest of the UAE in 2–4. Free gift wrap on every order.</p>",Hi5,Learning & Activity,"Learning & Activity, Science, Hi5",TRUE,Title,Default Title,6901234568431,6901234568431,200,,deny,manual,17.5,TRUE,TRUE,active
crystal-growing,Crystal Growing,"<p>Crystal Growing by Hi5. Available at Tiny Inks, Abu Dhabi.</p><p>Delivery across Abu Dhabi in 1–2 business days and the rest of the UAE in 2–4. Free gift wrap on every order.</p>",Hi5,Learning & Activity,"Learning & Activity, Science, Hi5",TRUE,Title,Default Title,6901234568103,6901234568103,200,,deny,manual,17.5,TRUE,TRUE,active
magical-molecules,Magical Molecules,"<p>Magical Molecules by Hi5. Available at Tiny Inks, Abu Dhabi.</p><p>Delivery across Abu Dhabi in 1–2 business days and the rest of the UAE in 2–4. Free gift wrap on every order.</p>",Hi5,Learning & Activity,"Learning & Activity, Science, Hi5",TRUE,Title,Default Title,6901234569520,6901234569520,200,,deny,manual,17.5,TRUE,TRUE,active
solar-street-lamp,Solar Street Lamp,"<p>Solar Street Lamp by Hi5. Available at Tiny Inks, Abu Dhabi.</p><p>Delivery across Abu Dhabi in 1–2 business days and the rest of the UAE in 2–4. Free gift wrap on every order.</p>",Hi5,Learning & Activity,"Learning & Activity, Science, Hi5",TRUE,Title,Default Title,6901234568158,6901234568158,200,,deny,manual,24.0,TRUE,TRUE,active
wind-up-light,Wind-up Light,"<p>Wind-up Light by Hi5. Available at Tiny Inks, Abu Dhabi.</p><p>Delivery across Abu Dhabi in 1–2 business days and the rest of the UAE in 2–4. Free gift wrap on every order.</p>",Hi5,Learning & Activity,"Learning & Activity, Science, Hi5",TRUE,Title,Default Title,6901234568165,6901234568165,200,,deny,manual,24.0,TRUE,TRUE,active
dig-discover-dinosaurs,Dig&discover Dinosaurs,"<p>Dig&discover Dinosaurs by Hi5. Available at Tiny Inks, Abu Dhabi.</p><p>Delivery across Abu Dhabi in 1–2 business days and the rest of the UAE in 2–4. Free gift wrap on every order.</p>",Hi5,Learning & Activity,"Learning & Activity, Activity, Hi5",TRUE,Title,Default Title,9781865152059,9781865152059,200,,deny,manual,45.0,TRUE,TRUE,active
zap-build-your-own-super-rockets,Zap Build Your Own Super Rockets,"<p>Zap Build Your Own Super Rockets by Hi5. Available at Tiny Inks, Abu Dhabi.</p><p>Delivery across Abu Dhabi in 1–2 business days and the rest of the UAE in 2–4. Free gift wrap on every order.</p>",Hi5,Learning & Activity,"Learning & Activity, Activity, Hi5",TRUE,Title,Default Title,9781488916267,9781488916267,200,,deny,manual,50.0,TRUE,TRUE,active
fidget-toy-creation-lab,Fidget Toy Creation Lab,"<p>Fidget Toy Creation Lab by Hi5. Available at Tiny Inks, Abu Dhabi.</p><p>Delivery across Abu Dhabi in 1–2 business days and the rest of the UAE in 2–4. Free gift wrap on every order.</p>",Hi5,Learning & Activity,"Learning & Activity, Activity, Hi5",TRUE,Title,Default Title,9781488956188,9781488956188,200,,deny,manual,55.0,TRUE,TRUE,active
crystal-growing-kit,Crystal Growing Kit,"<p>Crystal Growing Kit by Hi5. Available at Tiny Inks, Abu Dhabi.</p><p>Delivery across Abu Dhabi in 1–2 business days and the rest of the UAE in 2–4. Free gift wrap on every order.</p>",Hi5,Learning & Activity,"Learning & Activity, Activity, Hi5",TRUE,Title,Default Title,9781488920158,9781488920158,200,,deny,manual,85.0,TRUE,TRUE,active
zap-bouncy-balls,Zap Bouncy Balls,"<p>Zap Bouncy Balls by Hi5. Available at Tiny Inks, Abu Dhabi.</p><p>Delivery across Abu Dhabi in 1–2 business days and the rest of the UAE in 2–4. Free gift wrap on every order.</p>",Hi5,Learning & Activity,"Learning & Activity, Activity, Hi5",TRUE,Title,Default Title,9781488913990,9781488913990,200,,deny,manual,55.0,TRUE,TRUE,active
zap-extra-diy-putty-lab,Zap Extra Diy Putty Lab,"<p>Zap Extra Diy Putty Lab by Hi5. Available at Tiny Inks, Abu Dhabi.</p><p>Delivery across Abu Dhabi in 1–2 business days and the rest of the UAE in 2–4. Free gift wrap on every order.</p>",Hi5,Art & Craft,"Art & Craft, Activity, Hi5",TRUE,Title,Default Title,9781488920066,9781488920066,200,,deny,manual,55.0,TRUE,TRUE,active
zap-extra-crystal-world,Zap Extra Crystal World,"<p>Zap Extra Crystal World by Hi5. Available at Tiny Inks, Abu Dhabi.</p><p>Delivery across Abu Dhabi in 1–2 business days and the rest of the UAE in 2–4. Free gift wrap on every order.</p>",Hi5,Learning & Activity,"Learning & Activity, Activity, Hi5",TRUE,Title,Default Title,9781488939211,9781488939211,200,,deny,manual,55.0,TRUE,TRUE,active
inkredibles-adorable-axolotls-magic-ink,Inkredibles Adorable Axolotls Magic Ink,"<p>Inkredibles Adorable Axolotls Magic Ink by Hi5. Available at Tiny Inks, Abu Dhabi.</p><p>Delivery across Abu Dhabi in 1–2 business days and the rest of the UAE in 2–4. Free gift wrap on every order.</p>",Hi5,Learning & Activity,"Learning & Activity, Activity, Hi5",TRUE,Title,Default Title,9781488931284,9781488931284,200,,deny,manual,15.0,TRUE,TRUE,active
building-blocks-puzzle-train-first-alphapet,Building Blocks Puzzle Train First Alphapet,"<p>Building Blocks Puzzle Train First Alphapet by Hi5. Available at Tiny Inks, Abu Dhabi.</p><p>Delivery across Abu Dhabi in 1–2 business days and the rest of the UAE in 2–4. Free gift wrap on every order.</p>",Hi5,Learning & Activity,"Learning & Activity, Activity, Hi5",TRUE,Title,Default Title,9781488916083,9781488916083,200,,deny,manual,45.0,TRUE,TRUE,active
building-blocks-puzzle-train-first-alphapet-2,Building Blocks Puzzle Train First Alphapet,"<p>Building Blocks Puzzle Train First Alphapet by Hi5. Available at Tiny Inks, Abu Dhabi.</p><p>Delivery across Abu Dhabi in 1–2 business days and the rest of the UAE in 2–4. Free gift wrap on every order.</p>",Hi5,Learning & Activity,"Learning & Activity, Activity, Hi5",TRUE,Title,Default Title,9781488916076,9781488916076,200,,deny,manual,45.0,TRUE,TRUE,active
zap-pom-pom-friends,ZAP! Pom-pom Friends,"<p>ZAP! Pom-pom Friends by Hi5. Available at Tiny Inks, Abu Dhabi.</p><p>Delivery across Abu Dhabi in 1–2 business days and the rest of the UAE in 2–4. Free gift wrap on every order.</p>",Hi5,Learning & Activity,"Learning & Activity, Activity, Hi5",TRUE,Title,Default Title,9781488945823,9781488945823,200,,deny,manual,45.0,TRUE,TRUE,active
pom-pom-animal-kit-panda,Pom Pom Animal Kit-panda,"<p>Pom Pom Animal Kit-panda by Hi5. Available at Tiny Inks, Abu Dhabi.</p><p>Delivery across Abu Dhabi in 1–2 business days and the rest of the UAE in 2–4. Free gift wrap on every order.</p>",Hi5,Learning & Activity,"Learning & Activity, Activity, Hi5",TRUE,Title,Default Title,6901234570472,6901234570472,200,,deny,manual,25.0,TRUE,TRUE,active
pom-pom-animal-kit-rabbit,Pom Pom Animal Kit-rabbit,"<p>Pom Pom Animal Kit-rabbit by Hi5. Available at Tiny Inks, Abu Dhabi.</p><p>Delivery across Abu Dhabi in 1–2 business days and the rest of the UAE in 2–4. Free gift wrap on every order.</p>",Hi5,Learning & Activity,"Learning & Activity, Activity, Hi5",TRUE,Title,Default Title,6901234570458,6901234570458,200,,deny,manual,25.0,TRUE,TRUE,active
pom-pom-animal-kit-alpaca,Pom Pom Animal Kit-alpaca,"<p>Pom Pom Animal Kit-alpaca by Hi5. Available at Tiny Inks, Abu Dhabi.</p><p>Delivery across Abu Dhabi in 1–2 business days and the rest of the UAE in 2–4. Free gift wrap on every order.</p>",Hi5,Learning & Activity,"Learning & Activity, Activity, Hi5",TRUE,Title,Default Title,6901234570465,6901234570465,200,,deny,manual,25.0,TRUE,TRUE,active
pom-pom-animal-kit-fox,Pom Pom Animal Kit-fox,"<p>Pom Pom Animal Kit-fox by Hi5. Available at Tiny Inks, Abu Dhabi.</p><p>Delivery across Abu Dhabi in 1–2 business days and the rest of the UAE in 2–4. Free gift wrap on every order.</p>",Hi5,Learning & Activity,"Learning & Activity, Activity, Hi5",TRUE,Title,Default Title,6901234570489,6901234570489,200,,deny,manual,25.0,TRUE,TRUE,active
african-adventure-colouring-activity-set,African Adventure Colouring & Activity Set,"<p>African Adventure Colouring & Activity Set by Hi5. Available at Tiny Inks, Abu Dhabi.</p><p>Delivery across Abu Dhabi in 1–2 business days and the rest of the UAE in 2–4. Free gift wrap on every order.</p>",Hi5,Learning & Activity,"Learning & Activity, Activity, Hi5",TRUE,Title,Default Title,9780794445171,9780794445171,200,,deny,manual,24.0,TRUE,TRUE,active
discover-the-dinosaurs-colouring-activity-set,Discover the Dinosaurs Colouring & Activity Set,"<p>Discover the Dinosaurs Colouring & Activity Set by Hi5. Available at Tiny Inks, Abu Dhabi.</p><p>Delivery across Abu Dhabi in 1–2 business days and the rest of the UAE in 2–4. Free gift wrap on every order.</p>",Hi5,Learning & Activity,"Learning & Activity, Activity, Hi5",TRUE,Title,Default Title,9781488923135,9781488923135,200,,deny,manual,24.0,TRUE,TRUE,active
the-very-hungry-caterpiller-activity-set,The Very Hungry Caterpiller & Activity Set,"<p>The Very Hungry Caterpiller & Activity Set by Hi5. Available at Tiny Inks, Abu Dhabi.</p><p>Delivery across Abu Dhabi in 1–2 business days and the rest of the UAE in 2–4. Free gift wrap on every order.</p>",Hi5,Learning & Activity,"Learning & Activity, Activity, Hi5",TRUE,Title,Default Title,9781488954009,9781488954009,200,,deny,manual,24.0,TRUE,TRUE,active
the-very-hungry-caterpiller-finger-prints,The Very Hungry Caterpiller Finger Prints,"<p>The Very Hungry Caterpiller Finger Prints by Hi5. Available at Tiny Inks, Abu Dhabi.</p><p>Delivery across Abu Dhabi in 1–2 business days and the rest of the UAE in 2–4. Free gift wrap on every order.</p>",Hi5,Learning & Activity,"Learning & Activity, Activity, Hi5",TRUE,Title,Default Title,9781488954498,9781488954498,200,,deny,manual,23.0,TRUE,TRUE,active
under-the-sea-finger-prints,Under the Sea Finger Prints,"<p>Under the Sea Finger Prints by Hi5. Available at Tiny Inks, Abu Dhabi.</p><p>Delivery across Abu Dhabi in 1–2 business days and the rest of the UAE in 2–4. Free gift wrap on every order.</p>",Hi5,Learning & Activity,"Learning & Activity, Activity, Hi5",TRUE,Title,Default Title,9781488959622,9781488959622,200,,deny,manual,23.0,TRUE,TRUE,active
on-the-farm-finger-prints,On the Farm Finger Prints,"<p>On the Farm Finger Prints by Hi6. Available at Tiny Inks, Abu Dhabi.</p><p>Delivery across Abu Dhabi in 1–2 business days and the rest of the UAE in 2–4. Free gift wrap on every order.</p>",Hi6,Learning & Activity,"Learning & Activity, Activity, Hi6",TRUE,Title,Default Title,9781488913600,9781488913600,200,,deny,manual,23.0,TRUE,TRUE,active
magical-rainbowland-finger-prints,Magical Rainbowland Finger Prints,"<p>Magical Rainbowland Finger Prints by Hi7. Available at Tiny Inks, Abu Dhabi.</p><p>Delivery across Abu Dhabi in 1–2 business days and the rest of the UAE in 2–4. Free gift wrap on every order.</p>",Hi7,Learning & Activity,"Learning & Activity, Activity, Hi7",TRUE,Title,Default Title,9781488947896,9781488947896,200,,deny,manual,23.0,TRUE,TRUE,active
adorable-axolotls-colouring-activity-set,Adorable Axolotls Colouring & Activity Set,"<p>Adorable Axolotls Colouring & Activity Set by Hi5. Available at Tiny Inks, Abu Dhabi.</p><p>Delivery across Abu Dhabi in 1–2 business days and the rest of the UAE in 2–4. Free gift wrap on every order.</p>",Hi5,Learning & Activity,"Learning & Activity, Activity, Hi5",TRUE,Title,Default Title,9781488952296,9781488952296,200,,deny,manual,20.0,TRUE,TRUE,active
zap-kawaii-rock-painting-kiy,Zap Kawaii Rock Painting Kiy,"<p>Zap Kawaii Rock Painting Kiy by Hi5. Available at Tiny Inks, Abu Dhabi.</p><p>Delivery across Abu Dhabi in 1–2 business days and the rest of the UAE in 2–4. Free gift wrap on every order.</p>",Hi5,Art & Craft,"Art & Craft, Activity, Hi5",TRUE,Title,Default Title,9781488918612,9781488918612,200,,deny,manual,48.0,TRUE,TRUE,active
zap-frienship-bracelet,Zap Frienship Bracelet,"<p>Zap Frienship Bracelet by Hi5. Available at Tiny Inks, Abu Dhabi.</p><p>Delivery across Abu Dhabi in 1–2 business days and the rest of the UAE in 2–4. Free gift wrap on every order.</p>",Hi5,Learning & Activity,"Learning & Activity, Activity, Hi5",TRUE,Title,Default Title,9781488945830,9781488945830,200,,deny,manual,40.0,TRUE,TRUE,active
my-roar-some-dinosaurs-puzzle-activity-book,My Roar-some Dinosaurs Puzzle & Activity Book,"<p>My Roar-some Dinosaurs Puzzle & Activity Book by Hi5. Available at Tiny Inks, Abu Dhabi.</p><p>Delivery across Abu Dhabi in 1–2 business days and the rest of the UAE in 2–4. Free gift wrap on every order.</p>",Hi5,Learning & Activity,"Learning & Activity, Activity, Hi5",TRUE,Title,Default Title,9781865155852,9781865155852,200,,deny,manual,16.0,TRUE,TRUE,active
craft-maker-cross-stitch-kit,Craft Maker Cross-stitch Kit,"<p>Craft Maker Cross-stitch Kit by Hi5. Available at Tiny Inks, Abu Dhabi.</p><p>Delivery across Abu Dhabi in 1–2 business days and the rest of the UAE in 2–4. Free gift wrap on every order.</p>",Hi5,Art & Craft,"Art & Craft, Activity, Hi5",TRUE,Title,Default Title,9354537006570,9354537006570,200,,deny,manual,42.0,TRUE,TRUE,active
incredible-but-true-bugs-insects,Incredible But True Bugs&insects,"<p>Incredible But True Bugs&insects by Hi5. Available at Tiny Inks, Abu Dhabi.</p><p>Delivery across Abu Dhabi in 1–2 business days and the rest of the UAE in 2–4. Free gift wrap on every order.</p>",Hi5,Notebooks & Books,"Notebooks & Books, Books, Hi5",TRUE,Title,Default Title,9781488952234,9781488952234,200,,deny,manual,48.0,TRUE,TRUE,active
incredible-but-true-space,Incredible But True : Space,"<p>Incredible But True : Space by Hi5. Available at Tiny Inks, Abu Dhabi.</p><p>Delivery across Abu Dhabi in 1–2 business days and the rest of the UAE in 2–4. Free gift wrap on every order.</p>",Hi5,Notebooks & Books,"Notebooks & Books, Books, Hi5",TRUE,Title,Default Title,9781488913679,9781488913679,200,,deny,manual,48.0,TRUE,TRUE,active
incredible-but-true-animals,Incredible But True : Animals,"<p>Incredible But True : Animals by Hi5. Available at Tiny Inks, Abu Dhabi.</p><p>Delivery across Abu Dhabi in 1–2 business days and the rest of the UAE in 2–4. Free gift wrap on every order.</p>",Hi5,Notebooks & Books,"Notebooks & Books, Books, Hi5",TRUE,Title,Default Title,9781488913679,9781488913679,200,,deny,manual,48.0,TRUE,TRUE,active
incredible-but-true-dinasours,Incredible But True : Dinasours,"<p>Incredible But True : Dinasours by Hi5. Available at Tiny Inks, Abu Dhabi.</p><p>Delivery across Abu Dhabi in 1–2 business days and the rest of the UAE in 2–4. Free gift wrap on every order.</p>",Hi5,Notebooks & Books,"Notebooks & Books, Books, Hi5",TRUE,Title,Default Title,9781488913655,9781488913655,200,,deny,manual,48.0,TRUE,TRUE,active
naruto-gift-box,Naruto Gift Box,"<p>Naruto Gift Box by Hi5. Available at Tiny Inks, Abu Dhabi.</p><p>Delivery across Abu Dhabi in 1–2 business days and the rest of the UAE in 2–4. Free gift wrap on every order.</p>",Hi5,Art & Craft,"Art & Craft, Figurine, Hi5",TRUE,Title,Default Title,8412906903491,8412906903491,200,,deny,manual,90.0,TRUE,TRUE,active
preschool,Preschool,"<p>Preschool by Hi5. Available at Tiny Inks, Abu Dhabi.</p><p>Delivery across Abu Dhabi in 1–2 business days and the rest of the UAE in 2–4. Free gift wrap on every order.</p>",Hi5,Notebooks & Books,"Notebooks & Books, Books, Hi5",TRUE,Title,Default Title,9781488945205,9781488945205,200,,deny,manual,20.0,TRUE,TRUE,active
preschool-2,Preschool,"<p>Preschool by Hi5. Available at Tiny Inks, Abu Dhabi.</p><p>Delivery across Abu Dhabi in 1–2 business days and the rest of the UAE in 2–4. Free gift wrap on every order.</p>",Hi5,Notebooks & Books,"Notebooks & Books, Books, Hi5",TRUE,Title,Default Title,9781488945212,9781488945212,200,,deny,manual,20.0,TRUE,TRUE,active
preschool-3,Preschool,"<p>Preschool by Hi5. Available at Tiny Inks, Abu Dhabi.</p><p>Delivery across Abu Dhabi in 1–2 business days and the rest of the UAE in 2–4. Free gift wrap on every order.</p>",Hi5,Notebooks & Books,"Notebooks & Books, Books, Hi5",TRUE,Title,Default Title,9781488924095,9781488924095,200,,deny,manual,20.0,TRUE,TRUE,active
preschool-4,Preschool,"<p>Preschool by Hi5. Available at Tiny Inks, Abu Dhabi.</p><p>Delivery across Abu Dhabi in 1–2 business days and the rest of the UAE in 2–4. Free gift wrap on every order.</p>",Hi5,Notebooks & Books,"Notebooks & Books, Books, Hi5",TRUE,Title,Default Title,9781488924095,9781488924095,200,,deny,manual,20.0,TRUE,TRUE,active
preschool-5,Preschool,"<p>Preschool by Hi5. Available at Tiny Inks, Abu Dhabi.</p><p>Delivery across Abu Dhabi in 1–2 business days and the rest of the UAE in 2–4. Free gift wrap on every order.</p>",Hi5,Notebooks & Books,"Notebooks & Books, Books, Hi5",TRUE,Title,Default Title,9781488945229,9781488945229,200,,deny,manual,20.0,TRUE,TRUE,active
preschool-6,Preschool,"<p>Preschool by Hi5. Available at Tiny Inks, Abu Dhabi.</p><p>Delivery across Abu Dhabi in 1–2 business days and the rest of the UAE in 2–4. Free gift wrap on every order.</p>",Hi5,Notebooks & Books,"Notebooks & Books, Books, Hi5",TRUE,Title,Default Title,9781488945199,9781488945199,200,,deny,manual,20.0,TRUE,TRUE,active
how-viruses-work,How Viruses Work?,"<p>How Viruses Work? by Hi5. Available at Tiny Inks, Abu Dhabi.</p><p>Delivery across Abu Dhabi in 1–2 business days and the rest of the UAE in 2–4. Free gift wrap on every order.</p>",Hi5,Learning & Activity,"Learning & Activity, Science, Hi5",TRUE,Title,Default Title,5291664009668,5291664009668,200,,deny,manual,65.0,TRUE,TRUE,active
how-buoyancy-works,How Buoyancy Works,"<p>How Buoyancy Works by Hi5. Available at Tiny Inks, Abu Dhabi.</p><p>Delivery across Abu Dhabi in 1–2 business days and the rest of the UAE in 2–4. Free gift wrap on every order.</p>",Hi5,Learning & Activity,"Learning & Activity, Science, Hi5",TRUE,Title,Default Title,5291664017007,5291664017007,200,,deny,manual,65.0,TRUE,TRUE,active
how-inertia-works,How Inertia Works,"<p>How Inertia Works by Hi5. Available at Tiny Inks, Abu Dhabi.</p><p>Delivery across Abu Dhabi in 1–2 business days and the rest of the UAE in 2–4. Free gift wrap on every order.</p>",Hi5,Learning & Activity,"Learning & Activity, Science, Hi5",TRUE,Title,Default Title,5291664017014,5291664017014,200,,deny,manual,65.0,TRUE,TRUE,active
bandit-ball-and-color-vision,Bandit Ball and Color Vision,"<p>Bandit Ball and Color Vision by Magic. Available at Tiny Inks, Abu Dhabi.</p><p>Delivery across Abu Dhabi in 1–2 business days and the rest of the UAE in 2–4. Free gift wrap on every order.</p>",Magic,Learning & Activity,"Learning & Activity, Magic, Magic",TRUE,Title,Default Title,6932547928964,6932547928964,200,,deny,manual,7.0,TRUE,TRUE,active
card-tricks,Card Tricks,"<p>Card Tricks by Magic. Available at Tiny Inks, Abu Dhabi.</p><p>Delivery across Abu Dhabi in 1–2 business days and the rest of the UAE in 2–4. Free gift wrap on every order.</p>",Magic,Learning & Activity,"Learning & Activity, Magic, Magic",TRUE,Title,Default Title,6932547928964,6932547928964,200,,deny,manual,7.0,TRUE,TRUE,active
color-blook-escape,Color Blook Escape,"<p>Color Blook Escape by Magic. Available at Tiny Inks, Abu Dhabi.</p><p>Delivery across Abu Dhabi in 1–2 business days and the rest of the UAE in 2–4. Free gift wrap on every order.</p>",Magic,Learning & Activity,"Learning & Activity, Magic, Magic",TRUE,Title,Default Title,6932547928964,6932547928964,200,,deny,manual,7.0,TRUE,TRUE,active
